Agency,City,Vehicles Involved,Trailers Involved,Number Injured,Number Dead,Number Deer,House Number,Roadway Interchange,Roadway Ramp,Roadway Id,Intersecting Road,Interchange,Feet From,Direction,Latitude,Longitude,Roadway Class,Hit and Run?,Locality,School Zone?,Rumble Strips?,Construction?,Construction Type,Light Condition,Weather Conditions,Surface Condition,Type of Median,Roadway Junction Type,Road Character,Roadway Surface,Primary Factor,Manner of Collision,Unique Location Id,Traffic Control,DateTime
INDIANA UNIV BLOOMINGTON PD,BLOOMINGTON,1,0.0,0.0,0.0,0.0,,,,SR 45/46,,,,,39.183152,-86.511696,STATE ROAD,N,URBAN,N,Y,N,,DAYLIGHT,CLEAR,SNOW/SLUSH,,NO JUNCTION INVOLVED,STRAIGHT/LEVEL,ASPHALT,SPEED TOO FAST FOR WEATHER CONDITIONS,RAN OFF ROAD,NJORDANAVESR46,LANE CONTROL,2019-01-20 14:02:00
MONROE SD,BLOOMINGTON,2,0.0,1.0,0.0,0.0,1617.0,,,W HENNESSEY,,,,,39.12532,-86.55448,LOCAL/CITY ROAD,N,URBAN,N,N,N,,DARK (LIGHTED),SNOW,SNOW/SLUSH,,NO JUNCTION INVOLVED,CURVE/LEVEL,ASPHALT,SPEED TOO FAST FOR WEATHER CONDITIONS,RIGHT ANGLE,WHENNESSEYST,NONE,2019-01-20 23:21:00
MONROE SD,BLOOMINGTON,2,0.0,0.0,0.0,0.0,,,,W TAPP,I-69,,,,0.0,0.0,COUNTY ROAD,N,RURAL,N,N,N,,DAYLIGHT,CLOUDY,SNOW/SLUSH,,TRAFFIC CIRCLE/ROUNDABOUT,STRAIGHT/GRADE,ASPHALT,FOLLOWING TOO CLOSELY,REAR END,I69STAPPRD,ROUNDABOUT INTERSECTION,2019-01-21 16:46:00
INDIANA UNIV BLOOMINGTON PD,BLOOMINGTON,2,0.0,0.0,0.0,0.0,,,,S JORDAN,E 3RD ST,,,,39.164315,-86.51655,LOCAL/CITY ROAD,N,URBAN,N,N,N,,DARK (LIGHTED),CLEAR,DRY,,FOUR-WAY INTERSECTION,STRAIGHT/LEVEL,ASPHALT,FOLLOWING TOO CLOSELY,REAR END,JORDANAVETHIRDST,TRAFFIC CONTROL SIGNAL,2019-01-21 18:00:00
INDIANA UNIV BLOOMINGTON PD,BLOOMINGTON,2,0.0,0.0,0.0,0.0,,,,SR 45/46,N RANGE RD,,100.0,S,39.15705974,-86.500115,STATE ROAD,N,URBAN,N,N,N,,DAYLIGHT,SNOW,SNOW/SLUSH,,NO JUNCTION INVOLVED,STRAIGHT/GRADE,ASPHALT,FOLLOWING TOO CLOSELY,REAR END,RANGERDSR46N,NONE,2019-01-21 13:20:00
MONROE SD,BLOOMINGTON,2,0.0,0.0,0.0,0.0,,,,SR 46,E KINGS RD,,,,39.16664,-86.454992,STATE ROAD,N,RURAL,N,N,N,,DAYLIGHT,CLEAR,WET,,T-INTERSECTION,STRAIGHT/LEVEL,ASPHALT,FOLLOWING TOO CLOSELY,REAR END,EKINGSRDSR46E,LANE CONTROL,2019-01-21 14:29:00
ELLETTSVILLE PD,ELLETTSVILLE,2,0.0,0.0,0.0,0.0,,,,N SALE,SR 46,,,,39.23384,-86.624704,LOCAL/CITY ROAD,N,URBAN,N,N,N,,DAYLIGHT,CLEAR,SNOW/SLUSH,,NO JUNCTION INVOLVED,STRAIGHT/LEVEL,ASPHALT,FAILURE TO YIELD RIGHT OF WAY,OTHER - EXPLAIN IN NARRATIVE,SALESTTEMPERANCEST,TRAFFIC CONTROL SIGNAL,2019-01-21 10:22:00
MONROE SD,BLOOMINGTON,1,0.0,0.0,0.0,0.0,,,,E BETHEL,N HINKLE RD,,1550.0,E,0.0,0.0,COUNTY ROAD,N,RURAL,N,N,N,,DAYLIGHT,CLEAR,SNOW/SLUSH,,NO JUNCTION INVOLVED,CURVE/GRADE,ASPHALT,UNSAFE SPEED,RAN OFF ROAD,BETHELRDHINKLEST,NO PASSING ZONE,2019-01-21 15:41:00
ISP BLOOMINGTON 33,BLOOMINGTON,1,0.0,0.0,0.0,0.0,,,,E BOLTINGHOUSE,E EARL YOUNG RD,,1000.0,W,39.23031,-86.47329352,COUNTY ROAD,N,RURAL,N,N,N,,DAYLIGHT,CLEAR,ICE,,NO JUNCTION INVOLVED,STRAIGHT/LEVEL,ASPHALT,RAN OFF ROAD RIGHT,RAN OFF ROAD,EASTBOLTINGHOUSERDEASTEARLYOUGRD,NONE,2019-01-21 12:30:00
BLOOMINGTON PD,BLOOMINGTON,1,0.0,0.0,0.0,0.0,,,,I-69,,,500.0,S,39.1927708,-86.5546017,STATE ROAD,N,URBAN,N,Y,N,,DAYLIGHT,CLEAR,ICE,,NO JUNCTION INVOLVED,STRAIGHT/LEVEL,ASPHALT,ROADWAY SURFACE CONDITION,COLLISION WITH OBJECT IN ROAD,SR37SSR46W,NONE,2019-01-21 14:50:00
ISP BLOOMINGTON 33,BLOOMINGTON,1,0.0,0.0,0.0,0.0,,,,I-69 N,,,,,0.0,0.0,INTERSTATE,N,RURAL,N,N,N,,DAYLIGHT,CLEAR,SNOW/SLUSH,,NO JUNCTION INVOLVED,CURVE/GRADE,ASPHALT,SPEED TOO FAST FOR WEATHER CONDITIONS,RAN OFF ROAD,I69110.5,LANE CONTROL,2019-01-21 12:45:00
ISP BLOOMINGTON 33,BLOOMINGTON,1,0.0,0.0,0.0,0.0,,,,I-69 N,,,,,0.0,0.0,INTERSTATE,N,RURAL,N,N,N,,DAYLIGHT,CLEAR,SNOW/SLUSH,,NO JUNCTION INVOLVED,CURVE/GRADE,ASPHALT,SPEED TOO FAST FOR WEATHER CONDITIONS,RAN OFF ROAD,I69113.0,LANE CONTROL,2019-01-21 13:38:00
MONROE SD,ELLETTSVILLE,1,0.0,0.0,0.0,0.0,,,,N MT TABOR,W ALFRED LN,,500.0,S,39.23607969,-86.62537,COUNTY ROAD,N,RURAL,N,N,N,,DAYLIGHT,CLEAR,ICE,,NO JUNCTION INVOLVED,CURVE/GRADE,ASPHALT,RAN OFF ROAD RIGHT,RAN OFF ROAD,NMOUNTTABORRDWALFREDLN,NO PASSING ZONE,2019-01-21 10:42:00
MONROE SD,BLOOMINGTON,2,0.0,0.0,0.0,0.0,,,,S CURRY,W BROADWAY AVE,,50.0,S,39.16584,-86.582992,LOCAL/CITY ROAD,N,URBAN,N,N,N,,DAYLIGHT,CLEAR,SNOW/SLUSH,,NO JUNCTION INVOLVED,STRAIGHT/LEVEL,ASPHALT,OTHER (DRIVER) - EXPLAIN IN NARRATIVE,REAR END,SCURRYPIKEWBROADWAYAVE,STOP SIGN,2019-01-21 15:43:00
MONROE SD,BLOOMINGTON,1,0.0,0.0,0.0,0.0,,,,S OLD SR 37,,,1500.0,S,38.93463351,-86.54416,COUNTY ROAD,N,RURAL,N,N,N,,DARK (NOT LIGHTED),CLEAR,ICE,,NO JUNCTION INVOLVED,STRAIGHT/GRADE,ASPHALT,RAN OFF ROAD RIGHT,RAN OFF ROAD,DILLMANRDSOUTHOLDSTRD37RD,NONE,2019-01-21 06:37:00
MONROE SD,BLOOMINGTON,1,0.0,0.0,0.0,0.0,,,,S SHIELDS RIDGE,E RAMP CREEK RD,,750.0,S,39.083024,-86.472912,COUNTY ROAD,N,RURAL,N,N,N,,DAYLIGHT,CLOUDY,ICE,,NO JUNCTION INVOLVED,CURVE/GRADE,ASPHALT,SPEED TOO FAST FOR WEATHER CONDITIONS,RAN OFF ROAD,RAMPCREEKRDSHIELDSRIDGERD,NONE,2019-01-21 17:23:00
MONROE SD,BLOOMINGTON,1,0.0,0.0,0.0,0.0,,,,S WALNUT,,,1000.0,S,39.092944,-86.544,LOCAL/CITY ROAD,N,RURAL,N,N,N,,DARK (NOT LIGHTED),CLEAR,ICE,,NO JUNCTION INVOLVED,STRAIGHT/GRADE,ASPHALT,RAN OFF ROAD RIGHT,RAN OFF ROAD,EDILLMANRDSOLDSR37RD,NO PASSING ZONE,2019-01-21 23:56:00
MONROE SD,BLOOMINGTON,1,0.0,0.0,0.0,0.0,,,,W FULLERTON,S SIMS DR,,,,39.12311,-86.57821,COUNTY ROAD,N,RURAL,N,N,N,,DAYLIGHT,CLEAR,SNOW/SLUSH,,NO JUNCTION INVOLVED,STRAIGHT/LEVEL,ASPHALT,RAN OFF ROAD RIGHT,RAN OFF ROAD,FULLERTONPIKESIMSLN,NONE,2019-01-21 16:53:00
MONROE SD,BLOOMINGTON,2,0.0,0.0,0.0,0.0,,,,W LEONARD SPRINGS,W FULLERTON PIKE,,,,39.123405,-86.582375,COUNTY ROAD,N,RURAL,N,N,N,,DAWN/DUSK,CLOUDY,ICE,,NO JUNCTION INVOLVED,CURVE/GRADE,ASPHALT,FAILURE TO YIELD RIGHT OF WAY,OPPOSITE DIRECTION SIDESWIPE,FULLERTONPIKELEONARDSPRINGSRD,NONE,2019-01-21 07:00:00
BLOOMINGTON PD,BLOOMINGTON,2,0.0,0.0,0.0,0.0,,,,W OLD SR 37,CASCADES PARK TRAIL,,,,0.0,0.0,STATE ROAD,N,URBAN,N,N,N,,DAYLIGHT,CLEAR,SNOW/SLUSH,,NO JUNCTION INVOLVED,STRAIGHT/LEVEL,ASPHALT,LEFT OF CENTER,OPPOSITE DIRECTION SIDESWIPE,CASCADEPARKTRLSR37N,TRAFFIC CONTROL SIGNAL,2019-01-21 11:43:00
MONROE SD,BLOOMINGTON,1,0.0,0.0,0.0,0.0,,,,W TAPP,S RAYLE PL,,,,39.13704,-86.577504,LOCAL/CITY ROAD,N,RURAL,N,N,N,,DARK (NOT LIGHTED),SNOW,SNOW/SLUSH,,NO JUNCTION INVOLVED,STRAIGHT/GRADE,ASPHALT,RAN OFF ROAD RIGHT,RAN OFF ROAD,SRAYLEPLWTAPPRD,LANE CONTROL,2019-01-21 20:30:00
MONROE SD,BLOOMINGTON,1,0.0,0.0,0.0,0.0,,,,W TAPP,S RAYLE PL,,,,39.13704,-86.577504,COUNTY ROAD,N,URBAN,N,N,N,,DARK (NOT LIGHTED),CLEAR,SNOW/SLUSH,,T-INTERSECTION,STRAIGHT/GRADE,ASPHALT,RAN OFF ROAD RIGHT,RAN OFF ROAD,RAYLEPLTAPPRD,NONE,2019-01-21 20:59:00
INDIANA UNIV BLOOMINGTON PD,BLOOMINGTON,2,0.0,0.0,0.0,0.0,,,,SR 45,SR 45/46,,,,39.176848,-86.478192,LOCAL/CITY ROAD,N,URBAN,N,N,N,,DARK (NOT LIGHTED),CLEAR,WET,,FOUR-WAY INTERSECTION,STRAIGHT/GRADE,ASPHALT,FOLLOWING TOO CLOSELY,REAR END,SR45/46BYPASS10THSTREET,TRAFFIC CONTROL SIGNAL,2019-01-22 18:40:00
BLOOMINGTON PD,BLOOMINGTON,2,0.0,0.0,0.0,0.0,,,,S ROGERS,W KIRKWOOD AVE,,100.0,W,39.166672,-86.538608,LOCAL/CITY ROAD,N,URBAN,N,N,N,,DAWN/DUSK,SNOW,WET,,T-INTERSECTION,STRAIGHT/LEVEL,ASPHALT,FAILURE TO YIELD RIGHT OF WAY,LEFT TURN,SROGERSSTWKIRKWOODRD,NONE,2019-01-22 18:32:00
ISP BLOOMINGTON 33,BLOOMINGTON,1,0.0,0.0,0.0,0.0,,,,E SMITHVILLE,SR 37,,,,39.16424,-86.480688,COUNTY ROAD,N,RURAL,N,N,N,,DAYLIGHT,CLOUDY,ICE,,FOUR-WAY INTERSECTION,STRAIGHT/GRADE,ASPHALT,SPEED TOO FAST FOR WEATHER CONDITIONS,RAN OFF ROAD,SMITHVILLERDSR37,STOP SIGN,2019-01-22 08:15:00
ISP BLOOMINGTON 33,BLOOMINGTON,2,0.0,0.0,0.0,0.0,,,,S VICTOR,SR 37,,,,0.0,0.0,COUNTY ROAD,N,RURAL,N,N,N,,DAYLIGHT,CLOUDY,SNOW/SLUSH,,FOUR-WAY INTERSECTION,STRAIGHT/LEVEL,ASPHALT,UNSAFE BACKING,BACKING CRASH,SR37VICTORPIKE,TRAFFIC CONTROL SIGNAL,2019-01-22 09:45:00
BLOOMINGTON PD,BLOOMINGTON,2,0.0,4.0,0.0,0.0,,,,W ALLEN,S ADAMS ST,,250.0,E,39.15586,-86.55057163,LOCAL/CITY ROAD,N,URBAN,N,N,N,,DAYLIGHT,CLEAR,WET,,NO JUNCTION INVOLVED,STRAIGHT/GRADE,ASPHALT,LEFT OF CENTER,HEAD ON BETWEEN TWO MOTOR VEHICLES,ADAMSSTALLENST,NONE,2019-01-22 17:26:00
MONROE SD,BLOOMINGTON,2,0.0,0.0,0.0,0.0,,,,E FLEENER,N LOWER BIRDIE GALYAN RD,,500.0,E,0.0,0.0,COUNTY ROAD,N,RURAL,N,N,N,,DAYLIGHT,CLEAR,LOOSE MATERIAL ON ROAD,,NO JUNCTION INVOLVED,CURVE/GRADE,ASPHALT,LEFT OF CENTER,OPPOSITE DIRECTION SIDESWIPE,EFLEENERRDNLOWERBIRDIEGALYANRD,NONE,2019-01-22 09:38:00
ISP BLOOMINGTON 33,BLOOMINGTON,2,1.0,0.0,0.0,0.0,,,,I-69 S,,,50.0,N,0.0,0.0,INTERSTATE,N,RURAL,N,N,Y,LANE CLOSURE,DAYLIGHT,CLOUDY,DRY,,NO JUNCTION INVOLVED,STRAIGHT/LEVEL,ASPHALT,UNSAFE LANE MOVEMENT,SAME DIRECTION SIDESWIPE,I69128.6,LANE CONTROL,2019-01-22 07:40:00
MONROE SD,BLOOMINGTON,2,0.0,0.0,0.0,0.0,,,,N PROFILE,W ZENITH DR,,,,39.17048,-86.59237,COUNTY ROAD,N,URBAN,N,N,N,,DARK (NOT LIGHTED),CLOUDY,ICE,,T-INTERSECTION,STRAIGHT/LEVEL,ASPHALT,SPEED TOO FAST FOR WEATHER CONDITIONS,REAR END,PROFILEPKWYZENITHDR,STOP SIGN,2019-01-22 05:58:00
ISP BLOOMINGTON 33,BLOOMINGTON,1,0.0,0.0,0.0,0.0,,,,S KETCHUM,W THRASHER RD,,200.0,S,38.9999941,-86.57440067,COUNTY ROAD,N,RURAL,N,N,N,,DAYLIGHT,CLOUDY,SNOW/SLUSH,,NO JUNCTION INVOLVED,STRAIGHT/LEVEL,ASPHALT,SPEED TOO FAST FOR WEATHER CONDITIONS,RAN OFF ROAD,KETCHUMRDTHRASHERRD,LANE CONTROL,2019-01-22 10:20:00
BLOOMINGTON PD,BLOOMINGTON,1,0.0,1.0,0.0,0.0,,,,S ROGERS,W 1ST ST,,,,39.159504,-86.538592,LOCAL/CITY ROAD,N,URBAN,N,N,N,,DAYLIGHT,CLOUDY,WET,,FOUR-WAY INTERSECTION,STRAIGHT/LEVEL,ASPHALT,RAN OFF ROAD RIGHT,RAN OFF ROAD,SOUTHROGERSSTWEST1STST,STOP SIGN,2019-01-22 15:20:00
ISP BLOOMINGTON 33,BLOOMINGTON,1,0.0,0.0,0.0,0.0,,,,S WALNUT,E EMPIRE MILL RD,,200.0,N,39.08624,-86.542,COUNTY ROAD,N,RURAL,N,N,N,,DAYLIGHT,CLOUDY,SNOW/SLUSH,,NO JUNCTION INVOLVED,STRAIGHT/GRADE,ASPHALT,SPEED TOO FAST FOR WEATHER CONDITIONS,RAN OFF ROAD,EMPIREMILLRDOLDSR37HWY,LANE CONTROL,2019-01-22 08:58:00
INDIANA UNIV BLOOMINGTON PD,BLOOMINGTON,2,0.0,0.0,0.0,0.0,,,,SR 45/46,E 10TH ST,,703.0,N,39.24094212,-86.46258,STATE ROAD,N,URBAN,N,N,N,,DAWN/DUSK,CLEAR,DRY,,FOUR-WAY INTERSECTION,STRAIGHT/LEVEL,ASPHALT,FOLLOWING TOO CLOSELY,REAR END,SR46UNIONVILLERD,NONE,2019-01-23 17:45:00
BLOOMINGTON PD,BLOOMINGTON,2,0.0,0.0,0.0,0.0,,,,SR 45/46,N COLLEGE AVE,,100.0,W,39.186352,-86.534704,STATE ROAD,N,URBAN,N,N,N,,DAYLIGHT,RAIN,WET,,NO JUNCTION INVOLVED,STRAIGHT/LEVEL,ASPHALT,FOLLOWING TOO CLOSELY,REAR END,COLLEGEAVESR4546E,LANE CONTROL,2019-01-23 09:05:00
BLOOMINGTON PD,BLOOMINGTON,2,0.0,0.0,0.0,0.0,,,,KINGSTON DR S,SR 46,,300.0,S,39.13248699,-86.49304,LOCAL/CITY ROAD,N,URBAN,N,N,N,,DAWN/DUSK,CLEAR,WET,,FOUR-WAY INTERSECTION,STRAIGHT/LEVEL,ASPHALT,FAILURE TO YIELD RIGHT OF WAY,RIGHT ANGLE,ETHIRDSTSKINGSTONDR,OTHER REGULATORY SIGN/MARKING,2019-01-23 17:54:00
BLOOMINGTON PD,BLOOMINGTON,2,0.0,0.0,0.0,0.0,,,,N GATES,N JACOB DR,,,,39.16562,-86.576,LOCAL/CITY ROAD,N,URBAN,N,N,N,,DAYLIGHT,RAIN,WET,,T-INTERSECTION,STRAIGHT/LEVEL,ASPHALT,FAILURE TO YIELD RIGHT OF WAY,RIGHT ANGLE,GATESDRJACOBDR,STOP SIGN,2019-01-23 09:43:00
INDIANA UNIV BLOOMINGTON PD,BLOOMINGTON,2,0.0,0.0,0.0,0.0,,,,SR 45/46,N MILO B SAMPSON LN,,,,39.18622,-86.52215,STATE ROAD,N,URBAN,N,N,N,,DARK (LIGHTED),CLOUDY,WET,,NO JUNCTION INVOLVED,STRAIGHT/LEVEL,ASPHALT,UNSAFE LANE MOVEMENT,SAME DIRECTION SIDESWIPE,NMILOBSAMPSONLNSR46,NONE,2019-01-23 18:30:00
MONROE SD,BLOOMINGTON,2,0.0,1.0,0.0,0.0,,,,W ALLEN,S ADAMS ST,,,,39.155952,-86.550592,LOCAL/CITY ROAD,N,URBAN,N,N,N,,DARK (NOT LIGHTED),RAIN,WET,,FOUR-WAY INTERSECTION,STRAIGHT/GRADE,ASPHALT,FAILURE TO YIELD RIGHT OF WAY,SAME DIRECTION SIDESWIPE,SADAMSSTWALLENST,STOP SIGN,2019-01-23 07:20:00
BLOOMINGTON PD,BLOOMINGTON,2,0.0,1.0,0.0,0.0,,,,N KINSER,W VAUGHN CLIPP WAY,,,,0.0,0.0,LOCAL/CITY ROAD,N,URBAN,N,N,N,,DAYLIGHT,RAIN,WET,,FOUR-WAY INTERSECTION,STRAIGHT/GRADE,ASPHALT,FOLLOWING TOO CLOSELY,REAR END,NKINSERPIKEVAUGHNCLIPWAY,LANE CONTROL,2019-01-23 09:18:00
BLOOMINGTON PD,BLOOMINGTON,2,0.0,0.0,0.0,0.0,,,,S FRANKLIN,W 3RD ST,,,,39.164688,-86.5712,LOCAL/CITY ROAD,N,URBAN,N,N,N,,DAYLIGHT,RAIN,WET,,NO JUNCTION INVOLVED,STRAIGHT/GRADE,ASPHALT,FOLLOWING TOO CLOSELY,REAR END,FRANKLINRDW3RDST,NONE,2019-01-23 13:13:00
BLOOMINGTON PD,BLOOMINGTON,2,0.0,0.0,0.0,0.0,,,,S OLCOTT,S KINGS CT,,200.0,N,39.16180596,-86.48702,LOCAL/CITY ROAD,Y,URBAN,N,N,N,,DAWN/DUSK,RAIN,WET,,NO JUNCTION INVOLVED,CURVE/GRADE,ASPHALT,LEFT OF CENTER,OPPOSITE DIRECTION SIDESWIPE,KINGSCTOLCOTTBLVD,NONE,2019-01-23 07:40:00
BLOOMINGTON PD,BLOOMINGTON,2,0.0,0.0,0.0,0.0,,,,W 3RD,,,,,0.0,0.0,LOCAL/CITY ROAD,Y,URBAN,N,N,N,,DAYLIGHT,RAIN,WET,,FOUR-WAY INTERSECTION,STRAIGHT/LEVEL,ASPHALT,FOLLOWING TOO CLOSELY,REAR END,I69W3RDST,TRAFFIC CONTROL SIGNAL,2019-01-23 12:29:00
MONROE SD,BLOOMINGTON,2,0.0,0.0,0.0,0.0,,,,W CHURCH,S VICTOR PIKE,,,,39.10745,-86.54986,LOCAL/CITY ROAD,N,URBAN,N,N,N,,DAWN/DUSK,CLOUDY,WET,,T-INTERSECTION,STRAIGHT/HILLCREST,ASPHALT,SPEED TOO FAST FOR WEATHER CONDITIONS,REAR END,SVICTORPIKEWCHURCHLN,STOP SIGN,2019-01-23 17:14:00
MONROE SD,BLOOMINGTON,2,0.0,0.0,0.0,0.0,,,,N CURRY,W VERNAL PIKE,,,,39.179248,-86.5832,COUNTY ROAD,N,RURAL,N,N,N,,DARK (NOT LIGHTED),SLEET/HAIL/FREEZING RAIN,WET,,NO JUNCTION INVOLVED,STRAIGHT/LEVEL,ASPHALT,FAILURE TO YIELD RIGHT OF WAY,LEFT/RIGHT TURN,CURRYPIKEVERNALPIKE,TRAFFIC CONTROL SIGNAL,2019-01-24 18:31:00
BLOOMINGTON PD,BLOOMINGTON,1,0.0,1.0,0.0,0.0,,,,N COLLEGE,W 15TH ST,,,,39.17688,-86.534736,LOCAL/CITY ROAD,N,URBAN,N,N,N,,DARK (LIGHTED),CLEAR,DRY,,T-INTERSECTION,STRAIGHT/GRADE,ASPHALT,DRIVER ASLEEP OR FATIGUED,OTHER - EXPLAIN IN NARRATIVE,NCOLLEGEAVEW15THST,NONE,2019-01-24 01:21:00
BLOOMINGTON PD,BLOOMINGTON,2,0.0,0.0,0.0,0.0,,,,N WALDRON,W 6TH ST,,100.0,N,39.17820526,-86.54373,LOCAL/CITY ROAD,Y,URBAN,N,N,N,,DARK (NOT LIGHTED),CLEAR,DRY,,NO JUNCTION INVOLVED,STRAIGHT/GRADE,ASPHALT,OTHER (DRIVER) - EXPLAIN IN NARRATIVE,SAME DIRECTION SIDESWIPE,6THSTWALDRONST,NONE,2019-01-24 23:50:00
MONROE SD,BLOOMINGTON,1,0.0,0.0,0.0,0.0,,,,W HERITAGE,S CURRY PIKE,,30.0,N,39.153504,-86.58272,LOCAL/CITY ROAD,N,URBAN,N,N,N,,DAYLIGHT,CLOUDY,DRY,,T-INTERSECTION,STRAIGHT/GRADE,ASPHALT,OTHER (DRIVER) - EXPLAIN IN NARRATIVE,COLLISION WITH OBJECT IN ROAD,SCURRYPIKEWHERITAGEWAY,NONE,2019-01-24 13:43:00
BLOOMINGTON PD,BLOOMINGTON,2,0.0,1.0,0.0,0.0,,,,W TAPP,S ROCKPORT RD,,100.0,W,39.13635,-86.54874134,LOCAL/CITY ROAD,N,URBAN,N,N,N,,DARK (LIGHTED),CLEAR,WET,,NO JUNCTION INVOLVED,STRAIGHT/GRADE,ASPHALT,CELL PHONE USAGE,REAR END,SROCKPORTRDWTAPPRD,NONE,2019-01-24 19:25:00
INDIANA UNIV BLOOMINGTON PD,BLOOMINGTON,1,0.0,0.0,0.0,0.0,,,,N INDIANA,E 17TH ST,,,,39.160855,-86.52593002,LOCAL/CITY ROAD,N,URBAN,N,N,N,,DARK (NOT LIGHTED),CLEAR,DRY,,NO JUNCTION INVOLVED,STRAIGHT/LEVEL,OTHER - EXPLAIN IN NARRATIVE,IMPROPER TURNING,OTHER - EXPLAIN IN NARRATIVE,FESSAVEINDIANAAVE,LANE CONTROL,2019-01-25 18:00:00
BLOOMINGTON PD,BLOOMINGTON,2,0.0,1.0,0.0,0.0,,,,N WALNUT,W OLD SR 37,,,,39.250688,-86.529744,STATE ROAD,N,RURAL,N,N,N,,DAWN/DUSK,CLEAR,DRY,,FOUR-WAY INTERSECTION,STRAIGHT/LEVEL,ASPHALT,FOLLOWING TOO CLOSELY,REAR END,NWALNUTSTSR37N,TRAFFIC CONTROL SIGNAL,2019-01-25 18:13:00
BLOOMINGTON PD,BLOOMINGTON,2,0.0,0.0,0.0,0.0,,,,W 17TH,N WILLIS DR,,125.0,W,39.179104,-86.544016,LOCAL/CITY ROAD,N,URBAN,N,N,N,,DARK (NOT LIGHTED),CLEAR,DRY,,NO JUNCTION INVOLVED,STRAIGHT/GRADE,ASPHALT,FOLLOWING TOO CLOSELY,REAR END,NWILLISDRW17THST,NONE,2019-01-25 18:43:00
MONROE SD,BLOOMINGTON,2,0.0,0.0,0.0,0.0,,,,E BETHEL,N HINKLE RD,,,,39.212848,-86.505392,COUNTY ROAD,N,RURAL,N,N,N,,DAYLIGHT,CLEAR,DRY,,T-INTERSECTION,STRAIGHT/LEVEL,ASPHALT,FOLLOWING TOO CLOSELY,REAR END,EBETHELLNNHINKLERD,NONE,2019-01-25 15:46:00
MONROE SD,BLOOMINGTON,1,0.0,0.0,0.0,0.0,,,,N BOTTOM,,,1500.0,N,39.251728,-86.545952,LOCAL/CITY ROAD,N,RURAL,N,N,N,,DARK (NOT LIGHTED),CLEAR,ICE,,NO JUNCTION INVOLVED,STRAIGHT/LEVEL,ASPHALT,RAN OFF ROAD RIGHT,RAN OFF ROAD,NBOTTOMRDWYLIERD,NONE,2019-01-25 07:05:00
INDIANA UNIV BLOOMINGTON PD,BLOOMINGTON,1,0.0,1.0,0.0,0.0,,,,N WOODLAWN,E 7TH ST,,,,39.16864,-86.523392,,Y,URBAN,N,N,N,,DAYLIGHT,CLEAR,DRY,,FOUR-WAY INTERSECTION,STRAIGHT/LEVEL,ASPHALT,OTHER (DRIVER) - EXPLAIN IN NARRATIVE,LEFT TURN,E7THSTWOODLAWNAVE,STOP SIGN,2019-01-25 10:23:00
ISP BLOOMINGTON 33,BLOOMINGTON,3,0.0,0.0,0.0,0.0,,,,SR 45,S DUNCAN RD,,100.0,W,39.13485593,-86.59645375,STATE ROAD,N,RURAL,N,N,N,,DAYLIGHT,CLEAR,DRY,,NO JUNCTION INVOLVED,STRAIGHT/GRADE,ASPHALT,LEFT OF CENTER,OPPOSITE DIRECTION SIDESWIPE,SOUTHDUNCANRDSR45,LANE CONTROL,2019-01-25 13:15:00
BLOOMINGTON PD,BLOOMINGTON,2,0.0,1.0,0.0,0.0,,,,S COLLEGE MALL,E 3RD ST,,,,39.16424,-86.4984,LOCAL/CITY ROAD,N,URBAN,N,N,N,,DARK (LIGHTED),SNOW,SNOW/SLUSH,,FOUR-WAY INTERSECTION,STRAIGHT/LEVEL,ASPHALT,FOLLOWING TOO CLOSELY,REAR END,COLLEGEMALLRDE3RDST,TRAFFIC CONTROL SIGNAL,2019-01-26 20:00:00
BLOOMINGTON PD,BLOOMINGTON,2,0.0,0.0,0.0,0.0,,,,N COLLEGE,W KIRKWOOD AVE,,,,39.16664,-86.5348,LOCAL/CITY ROAD,Y,URBAN,N,N,N,,DAYLIGHT,BLOWING SAND/SOIL/SNOW,SNOW/SLUSH,,T-INTERSECTION,STRAIGHT/GRADE,ASPHALT,UNSAFE LANE MOVEMENT,SAME DIRECTION SIDESWIPE,NCOLLEGEAVEWKIRKWOODAVE,NONE,2019-01-26 16:30:00
BLOOMINGTON PD,BLOOMINGTON,2,0.0,0.0,0.0,0.0,,,,E 7TH,N WASHINGTON ST,,50.0,W,39.16864,-86.53257642,LOCAL/CITY ROAD,N,URBAN,N,N,N,,DARK (LIGHTED),SNOW,WET,,NO JUNCTION INVOLVED,STRAIGHT/GRADE,ASPHALT,OTHER (DRIVER) - EXPLAIN IN NARRATIVE,SAME DIRECTION SIDESWIPE,7THSTWASHINGTONST,LANE CONTROL,2019-01-26 23:58:00
MONROE SD,BLOOMINGTON,1,0.0,0.0,0.0,0.0,4041.0,,,E BETHEL,,,,,39.21406241,-86.47899777,LOCAL/CITY ROAD,N,RURAL,N,N,N,,DARK (NOT LIGHTED),CLOUDY,ICE,,NO JUNCTION INVOLVED,STRAIGHT/GRADE,ASPHALT,ROADWAY SURFACE CONDITION,RAN OFF ROAD,EBETHELLN,LANE CONTROL,2019-01-26 19:30:00