Agency,City,Vehicles Involved,Trailers Involved,Number Injured,Number Dead,Number Deer,House Number,Roadway Interchange,Roadway Ramp,Roadway Id,Intersecting Road,Interchange,Feet From,Direction,Latitude,Longitude,Roadway Class,Hit and Run?,Locality,School Zone?,Rumble Strips?,Construction?,Construction Type,Light Condition,Weather Conditions,Surface Condition,Type of Median,Roadway Junction Type,Road Character,Roadway Surface,Primary Factor,Manner of Collision,Unique Location Id,Traffic Control,DateTime
MONROE SD,BLOOMINGTON,1,0.0,0.0,0.0,0.0,,,,S ROGERS,W THAT RD,,400.0,N,39.11464,-86.539392,LOCAL/CITY ROAD,N,RURAL,N,N,N,,DARK (LIGHTED),CLOUDY,ICE,,NO JUNCTION INVOLVED,STRAIGHT/HILLCREST,ASPHALT,ROADWAY SURFACE CONDITION,OTHER - EXPLAIN IN NARRATIVE,SROGERSSTWTHATRD,NONE,2019-02-08 09:40:00
MONROE SD,BLOOMINGTON,1,0.0,0.0,0.0,0.0,,,,S STRAIN RIDGE,S STONE RIDGE RD,,1000.0,S,38.94782617,-86.50797,COUNTY ROAD,N,RURAL,N,N,N,,DARK (NOT LIGHTED),CLOUDY,DRY,,NO JUNCTION INVOLVED,CURVE/GRADE,ASPHALT,RAN OFF ROAD RIGHT,RAN OFF ROAD,STONERIDGERDSTRAINRIDGERD,NONE,2019-02-08 03:08:00
MONROE SD,BLOOMINGTON,1,0.0,0.0,0.0,0.0,7530.0,,,S STRAIN RIDGE,,,,,39.07112,-86.507008,LOCAL/CITY ROAD,N,RURAL,N,N,N,,DAWN/DUSK,CLEAR,LOOSE MATERIAL ON ROAD,NONE,NO JUNCTION INVOLVED,STRAIGHT/LEVEL,ASPHALT,ROADWAY SURFACE CONDITION,RAN OFF ROAD,SSTRAINRIDGERD,NONE,2019-02-08 07:51:00
BLOOMINGTON PD,BLOOMINGTON,3,0.0,0.0,0.0,0.0,,,,W 2ND,S MAPLE ST,,36.0,E,39.161568,-86.542096,LOCAL/CITY ROAD,N,URBAN,N,N,N,,DAYLIGHT,CLOUDY,DRY,,NO JUNCTION INVOLVED,STRAIGHT/GRADE,ASPHALT,LEFT OF CENTER,HEAD ON BETWEEN TWO MOTOR VEHICLES,SMAPLESTW2NDST,NONE,2019-02-08 14:05:00
BLOOMINGTON PD,BLOOMINGTON,2,0.0,0.0,0.0,0.0,,,,E 2ND,S PARK AVE,,,,39.16144,-86.523952,LOCAL/CITY ROAD,N,URBAN,N,N,N,,DAYLIGHT,CLEAR,DRY,,T-INTERSECTION,STRAIGHT/LEVEL,ASPHALT,IMPROPER TURNING,HEAD ON BETWEEN TWO MOTOR VEHICLES,2NDSTSPARKAVE,NONE,2019-02-09 14:01:00
MONROE SD,BLOOMINGTON,1,0.0,1.0,0.0,0.0,,,,E DILLMAN,S EMPIRE RD,,1500.0,E,39.092928,-86.54176,LOCAL/CITY ROAD,N,RURAL,N,N,N,,DAWN/DUSK,CLEAR,DRY,,NO JUNCTION INVOLVED,STRAIGHT/LEVEL,ASPHALT,RAN OFF ROAD RIGHT,RAN OFF ROAD,EDILLMANRDSEMPIRERD,NO PASSING ZONE,2019-02-09 17:48:00
INDIANA UNIV BLOOMINGTON PD,BLOOMINGTON,2,0.0,0.0,0.0,0.0,,,,N JORDAN,E LAW LN,,,,39.173552,-86.515488,LOCAL/CITY ROAD,N,URBAN,N,N,N,,DARK (NOT LIGHTED),RAIN,WET,,FOUR-WAY INTERSECTION,STRAIGHT/LEVEL,ASPHALT,FAILURE TO YIELD RIGHT OF WAY,LEFT/RIGHT TURN,ELAWLNJORDANAVE,TRAFFIC CONTROL SIGNAL,2019-02-10 20:10:00
MONROE SD,BLOOMINGTON,2,0.0,0.0,0.0,0.0,,,,SR 37,S VICTOR PIKE,,,,39.105552,-86.551104,STATE ROAD,N,RURAL,N,N,N,,DAYLIGHT,CLOUDY,SNOW/SLUSH,,FOUR-WAY INTERSECTION,STRAIGHT/LEVEL,ASPHALT,FAILURE TO YIELD RIGHT OF WAY,LEFT TURN,SVICTORPIKESR37N,NONE,2019-02-10 11:51:00
MONROE SD,BLOOMINGTON,1,0.0,0.0,0.0,0.0,,,,SR 37,E MONROE DAM RD,,200.0,N,39.04159608,-86.539275,STATE ROAD,N,RURAL,N,N,N,,DAYLIGHT,SLEET/HAIL/FREEZING RAIN,SNOW/SLUSH,,NO JUNCTION INVOLVED,CURVE/GRADE,ASPHALT,ROADWAY SURFACE CONDITION,RAN OFF ROAD,MONROEDAMNRDSR37N,NONE,2019-02-10 11:20:00
INDIANA UNIV BLOOMINGTON PD,BLOOMINGTON,1,0.0,0.0,0.0,0.0,,,,E 11TH,N FEE LN,,,,39.171584,-86.518688,LOCAL/CITY ROAD,N,URBAN,N,N,N,,DAYLIGHT,SLEET/HAIL/FREEZING RAIN,SNOW/SLUSH,,T-INTERSECTION,STRAIGHT/GRADE,ASPHALT,OVERCORRECTING/OVERSTEERING,NON-COLLISION,E11THSTFEELN,LANE CONTROL,2019-02-10 11:15:00
MONROE SD,BLOOMINGTON,1,0.0,0.0,0.0,0.0,,,,E BETHEL,N HINKLE RD,,3000.0,W,39.212848,-86.505392,LOCAL/CITY ROAD,N,RURAL,N,N,N,,DAYLIGHT,CLOUDY,SNOW/SLUSH,,NO JUNCTION INVOLVED,STRAIGHT/LEVEL,ASPHALT,RAN OFF ROAD RIGHT,RAN OFF ROAD,EBETHELLNNHINKLERD,NONE,2019-02-10 12:53:00
ISP BLOOMINGTON 33,BLOOMINGTON,1,0.0,0.0,0.0,0.0,,,,E ROBINSON,HILLSAMER RD,,50.0,W,39.251344,-86.464608,LOCAL/CITY ROAD,N,RURAL,N,N,N,,DAYLIGHT,SNOW,SNOW/SLUSH,,NO JUNCTION INVOLVED,CURVE/LEVEL,CONCRETE,SPEED TOO FAST FOR WEATHER CONDITIONS,RAN OFF ROAD,EROBINSONRDHILLSAMERRD,LANE CONTROL,2019-02-10 13:00:00
ISP BLOOMINGTON 33,BLOOMINGTON,1,0.0,2.0,0.0,0.0,,,,I-69 N,,,,,0.0,0.0,INTERSTATE,N,RURAL,N,N,N,,DAYLIGHT,SNOW,SNOW/SLUSH,,NO JUNCTION INVOLVED,STRAIGHT/GRADE,ASPHALT,SPEED TOO FAST FOR WEATHER CONDITIONS,RAN OFF ROAD,I69120.5,LANE CONTROL,2019-02-10 11:29:00
MONROE SD,BLOOMINGTON,1,0.0,0.0,0.0,0.0,,,,I-69 N,,,10.0,N,41.25952329,-85.08663324,INTERSTATE,N,RURAL,N,N,N,,DAYLIGHT,RAIN,SNOW/SLUSH,,NO JUNCTION INVOLVED,CURVE/LEVEL,ASPHALT,SPEED TOO FAST FOR WEATHER CONDITIONS,RAN OFF ROAD,I69N121.5,NONE,2019-02-10 13:00:00
MONROE SD,BLOOMINGTON,2,0.0,1.0,0.0,0.0,,,,I-69 N,,,500.0,N,41.29540209,-85.08721827,INTERSTATE,N,URBAN,N,Y,N,,DAYLIGHT,SLEET/HAIL/FREEZING RAIN,SNOW/SLUSH,,NO JUNCTION INVOLVED,STRAIGHT/GRADE,ASPHALT,ROADWAY SURFACE CONDITION,SAME DIRECTION SIDESWIPE,I69N124,LANE CONTROL,2019-02-10 13:44:00
MONROE SD,BLOOMINGTON,1,0.0,0.0,0.0,0.0,,,,I-69 S,,,300.0,S,0.0,0.0,STATE ROAD,N,RURAL,N,Y,N,,DAYLIGHT,RAIN,ICE,,NO JUNCTION INVOLVED,STRAIGHT/GRADE,ASPHALT,ANIMAL/OBJECT IN ROADWAY,RAN OFF ROAD,SR69S129.0,LANE CONTROL,2019-02-10 13:54:00
MONROE SD,BLOOMINGTON,2,0.0,0.0,0.0,0.0,,,,S FIELDSTONE,W MONARCH CT,,,,39.1588,-86.60463,LOCAL/CITY ROAD,N,RURAL,N,N,N,,DAYLIGHT,CLOUDY,SNOW/SLUSH,,NO JUNCTION INVOLVED,STRAIGHT/LEVEL,ASPHALT,FAILURE TO YIELD RIGHT OF WAY,BACKING CRASH,SFIELDSTONEBLVDWMONARCHCT,NONE,2019-02-10 10:58:00
BLOOMINGTON PD,BLOOMINGTON,2,0.0,0.0,0.0,0.0,1840.0,,,S MAXWELL,E MILLER DR,,300.0,S,39.14696,-86.514992,LOCAL/CITY ROAD,Y,URBAN,N,N,N,,UNKNOWN,RAIN,ICE,,NO JUNCTION INVOLVED,STRAIGHT/LEVEL,ASPHALT,IMPROPER LANE USAGE,SAME DIRECTION SIDESWIPE,1840SMAXWELLSTEASTMILLERDR,NONE,2019-02-10 12:00:00
MONROE SD,BLOOMINGTON,2,0.0,0.0,0.0,0.0,,,,S ROCKPORT,W TARKINGTON LN,,300.0,N,39.04664,-86.613904,LOCAL/CITY ROAD,N,RURAL,N,N,N,,DAYLIGHT,SLEET/HAIL/FREEZING RAIN,SNOW/SLUSH,,NO JUNCTION INVOLVED,CURVE/GRADE,ASPHALT,ROADWAY SURFACE CONDITION,HEAD ON BETWEEN TWO MOTOR VEHICLES,SROCKPORTRDTARKINGTONLN,NONE,2019-02-10 09:20:00
BLOOMINGTON PD,BLOOMINGTON,2,0.0,1.0,0.0,0.0,,,,S WEIMER,W TAPP RD,,1000.0,N,39.24219863,-86.56199,LOCAL/CITY ROAD,N,URBAN,N,N,N,,DAYLIGHT,SLEET/HAIL/FREEZING RAIN,ICE,,NO JUNCTION INVOLVED,CURVE/GRADE,ASPHALT,SPEED TOO FAST FOR WEATHER CONDITIONS,OPPOSITE DIRECTION SIDESWIPE,SWEIMERRDWTAPPRD,NONE,2019-02-10 11:08:00
BLOOMINGTON PD,BLOOMINGTON,2,0.0,0.0,0.0,0.0,,,,W 6TH,N COLLEGE AVE,,,,39.167648,-86.534784,LOCAL/CITY ROAD,Y,URBAN,N,N,N,,DAYLIGHT,SLEET/HAIL/FREEZING RAIN,SNOW/SLUSH,,FOUR-WAY INTERSECTION,STRAIGHT/GRADE,ASPHALT,FAILURE TO YIELD RIGHT OF WAY,BACKING CRASH,NCOLLEGEAVEW6THST,TRAFFIC CONTROL SIGNAL,2019-02-10 13:06:00
INDIANA UNIV BLOOMINGTON PD,BLOOMINGTON,2,0.0,0.0,0.0,0.0,,,,N KINSER,SR 45/46,,,,39.18617,-86.52138,STATE ROAD,N,URBAN,N,N,N,,DARK (LIGHTED),RAIN,WET,,FOUR-WAY INTERSECTION,STRAIGHT/LEVEL,ASPHALT,FAILURE TO YIELD RIGHT OF WAY,LEFT TURN,SR45SR46,TRAFFIC CONTROL SIGNAL,2019-02-11 18:30:00
BLOOMINGTON PD,BLOOMINGTON,2,0.0,2.0,0.0,0.0,,,,SR 48,S LIBERTY DR,,,,39.164615,-86.579295,LOCAL/CITY ROAD,N,URBAN,N,N,N,,DARK (LIGHTED),RAIN,WET,,FOUR-WAY INTERSECTION,STRAIGHT/GRADE,ASPHALT,FOLLOWING TOO CLOSELY,REAR END,SLIBERTYDRW3RDST,TRAFFIC CONTROL SIGNAL,2019-02-11 22:47:00
INDIANA UNIV BLOOMINGTON PD,BLOOMINGTON,2,0.0,0.0,0.0,0.0,,,,E 17TH,N FEE LN,,,,39.178928,-86.518992,LOCAL/CITY ROAD,N,URBAN,N,N,N,,DAYLIGHT,RAIN,WET,,FOUR-WAY INTERSECTION,STRAIGHT/LEVEL,ASPHALT,FOLLOWING TOO CLOSELY,REAR END,17THSTFEELN,TRAFFIC CONTROL SIGNAL,2019-02-11 15:28:00
MONROE SD,BLOOMINGTON,2,0.0,0.0,0.0,0.0,,,,S WALNUT,S ORCHARD LN,,200.0,S,39.11584,-86.5312,COUNTY ROAD,N,RURAL,N,N,N,,DAYLIGHT,CLEAR,WET,,NO JUNCTION INVOLVED,STRAIGHT/LEVEL,ASPHALT,FOLLOWING TOO CLOSELY,REAR END,EORCHARDLNSOUTHOLDSTATEROAD37RD,NONE,2019-02-11 08:40:00
ISP BLOOMINGTON 33,BLOOMINGTON,1,0.0,0.0,0.0,1.0,,,,SR 37,E SMITHVILLE RD,,1500.0,S,39.06693629,-86.53565265,STATE ROAD,N,RURAL,N,N,N,,DAYLIGHT,FOG/SMOKE/SMOG,WET,,NO JUNCTION INVOLVED,STRAIGHT/HILLCREST,ASPHALT,ANIMAL/OBJECT IN ROADWAY,COLLISION WITH DEER,SMITHVILLERDSR37,LANE CONTROL,2019-02-11 08:15:00
INDIANA UNIV BLOOMINGTON PD,BLOOMINGTON,2,0.0,0.0,0.0,0.0,,,,E 10TH,N FEE LN,,,,39.17167,-86.519015,LOCAL/CITY ROAD,N,URBAN,N,N,N,,DARK (LIGHTED),RAIN,WET,,T-INTERSECTION,STRAIGHT/GRADE,ASPHALT,UNSAFE BACKING,BACKING CRASH,FEELNTENTHST,TRAFFIC CONTROL SIGNAL,2019-02-11 19:45:00
ISP BLOOMINGTON 33,BLOOMINGTON,1,0.0,0.0,0.0,1.0,,,,N BOTTOM,W DITTEMORE RD,,260.0,N,39.28625746,-86.55618402,COUNTY ROAD,N,RURAL,N,N,N,,DAYLIGHT,RAIN,SNOW/SLUSH,,NO JUNCTION INVOLVED,STRAIGHT/LEVEL,ASPHALT,ANIMAL/OBJECT IN ROADWAY,COLLISION WITH DEER,BOTTOMRDDITTEMORERD,LANE CONTROL,2019-02-11 08:05:00
MONROE SD,BLOOMINGTON,1,0.0,0.0,0.0,2.0,,,,SR 37,W INGRAM RD,,,,38.99674,-86.5459,STATE ROAD,N,RURAL,N,Y,N,,DARK (NOT LIGHTED),RAIN,WET,,FOUR-WAY INTERSECTION,STRAIGHT/GRADE,ASPHALT,ANIMAL/OBJECT IN ROADWAY,COLLISION WITH DEER,INGRAMRDSR37N,NONE,2019-02-11 19:59:00
BLOOMINGTON PD,BLOOMINGTON,3,0.0,2.0,0.0,0.0,,,,W 2ND,S MAPLE ST,,,,39.16141,-86.54203,LOCAL/CITY ROAD,N,URBAN,N,N,N,,DAYLIGHT,RAIN,WET,,T-INTERSECTION,STRAIGHT/HILLCREST,ASPHALT,FOLLOWING TOO CLOSELY,REAR END,SMAPLESTW2NDST,NONE,2019-02-11 17:06:00
BLOOMINGTON PD,BLOOMINGTON,2,0.0,1.0,0.0,0.0,,,,S WALNUT ST PIKE,E WINSLOW RD,,,,39.136144,-86.528688,LOCAL/CITY ROAD,N,URBAN,N,N,N,,DAYLIGHT,CLOUDY,WET,,FOUR-WAY INTERSECTION,STRAIGHT/LEVEL,ASPHALT,FOLLOWING TOO CLOSELY,REAR END,EWINSLOWRDSWALNUTSTPIKE,NONE,2019-02-12 15:57:00
INDIANA UNIV BLOOMINGTON PD,BLOOMINGTON,1,0.0,0.0,0.0,0.0,,,,E 10TH,N UNION ST ,,500.0,W,39.17157,-86.50930674,LOCAL/CITY ROAD,N,URBAN,N,N,N,,DAYLIGHT,CLOUDY,DRY,,NO JUNCTION INVOLVED,STRAIGHT/LEVEL,ASPHALT,UNSAFE LANE MOVEMENT,LEFT TURN,TENTHSTUNIONST,NONE,2019-02-12 17:30:00
BLOOMINGTON PD,BLOOMINGTON,2,0.0,0.0,0.0,0.0,,,,S COLLEGE,W KIRKWOOD AVE,,,,39.16664,-86.5348,LOCAL/CITY ROAD,N,URBAN,N,N,N,,DAYLIGHT,RAIN,WET,,NO JUNCTION INVOLVED,STRAIGHT/GRADE,ASPHALT,FAILURE TO YIELD RIGHT OF WAY,SAME DIRECTION SIDESWIPE,SCOLLEGEAVEWKIRKWOODAVE,LANE CONTROL,2019-02-12 12:10:00
BLOOMINGTON PD,BLOOMINGTON,2,0.0,0.0,0.0,0.0,,,,W 3RD,S CORY LN,,,,39.164544,-86.560096,LOCAL/CITY ROAD,N,URBAN,N,N,N,,DAWN/DUSK,CLEAR,DRY,,FOUR-WAY INTERSECTION,STRAIGHT/LEVEL,ASPHALT,IMPROPER TURNING,LEFT TURN,SOUTHCORYLNWEST3RDST,TRAFFIC CONTROL SIGNAL,2019-02-12 17:33:00
BLOOMINGTON PD,BLOOMINGTON,2,0.0,0.0,0.0,0.0,,,,SR 46,S CLARIZZ BLVD,,,,39.16424,-86.4908,LOCAL/CITY ROAD,N,URBAN,N,N,N,,DARK (LIGHTED),CLEAR,WET,,FOUR-WAY INTERSECTION,STRAIGHT/LEVEL,ASPHALT,BRAKE FAILURE OR DEFECTIVE,REAR END,E3RDSTSCLARIZZBLVD,TRAFFIC CONTROL SIGNAL,2019-02-12 19:45:00
BLOOMINGTON PD,BLOOMINGTON,2,0.0,2.0,0.0,0.0,,,,E 10TH,N GRANT ST,,,,39.171696,-86.529696,LOCAL/CITY ROAD,N,URBAN,N,N,N,,DAYLIGHT,BLOWING SAND/SOIL/SNOW,WET,,FOUR-WAY INTERSECTION,STRAIGHT/GRADE,ASPHALT,FAILURE TO YIELD RIGHT OF WAY,RIGHT ANGLE,E10THSTNGRANTST,STOP SIGN,2019-02-12 13:45:00
BLOOMINGTON PD,BLOOMINGTON,2,0.0,0.0,0.0,0.0,2800.0,,,E BUICK CADILLAC ALLEYWAY,E BUICK CADILLAC BLVD,,,,39.1596,-86.490784,UNKNOWN,N,URBAN,N,N,N,,DAYLIGHT,RAIN,WET,,T-INTERSECTION,STRAIGHT/LEVEL,ASPHALT,UNSAFE BACKING,BACKING CRASH,2800EBUICKCADILLACALLEYWAYBLVDEASTBUICKCADILLACBLVD,STOP SIGN,2019-02-12 13:20:00
BLOOMINGTON PD,BLOOMINGTON,2,0.0,0.0,0.0,0.0,,,,S COLLEGE MALL,E 2ND ST,,,,39.16094,-86.4977,LOCAL/CITY ROAD,N,URBAN,N,N,N,,DAYLIGHT,RAIN,WET,,FOUR-WAY INTERSECTION,STRAIGHT/LEVEL,ASPHALT,FAILURE TO YIELD RIGHT OF WAY,LEFT TURN,2NDSTCOLLEGEMALLRD,TRAFFIC CONTROL SIGNAL,2019-02-12 11:38:00
BLOOMINGTON PD,BLOOMINGTON,3,0.0,0.0,0.0,0.0,,,,S HIGH,E ATWATER AVE,,,,39.16304,-86.508288,LOCAL/CITY ROAD,N,URBAN,N,N,N,,DAYLIGHT,RAIN,WET,,T-INTERSECTION,STRAIGHT/LEVEL,ASPHALT,FOLLOWING TOO CLOSELY,REAR END,EASTATWATERAVESOUTHHIGHST,TRAFFIC CONTROL SIGNAL,2019-02-12 16:00:00
BLOOMINGTON PD,BLOOMINGTON,2,0.0,0.0,0.0,0.0,,,,S PARK SQUARE,,,600.0,S,39.15969689,-86.59180464,LOCAL/CITY ROAD,Y,URBAN,N,N,N,,DAYLIGHT,CLEAR,WET,,NO JUNCTION INVOLVED,STRAIGHT/GRADE,ASPHALT,UNSAFE LANE MOVEMENT,SAME DIRECTION SIDESWIPE,PARKSQUAREDRSUNSETDR,NONE,2019-02-12 08:30:00
BLOOMINGTON PD,BLOOMINGTON,1,0.0,1.0,0.0,0.0,,,,W 17TH,N COLLEGE AVE,,,,39.17896,-86.53472,LOCAL/CITY ROAD,N,URBAN,N,N,N,,DARK (LIGHTED),CLEAR,WET,,FOUR-WAY INTERSECTION,STRAIGHT/GRADE,ASPHALT,PEDESTRIAN ACTION,OTHER - EXPLAIN IN NARRATIVE,NCOLLEGEAVEW17THST,TRAFFIC CONTROL SIGNAL,2019-02-12 19:51:00
MONROE SD,BLOOMINGTON,1,0.0,0.0,0.0,0.0,3800.0,,,W GIFFORD,,,,,39.15632,-86.58366,LOCAL/CITY ROAD,N,URBAN,N,N,N,,DARK (NOT LIGHTED),RAIN,WET,,NO JUNCTION INVOLVED,STRAIGHT/GRADE,ASPHALT,RAN OFF ROAD RIGHT,RAN OFF ROAD,WGIFFORDRD,NONE,2019-02-12 06:12:00
BLOOMINGTON PD,BLOOMINGTON,2,0.0,1.0,0.0,0.0,,,,N WALNUT,SR 45/56,,,,39.186368,-86.5344,LOCAL/CITY ROAD,N,URBAN,N,N,N,,DAYLIGHT,CLEAR,DRY,,FOUR-WAY INTERSECTION,STRAIGHT/LEVEL,ASPHALT,FOLLOWING TOO CLOSELY,REAR END,NWALNUTSTSR46E,TRAFFIC CONTROL SIGNAL,2019-02-13 09:27:00
BLOOMINGTON PD,BLOOMINGTON,3,0.0,0.0,0.0,0.0,,,,E 3RD,S GRANT ST,,100.0,E,39.16464,-86.52937519,LOCAL/CITY ROAD,N,URBAN,N,N,N,,DAYLIGHT,CLEAR,DRY,,NO JUNCTION INVOLVED,STRAIGHT/GRADE,ASPHALT,FOLLOWING TOO CLOSELY,REAR END,3RDSTGRANTST,NONE,2019-02-13 08:07:00
INDIANA UNIV BLOOMINGTON PD,BLOOMINGTON,2,0.0,0.0,0.0,0.0,,,,N JORDAN,E LAW LN,,,,39.173552,-86.515488,LOCAL/CITY ROAD,N,URBAN,N,N,N,,DAYLIGHT,CLEAR,DRY,,FOUR-WAY INTERSECTION,STRAIGHT/LEVEL,ASPHALT,FOLLOWING TOO CLOSELY,REAR END,LAWLNNJORDANAVE,NONE,2019-02-13 09:05:00
MONROE SD,BLOOMINGTON,2,0.0,0.0,0.0,0.0,,,,SR 46,W ARLINGTON RD,,,,39.209808,-86.582672,STATE ROAD,N,RURAL,N,N,N,,DAYLIGHT,CLOUDY,DRY,,T-INTERSECTION,STRAIGHT/LEVEL,ASPHALT,FOLLOWING TOO CLOSELY,REAR END,ARLINGTONRDSR46W,LANE CONTROL,2019-02-13 08:38:00
BLOOMINGTON PD,BLOOMFIELD(GREENE),1,0.0,0.0,0.0,1.0,,,,E SYLVANIA,N DEER LAKE DR,,100.0,W,39.02649,-86.75197132,LOCAL/CITY ROAD,N,RURAL,N,N,N,,DARK (NOT LIGHTED),CLEAR,DRY,,NO JUNCTION INVOLVED,STRAIGHT/LEVEL,ASPHALT,ANIMAL/OBJECT IN ROADWAY,COLLISION WITH DEER,DEERLAKERDEASTSYLVANIARD,NONE,2019-02-13 20:30:00
MONROE SD,BLOOMINGTON,1,0.0,0.0,0.0,1.0,,,,E WHISNAND,W OLD SR 37,,,,39.22258,-86.51713,LOCAL/CITY ROAD,N,RURAL,N,N,N,,DARK (NOT LIGHTED),CLEAR,DRY,,NO JUNCTION INVOLVED,STRAIGHT/GRADE,ASPHALT,ANIMAL/OBJECT IN ROADWAY,COLLISION WITH DEER,OLDSTATERD37RDWHISNANDRD,NONE,2019-02-13 22:16:00
MONROE SD,BLOOMINGTON,2,0.0,1.0,0.0,0.0,,,,S HARMONY,W ROSE CREEK DR,,600.0,N,39.10438368,-86.6383598,LOCAL/CITY ROAD,N,RURAL,N,N,N,,DARK (NOT LIGHTED),CLEAR,WET,,NO JUNCTION INVOLVED,STRAIGHT/HILLCREST,ASPHALT,LEFT OF CENTER,HEAD ON BETWEEN TWO MOTOR VEHICLES,HARMONYRDROSECREEKRD,NONE,2019-02-13 23:13:00
BLOOMINGTON PD,BLOOMINGTON,2,0.0,0.0,0.0,0.0,,,,S MITCHELL,E ATWATER AVE,,,,39.163136,-86.514096,LOCAL/CITY ROAD,Y,URBAN,N,N,N,,DAYLIGHT,CLEAR,DRY,,FOUR-WAY INTERSECTION,STRAIGHT/GRADE,ASPHALT,UNSAFE BACKING,BACKING CRASH,ATWATERAVEMITCHELLST,STOP SIGN,2019-02-13 12:32:00
BLOOMINGTON PD,BLOOMINGTON,2,0.0,0.0,0.0,0.0,,,,S ROGERS,W COOLIDGE DR,,,,39.14125,-86.53883,LOCAL/CITY ROAD,Y,URBAN,N,N,N,,DAYLIGHT,CLEAR,ICE,,FOUR-WAY INTERSECTION,STRAIGHT/GRADE,ASPHALT,SPEED TOO FAST FOR WEATHER CONDITIONS,RIGHT ANGLE,COOLIDGEDRROGERSST,STOP SIGN,2019-02-13 08:00:00
MONROE SD,BLOOMINGTON,2,0.0,0.0,0.0,0.0,,,,SR 45,S BURCH RD,,,,39.08984,-86.666304,STATE ROAD,N,RURAL,N,N,N,,DAYLIGHT,CLEAR,DRY,,FIVE POINT OR MORE,STRAIGHT/LEVEL,ASPHALT,FOLLOWING TOO CLOSELY,REAR END,SBURCHRDSR45W,NONE,2019-02-13 17:14:00
MONROE SD,ELLETTSVILLE,2,0.0,0.0,0.0,0.0,,,,SR 46,,,1500.0,W,39.25962,-86.65742001,STATE ROAD,N,RURAL,N,N,N,,DAYLIGHT,CLEAR,DRY,,NO JUNCTION INVOLVED,CURVE/LEVEL,ASPHALT,FOLLOWING TOO CLOSELY,REAR END,CHAFINCHAPELRDSR46W,NONE,2019-02-13 13:10:00
BLOOMINGTON PD,BLOOMINGTON,2,0.0,1.0,0.0,0.0,,,,W 3RD,S MULLER PKWY,,,,39.16442,-86.56292,LOCAL/CITY ROAD,N,URBAN,N,N,N,,DARK (LIGHTED),CLEAR,DRY,,FOUR-WAY INTERSECTION,STRAIGHT/LEVEL,ASPHALT,FAILURE TO YIELD RIGHT OF WAY,HEAD ON BETWEEN TWO MOTOR VEHICLES,SMULLERPKWYW3RDST,LANE CONTROL,2019-02-13 18:36:00
INDIANA UNIV BLOOMINGTON PD,BLOOMINGTON,2,0.0,1.0,0.0,0.0,,,,N RANGE,SR 45,,,,0.0,0.0,LOCAL/CITY ROAD,N,URBAN,N,N,N,,DAYLIGHT,CLOUDY,DRY,,FOUR-WAY INTERSECTION,STRAIGHT/GRADE,ASPHALT,FOLLOWING TOO CLOSELY,REAR END,RANGERDSR45,TRAFFIC CONTROL SIGNAL,2019-02-14 11:00:00
BLOOMINGTON PD,BLOOMINGTON,2,0.0,1.0,0.0,0.0,,,,SR 46,S PARK RIDGE RD,,,,39.16424,-86.476096,LOCAL/CITY ROAD,N,URBAN,N,N,N,,DAYLIGHT,CLEAR,DRY,,T-INTERSECTION,STRAIGHT/LEVEL,ASPHALT,FAILURE TO YIELD RIGHT OF WAY,RIGHT ANGLE,E3RDSTSPARKRIDGERD,NONE,2019-02-14 15:34:00
BLOOMINGTON PD,BLOOMINGTON,2,0.0,0.0,0.0,0.0,,,,W COUNTRY CLUB,S ROGERS ST,,,,39.13604,-86.53827,LOCAL/CITY ROAD,N,URBAN,N,N,N,,DAWN/DUSK,CLEAR,DRY,,FOUR-WAY INTERSECTION,STRAIGHT/GRADE,ASPHALT,FOLLOWING TOO CLOSELY,REAR END,COUNTRYCLUBDRROGERSST,TRAFFIC CONTROL SIGNAL,2019-02-14 07:40:00
BLOOMINGTON PD,BLOOMINGTON,2,0.0,0.0,0.0,0.0,,,,S SARE,E MOORES PIKE,,,,39.15036,-86.49836,LOCAL/CITY ROAD,N,URBAN,N,N,N,,DAYLIGHT,CLEAR,DRY,,FOUR-WAY INTERSECTION,STRAIGHT/GRADE,ASPHALT,FOLLOWING TOO CLOSELY,REAR END,EMOORESPIKESSARERD,TRAFFIC CONTROL SIGNAL,2019-02-14 14:15:00
BLOOMINGTON PD,BLOOMINGTON,2,0.0,0.0,0.0,0.0,,,,E 10TH,N GRANT ST,,,,39.171696,-86.529696,LOCAL/CITY ROAD,Y,URBAN,N,N,N,,DARK (LIGHTED),CLEAR,DRY,,FOUR-WAY INTERSECTION,STRAIGHT/LEVEL,ASPHALT,IMPROPER TURNING,REAR END,E10THSTNGRANTST,NONE,2019-02-14 20:40:00
MONROE SD,BLOOMINGTON,1,0.0,0.0,0.0,0.0,,,,I-69 S,,,1000.0,S,41.15424437,-85.11144414,INTERSTATE,N,RURAL,N,Y,N,,DARK (NOT LIGHTED),CLOUDY,DRY,,NO JUNCTION INVOLVED,CURVE/GRADE,ASPHALT,ANIMAL/OBJECT IN ROADWAY,COLLISION WITH DEER,I69S114.0,NONE,2019-02-14 19:09:00
MONROE SD,BLOOMINGTON,1,0.0,0.0,0.0,0.0,,,,N PROFILE,,,2000.0,S,0.0,0.0,COUNTY ROAD,N,URBAN,N,N,N,,DAYLIGHT,CLOUDY,DRY,,NO JUNCTION INVOLVED,STRAIGHT/GRADE,ASPHALT,RAN OFF ROAD RIGHT,RAN OFF ROAD,48HWYPROFILEPKWY,NONE,2019-02-14 09:00:00