Agency,City,Vehicles Involved,Trailers Involved,Number Injured,Number Dead,Number Deer,House Number,Roadway Interchange,Roadway Ramp,Roadway Id,Intersecting Road,Interchange,Feet From,Direction,Latitude,Longitude,Roadway Class,Hit and Run?,Locality,School Zone?,Rumble Strips?,Construction?,Construction Type,Light Condition,Weather Conditions,Surface Condition,Type of Median,Roadway Junction Type,Road Character,Roadway Surface,Primary Factor,Manner of Collision,Unique Location Id,Traffic Control,DateTime
MONROE SD,BLOOMINGTON,3,0.0,0.0,0.0,0.0,,,,S CURRY,W BEASLEY DR,,,,39.149152,-86.582704,LOCAL/CITY ROAD,N,URBAN,N,N,N,,DAYLIGHT,CLOUDY,DRY,,NO JUNCTION INVOLVED,STRAIGHT/LEVEL,ASPHALT,FOLLOWING TOO CLOSELY,REAR END,SCURRYPIKEWBEASLEYDR,NONE,2019-02-14 16:45:00
MONROE SD,BLOOMINGTON,1,0.0,0.0,0.0,0.0,,,,W FLUCK MILL,,,1000.0,S,38.96639091,-86.5664,COUNTY ROAD,N,RURAL,N,N,N,,DAYLIGHT,CLOUDY,DRY,,NO JUNCTION INVOLVED,CURVE/LEVEL,ASPHALT,RAN OFF ROAD RIGHT,OTHER - EXPLAIN IN NARRATIVE,FLUCKMILLRDMAMIEEADSRD,NONE,2019-02-14 14:00:00
INDIANA UNIV BLOOMINGTON PD,BLOOMINGTON,2,1.0,0.0,0.0,0.0,,,,SR 45,SR 45/46,,508.0,E,39.17161119,-86.50030416,INTERSTATE,N,URBAN,N,N,N,,DAYLIGHT,CLOUDY,DRY,,NO JUNCTION INVOLVED,STRAIGHT/LEVEL,ASPHALT,UNSAFE LANE MOVEMENT,RIGHT TURN,I45EI46E,LANE CONTROL,2019-02-15 15:54:00
BLOOMINGTON PD,BLOOMINGTON,3,0.0,0.0,0.0,0.0,,,,W 2ND,S COLLEGE AVE,,,,39.16144,-86.534848,LOCAL/CITY ROAD,N,URBAN,N,N,N,,DAYLIGHT,CLOUDY,DRY,,FOUR-WAY INTERSECTION,STRAIGHT/LEVEL,ASPHALT,FAILURE TO YIELD RIGHT OF WAY,RIGHT ANGLE,SCOLLEGEAVEW2NDST,STOP SIGN,2019-02-15 12:45:00
INDIANA UNIV BLOOMINGTON PD,BLOOMINGTON,2,0.0,0.0,0.0,0.0,,,,E 3RD,S JORDAN AVE,,153.0,W,39.164315,-86.51653676,,Y,URBAN,N,N,N,,DAYLIGHT,CLOUDY,DRY,,T-INTERSECTION,STRAIGHT/LEVEL,ASPHALT,FAILURE TO YIELD RIGHT OF WAY,SAME DIRECTION SIDESWIPE,JORDANAVETHIRDST,LANE CONTROL,2019-02-15 16:50:00
MONROE SD,BLOOMINGTON,1,0.0,0.0,0.0,1.0,,,,SR 45,W HINDS RD,,1500.0,E,39.10243058,-86.64879803,STATE ROAD,N,RURAL,N,N,N,,DAYLIGHT,CLEAR,DRY,,NO JUNCTION INVOLVED,CURVE/GRADE,ASPHALT,ANIMAL/OBJECT IN ROADWAY,COLLISION WITH DEER,HINDSRDSR45W,NONE,2019-02-15 17:19:00
BLOOMINGTON PD,BLOOMINGTON,2,0.0,0.0,0.0,0.0,,,,SR 46,E EASTGATE LN,,,,39.17024,-86.501392,STATE ROAD,N,URBAN,N,N,N,,DAYLIGHT,CLEAR,DRY,,FOUR-WAY INTERSECTION,STRAIGHT/LEVEL,ASPHALT,FOLLOWING TOO CLOSELY,REAR END,EEASTGATELNSR46S,NONE,2019-02-15 17:34:00
BLOOMINGTON PD,BLOOMINGTON,2,0.0,0.0,0.0,0.0,,,,E HILLSIDE,S OLIVE ST,,,,39.15056,-86.51883,LOCAL/CITY ROAD,Y,URBAN,N,N,N,,DARK (LIGHTED),CLEAR,DRY,,FOUR-WAY INTERSECTION,STRAIGHT/LEVEL,ASPHALT,FOLLOWING TOO CLOSELY,REAR END,EHILLSIDEDRSOLIVEST,NONE,2019-02-15 19:48:00
MONROE SD,BLOOMINGTON,2,0.0,0.0,0.0,0.0,,,,S LEONARD SPRINGS,W WOODHAVEN DR,,,,39.128368,-86.58256,COUNTY ROAD,N,RURAL,N,N,N,,DAYLIGHT,CLEAR,DRY,,NO JUNCTION INVOLVED,STRAIGHT/HILLCREST,ASPHALT,FAILURE TO YIELD RIGHT OF WAY,LEFT TURN,SLEONARDSPRINGSRDWOODHAVENDR,NONE,2019-02-15 10:45:00
INDIANA UNIV BLOOMINGTON PD,BLOOMINGTON,1,0.0,0.0,0.0,0.0,,,,SR 46,E EASTGATE LN,,,,39.17024,-86.501392,STATE ROAD,N,URBAN,N,N,N,,DAYLIGHT,CLEAR,DRY,,T-INTERSECTION,STRAIGHT/LEVEL,ASPHALT,RAN OFF ROAD RIGHT,RAN OFF ROAD,EEASTGATELNSR46,STOP SIGN,2019-02-16 09:18:00
MONROE SD,BLOOMINGTON,1,0.0,0.0,0.0,0.0,,,,E BABY CREEK,N BRUMMETTS CREEK RD,,1500.0,E,39.2068213,-86.39730854,LOCAL/CITY ROAD,N,RURAL,N,N,N,,DAYLIGHT,CLEAR,DRY,,NO JUNCTION INVOLVED,STRAIGHT/LEVEL,GRAVEL,RAN OFF ROAD RIGHT,RAN OFF ROAD,BABYCREEKRDBRUMMETTSCREEKRD,NONE,2019-02-16 17:57:00
INDIANA UNIV BLOOMINGTON PD,BLOOMINGTON,2,0.0,0.0,0.0,0.0,,,,N FEE,N JORDAN AVE,,,,39.18384,-86.5192,LOCAL/CITY ROAD,N,URBAN,N,N,N,,DAYLIGHT,CLEAR,DRY,,FOUR-WAY INTERSECTION,STRAIGHT/LEVEL,ASPHALT,FAILURE TO YIELD RIGHT OF WAY,RIGHT ANGLE,FEELNNJORDANAVE,NONE,2019-02-16 09:34:00
MONROE SD,BLOOMINGTON,1,0.0,0.0,0.0,0.0,,,,SR 46,N BRUMMETS CREEK RD,,,,39.15155,-86.38645,STATE ROAD,N,RURAL,N,Y,N,,DARK (NOT LIGHTED),CLEAR,DRY,,T-INTERSECTION,CURVE/LEVEL,ASPHALT,ANIMAL/OBJECT IN ROADWAY,RAN OFF ROAD,NBRUMMETSCREEKRDSR46E,NONE,2019-02-16 02:21:00
BLOOMINGTON PD,BLOOMINGTON,2,0.0,0.0,0.0,0.0,,,,W 14TH,N WALNUT ST,,,,39.175952,-86.53344,LOCAL/CITY ROAD,N,URBAN,N,N,N,,DAYLIGHT,CLEAR,DRY,,NO JUNCTION INVOLVED,STRAIGHT/GRADE,ASPHALT,FAILURE TO YIELD RIGHT OF WAY,RIGHT ANGLE,14THSTNORTHWALNUTST,STOP SIGN,2019-02-16 11:53:00
BLOOMINGTON PD,BLOOMINGTON,2,0.0,0.0,0.0,0.0,,,,W 3RD,S JOHNSON AVE,,,,39.16464,-86.564992,LOCAL/CITY ROAD,N,URBAN,N,N,N,,DARK (LIGHTED),CLEAR,DRY,,FOUR-WAY INTERSECTION,STRAIGHT/GRADE,ASPHALT,UNSAFE LANE MOVEMENT,SAME DIRECTION SIDESWIPE,SJOHNSONAVEW3RDST,NONE,2019-02-16 20:38:00
BLOOMINGTON PD,BLOOMINGTON,2,0.0,0.0,0.0,0.0,,,,SR 46,S COLLEGE MALL RD,,,,39.16424,-86.4984,LOCAL/CITY ROAD,N,URBAN,N,N,N,,DAYLIGHT,CLOUDY,WET,,FOUR-WAY INTERSECTION,STRAIGHT/LEVEL,ASPHALT,FAILURE TO YIELD RIGHT OF WAY,HEAD ON BETWEEN TWO MOTOR VEHICLES,ETHIRDSTSCOLLEGEMALLRD,TRAFFIC CONTROL SIGNAL,2019-02-17 13:40:00
INDIANA UNIV BLOOMINGTON PD,BLOOMINGTON,2,0.0,0.0,0.0,0.0,,,,N JORDAN,E 17TH ST,,650.0,N,39.18063326,-86.511088,LOCAL/CITY ROAD,Y,URBAN,N,N,N,,UNKNOWN,,,,NO JUNCTION INVOLVED,CURVE/GRADE,ASPHALT,,SAME DIRECTION SIDESWIPE,E17THSTNJORDANAVE,NONE,2019-02-17 15:00:00
BLOOMINGTON PD,BLOOMINGTON,2,0.0,0.0,0.0,0.0,,,,SR 46,S PARK RIDGE RD,,,,39.16424,-86.476096,LOCAL/CITY ROAD,N,URBAN,N,N,N,,DAYLIGHT,RAIN,WET,,FOUR-WAY INTERSECTION,STRAIGHT/HILLCREST,ASPHALT,FAILURE TO YIELD RIGHT OF WAY,RIGHT ANGLE,E3RDSTSPARKRIDGERD,STOP SIGN,2019-02-17 11:55:00
INDIANA UNIV BLOOMINGTON PD,BLOOMINGTON,2,0.0,0.0,0.0,0.0,,,,E 3RD,S FACULTY AVE,,227.0,W,39.164265,-86.52084535,LOCAL/CITY ROAD,Y,URBAN,N,N,N,,DARK (LIGHTED),CLEAR,DRY,,NO JUNCTION INVOLVED,STRAIGHT/LEVEL,ASPHALT,IMPROPER TURNING,SAME DIRECTION SIDESWIPE,FACULTYAVETHIRDST,NONE,2019-02-17 02:00:00
ISP BLOOMINGTON 33,BLOOMINGTON,1,0.0,0.0,0.0,0.0,,,,SR 45,N PRAIRIE GREEN CT,,100.0,W,39.17915,-86.47441135,STATE ROAD,N,RURAL,N,N,N,,DAYLIGHT,SLEET/HAIL/FREEZING RAIN,ICE,,NO JUNCTION INVOLVED,CURVE/LEVEL,ASPHALT,SPEED TOO FAST FOR WEATHER CONDITIONS,RAN OFF ROAD,PRAIRIEGREENCTSR45,LANE CONTROL,2019-02-17 09:51:00
ISP BLOOMINGTON 33,BLOOMINGTON,2,0.0,0.0,0.0,0.0,,,,SR 45,S STANFORD RD,,,,39.08984,-86.666304,STATE ROAD,N,RURAL,N,N,N,,DAYLIGHT,RAIN,WET,,FOUR-WAY INTERSECTION,STRAIGHT/GRADE,ASPHALT,FAILURE TO YIELD RIGHT OF WAY,RIGHT ANGLE,SR45STANFORDRD,STOP SIGN,2019-02-17 11:29:00
ELLETTSVILLE PD,ELLETTSVILLE,2,0.0,0.0,0.0,0.0,,,,W VINE,N SALE ST,,,,39.234384,-86.624064,LOCAL/CITY ROAD,N,URBAN,N,N,N,,DARK (NOT LIGHTED),CLOUDY,WET,,FOUR-WAY INTERSECTION,STRAIGHT/LEVEL,ASPHALT,DISREGARD SIGNAL/REG SIGN,OTHER - EXPLAIN IN NARRATIVE,NSALESTWVINEST,STOP SIGN,2019-02-17 19:08:00
BLOOMINGTON PD,BLOOMINGTON,2,0.0,0.0,0.0,0.0,,,,S COLLEGE,W 3RD ST,,,,39.16464,-86.534816,LOCAL/CITY ROAD,N,URBAN,N,N,N,,DAYLIGHT,CLEAR,DRY,,FOUR-WAY INTERSECTION,STRAIGHT/LEVEL,ASPHALT,IMPROPER LANE USAGE,SAME DIRECTION SIDESWIPE,SCOLLEGEAVEW3RDST,TRAFFIC CONTROL SIGNAL,2019-02-18 14:45:00
INDIANA UNIV BLOOMINGTON PD,BLOOMINGTON,2,0.0,0.0,0.0,0.0,1315.0,,,E 10TH,,,,,39.17157943,-86.51826514,UNKNOWN,N,URBAN,N,N,N,,DAYLIGHT,BLOWING SAND/SOIL/SNOW,DRY,,NO JUNCTION INVOLVED,NON-ROADWAY CRASH,ASPHALT,UNSAFE BACKING,BACKING CRASH,E10THSTREETST,NONE,2019-02-18 14:15:00
BLOOMINGTON PD,BLOOMINGTON,2,0.0,0.0,0.0,0.0,,,,E ROGERS,THE STANDS DR,,200.0,E,39.13631077,-86.50420003,LOCAL/CITY ROAD,N,URBAN,N,N,N,,DAYLIGHT,CLOUDY,DRY,,NO JUNCTION INVOLVED,STRAIGHT/GRADE,ASPHALT,OTHER (DRIVER) - EXPLAIN IN NARRATIVE,OPPOSITE DIRECTION SIDESWIPE,ROGERSRAMPTHESTANDSST,NONE,2019-02-18 13:15:00
MONROE SD,BLOOMINGTON,2,0.0,0.0,0.0,0.0,,,,I-69 N,,,200.0,S,0.0,0.0,INTERSTATE,N,RURAL,N,N,Y,X-OVER/LANE SHIFT,DAYLIGHT,CLOUDY,DRY,,NO JUNCTION INVOLVED,STRAIGHT/LEVEL,ASPHALT,IMPROPER LANE USAGE,SAME DIRECTION SIDESWIPE,ECHAMBERSPIKEI69N,LANE CONTROL,2019-02-18 15:15:00
INDIANA UNIV BLOOMINGTON PD,BLOOMINGTON,2,0.0,0.0,0.0,0.0,1430.0,,,N JORDAN,,,460.0,S,39.13366055,-86.51247,LOCAL/CITY ROAD,Y,URBAN,N,N,N,,DAYLIGHT,CLOUDY,DRY,,NO JUNCTION INVOLVED,CURVE/LEVEL,ASPHALT,UNSAFE BACKING,BACKING CRASH,EBALFOURSTNJORDANAVE,NONE,2019-02-18 16:20:00
MONROE SD,BLOOMINGTON,1,0.0,0.0,0.0,0.0,8325.0,,,S FAIRFAX,,,,,39.04586577,-86.49031427,COUNTY ROAD,Y,RURAL,N,N,N,,DAYLIGHT,CLEAR,ICE,,NO JUNCTION INVOLVED,CURVE/LEVEL,ASPHALT,RAN OFF ROAD RIGHT,RAN OFF ROAD,SFAIRFAXRD,NONE,2019-02-18 10:00:00
MONROE SD,BLOOMINGTON,1,0.0,0.0,0.0,0.0,7887.0,,,S OLD SR 37,,,,,39.056544,-86.541088,LOCAL/CITY ROAD,N,RURAL,N,N,N,,DAWN/DUSK,SLEET/HAIL/FREEZING RAIN,ICE,NONE,NO JUNCTION INVOLVED,STRAIGHT/LEVEL,ASPHALT,ROADWAY SURFACE CONDITION,RAN OFF ROAD,SOLDSR37HWY,NONE,2019-02-18 08:03:00
MONROE SD,BLOOMINGTON,1,0.0,0.0,0.0,0.0,,,,S ROCKPORT,S VICTOR PIKE,,,,39.053744,-86.606304,LOCAL/CITY ROAD,N,RURAL,N,N,N,,DAWN/DUSK,CLOUDY,ICE,,T-INTERSECTION,STRAIGHT/GRADE,ASPHALT,SPEED TOO FAST FOR WEATHER CONDITIONS,RAN OFF ROAD,SROCKPORTRDSVICTORPIKE,NONE,2019-02-18 07:06:00
MONROE SD,BLOOMINGTON,2,0.0,0.0,0.0,0.0,,,,S WICKENS,W LEIGHTON LN,,50.0,W,39.12527,-86.55093567,COUNTY ROAD,N,RURAL,N,N,N,,DARK (NOT LIGHTED),CLEAR,DRY,,T-INTERSECTION,STRAIGHT/LEVEL,ASPHALT,IMPROPER LANE USAGE,SAME DIRECTION SIDESWIPE,SWICKENSSTWLEIGHTONLN,NONE,2019-02-18 20:20:00
MONROE SD,BLOOMINGTON,1,0.0,0.0,0.0,0.0,,,,W ELWREN,S GREENE COUNTY LINE RD,,2500.0,,39.087845,-86.66646999,LOCAL/CITY ROAD,Y,RURAL,N,N,N,,DARK (NOT LIGHTED),CLOUDY,DRY,,NO JUNCTION INVOLVED,STRAIGHT/GRADE,ASPHALT,RAN OFF ROAD RIGHT,RAN OFF ROAD,ELWRENRDGREENECOUNTYLINERD,NONE,2019-02-18 21:09:00
MONROE SD,BLOOMINGTON,2,0.0,0.0,0.0,0.0,,,,W GORDON,S ROGERS ST,,,,39.121648,-86.539088,LOCAL/CITY ROAD,N,URBAN,Y,N,N,,DAYLIGHT,CLOUDY,DRY,,FOUR-WAY INTERSECTION,STRAIGHT/LEVEL,ASPHALT,OTHER (DRIVER) - EXPLAIN IN NARRATIVE,REAR END,SROGERSSTWGORDONPIKE,STOP SIGN,2019-02-18 04:50:00
BLOOMINGTON PD,BLOOMINGTON,2,0.0,0.0,0.0,0.0,,,,S COLLEGE,W 3RD ST,,,,39.16464,-86.534816,LOCAL/CITY ROAD,N,URBAN,N,N,N,,DAYLIGHT,CLEAR,DRY,,FOUR-WAY INTERSECTION,STRAIGHT/LEVEL,ASPHALT,FOLLOWING TOO CLOSELY,REAR END,SOUTHCOLLEGEAVEW3RDST,TRAFFIC CONTROL SIGNAL,2019-02-19 10:40:00
INDIANA UNIV BLOOMINGTON PD,BLOOMINGTON,2,0.0,0.0,0.0,0.0,,,,N WOODLAWN,E 10TH ST,,,,39.171515,-86.52351,LOCAL/CITY ROAD,N,URBAN,N,N,N,,DARK (LIGHTED),CLEAR,DRY,,FOUR-WAY INTERSECTION,STRAIGHT/LEVEL,ASPHALT,FOLLOWING TOO CLOSELY,REAR END,TENTHSTWOODLAWNAVE,TRAFFIC CONTROL SIGNAL,2019-02-19 18:50:00
BLOOMINGTON PD,BLOOMINGTON,2,0.0,0.0,0.0,0.0,,,,N GATES,N JACOB DR,,,,39.16562,-86.576,LOCAL/CITY ROAD,Y,URBAN,N,N,N,,DAYLIGHT,CLOUDY,DRY,,T-INTERSECTION,STRAIGHT/LEVEL,ASPHALT,FAILURE TO YIELD RIGHT OF WAY,RIGHT ANGLE,SGATESDRWJACOBDR,STOP SIGN,2019-02-19 12:47:00
BLOOMINGTON PD,BLOOMINGTON,2,0.0,2.0,0.0,0.0,,,,E HILLSIDE,S MAXWELL ST,,,,39.150576,-86.515088,LOCAL/CITY ROAD,N,URBAN,N,N,N,,DAWN/DUSK,CLEAR,DRY,,T-INTERSECTION,STRAIGHT/LEVEL,ASPHALT,FAILURE TO YIELD RIGHT OF WAY,LEFT TURN,EHILLSIDEDRSMAXWELLST,LANE CONTROL,2019-02-19 07:44:00
MONROE SD,BLOOMINGTON,1,0.0,0.0,0.0,0.0,,,,E SCHACHT,S HARRELL RD,,2500.0,W,39.10689,-86.52357369,COUNTY ROAD,N,RURAL,N,N,N,,DAYLIGHT,CLOUDY,DRY,,NO JUNCTION INVOLVED,STRAIGHT/LEVEL,ASPHALT,RAN OFF ROAD RIGHT,RAN OFF ROAD,HARRELRDSCHACHTRD,NONE,2019-02-19 16:56:00
MONROE SD,BLOOMINGTON,2,1.0,0.0,0.0,0.0,,,,S CURRY,W FARMER AVE,,,,39.15059,-86.58262,COUNTY ROAD,N,URBAN,N,N,N,,DAYLIGHT,CLEAR,DRY,,NO JUNCTION INVOLVED,STRAIGHT/LEVEL,ASPHALT,IMPROPER TURNING,RIGHT TURN,CURRYPIKEFARMERAVE,NONE,2019-02-19 07:56:00
BLOOMINGTON PD,BLOOMINGTON,2,0.0,1.0,0.0,0.0,,,,S HENDERSON,E SOUTHERN DR,,,,39.1495,-86.52693,LOCAL/CITY ROAD,N,URBAN,N,N,N,,DAYLIGHT,CLEAR,DRY,,T-INTERSECTION,STRAIGHT/GRADE,ASPHALT,FAILURE TO YIELD RIGHT OF WAY,RIGHT ANGLE,ESOUTHERNDRSHENDERSONST,STOP SIGN,2019-02-19 13:30:00
MONROE SD,BLOOMINGTON,2,0.0,0.0,0.0,0.0,,,,W POPCORN,S THIRD ST,,300.0,W,0.0,0.0,LOCAL/CITY ROAD,N,RURAL,N,N,N,,DAYLIGHT,CLEAR,DRY,,NO JUNCTION INVOLVED,STRAIGHT/LEVEL,ASPHALT,OTHER (DRIVER) - EXPLAIN IN NARRATIVE,OPPOSITE DIRECTION SIDESWIPE,STHIRDSTWPOPCORNRD,NONE,2019-02-19 08:46:00
BLOOMINGTON PD,BLOOMINGTON,3,0.0,0.0,0.0,0.0,,,,S WALNUT,E 3RD ST,,200.0,S,39.16409069,-86.5336,LOCAL/CITY ROAD,N,URBAN,N,N,N,,DAYLIGHT,RAIN,WET,,NO JUNCTION INVOLVED,STRAIGHT/LEVEL,ASPHALT,BRAKE FAILURE OR DEFECTIVE,REAR END,3RDSTWALNUTST,NONE,2019-02-20 08:19:00
BLOOMINGTON PD,BLOOMINGTON,2,0.0,0.0,0.0,0.0,,,,W 3RD,S WALNUT ST,,,,39.16464,-86.5336,LOCAL/CITY ROAD,N,URBAN,N,N,N,,DAYLIGHT,RAIN,WET,,FOUR-WAY INTERSECTION,STRAIGHT/GRADE,ASPHALT,DISREGARD SIGNAL/REG SIGN,RIGHT ANGLE,SWALNUTSTW3RDST,TRAFFIC CONTROL SIGNAL,2019-02-20 13:30:00
BLOOMINGTON PD,BLOOMINGTON,1,0.0,1.0,0.0,0.0,,,,W 7TH,N WALNUT ST,,,,39.16855,-86.53359,LOCAL/CITY ROAD,N,URBAN,N,N,N,,DAYLIGHT,CLOUDY,DRY,,FOUR-WAY INTERSECTION,STRAIGHT/LEVEL,ASPHALT,FAILURE TO YIELD RIGHT OF WAY,LEFT TURN,NORTHWALNUTSTWEST7THST,TRAFFIC CONTROL SIGNAL,2019-02-20 16:05:00
ISP BLOOMINGTON 33,BLOOMINGTON,2,0.0,2.0,0.0,0.0,,,,N CURRY,W VERNAL PIKE,,1200.0,S,39.05220955,-86.58309,COUNTY ROAD,N,RURAL,N,N,N,,DAYLIGHT,CLOUDY,WET,,NO JUNCTION INVOLVED,STRAIGHT/LEVEL,ASPHALT,UNSAFE SPEED,REAR END,CURRYPIKEVERNALPIKE,LANE CONTROL,2019-02-20 15:55:00
MONROE SD,BLOOMINGTON,2,0.0,0.0,0.0,0.0,,,,SR 45/46,I-69 S,Y,,,39.16108761,-86.41134094,STATE ROAD,N,RURAL,N,N,N,,DARK (NOT LIGHTED),CLEAR,DRY,,NO JUNCTION INVOLVED,STRAIGHT/LEVEL,CONCRETE,IMPROPER LANE USAGE,SAME DIRECTION SIDESWIPE,I69SR46W,TRAFFIC CONTROL SIGNAL,2019-02-20 21:30:00
INDIANA UNIV BLOOMINGTON PD,BLOOMINGTON,1,0.0,0.0,0.0,0.0,,,,SR 45/46,N MILO B SAMPSON LN,,450.0,S,39.13860874,-86.52215,STATE ROAD,N,URBAN,N,N,N,,DARK (NOT LIGHTED),RAIN,SNOW/SLUSH,,NO JUNCTION INVOLVED,CURVE/GRADE,ASPHALT,UNSAFE BACKING,RAN OFF ROAD,NMILOBSAMPSONLNSR46,NONE,2019-02-20 05:30:00
INDIANA UNIV BLOOMINGTON PD,BLOOMINGTON,2,0.0,0.0,0.0,0.0,,,,E 10TH,N CAMPBELL DR,,,,0.0,0.0,LOCAL/CITY ROAD,N,URBAN,N,N,N,,DAYLIGHT,RAIN,WET,,NO JUNCTION INVOLVED,STRAIGHT/LEVEL,ASPHALT,SPEED TOO FAST FOR WEATHER CONDITIONS,REAR END,10THSTCAMPBELLDR,NONE,2019-02-20 14:36:00
BLOOMINGTON PD,BLOOMINGTON,2,0.0,0.0,0.0,0.0,,,,E HILLSIDE,S NANCY ST,,,,39.150544,-86.511088,LOCAL/CITY ROAD,N,URBAN,N,N,N,,DAWN/DUSK,RAIN,WET,,T-INTERSECTION,STRAIGHT/GRADE,ASPHALT,FOLLOWING TOO CLOSELY,REAR END,EASTHILLSIDEDRSOUTHNANCYST,NONE,2019-02-20 17:40:00
BLOOMINGTON PD,BLOOMINGTON,2,0.0,0.0,0.0,0.0,,,,N GRANT,E 7TH ST,,,,39.16864,-86.529696,LOCAL/CITY ROAD,N,URBAN,N,N,N,,DAYLIGHT,RAIN,WET,,FOUR-WAY INTERSECTION,STRAIGHT/LEVEL,ASPHALT,FAILURE TO YIELD RIGHT OF WAY,RIGHT ANGLE,7THSTGRANTST,STOP SIGN,2019-02-20 12:46:00
MONROE SD,ELLETTSVILLE,1,0.0,0.0,0.0,0.0,,,,N STINESVILLE,W HEDRICK RD,,3000.0,S,39.281744,-86.662992,LOCAL/CITY ROAD,N,RURAL,N,N,N,,DARK (NOT LIGHTED),RAIN,SNOW/SLUSH,,NO JUNCTION INVOLVED,STRAIGHT/LEVEL,ASPHALT,SPEED TOO FAST FOR WEATHER CONDITIONS,RAN OFF ROAD,HEDRICKRDNSTINESVILLERD,NONE,2019-02-20 05:43:00
MONROE SD,BLOOMINGTON,1,0.0,0.0,0.0,0.0,,,,S BREEDEN,W TOM PHILLIPS RD,,500.0,S,39.076048,-86.674496,LOCAL/CITY ROAD,N,RURAL,N,N,N,,DARK (NOT LIGHTED),CLOUDY,WET,,NO JUNCTION INVOLVED,CURVE/LEVEL,ASPHALT,RAN OFF ROAD RIGHT,RAN OFF ROAD,SBREEDENRDWTOMPHILLIPSRD,NONE,2019-02-20 22:07:00
MONROE SD,BLOOMINGTON,1,0.0,0.0,0.0,0.0,,,,W MAY,S LEONARD SPRINGS RD,,450.0,W,39.09344,-86.59337807,LOCAL/CITY ROAD,N,RURAL,N,N,N,,DAWN/DUSK,CLOUDY,SNOW/SLUSH,,NO JUNCTION INVOLVED,STRAIGHT/GRADE,ASPHALT,RAN OFF ROAD RIGHT,RAN OFF ROAD,MAYRDSLEONARDSPRINGSRD,NONE,2019-02-20 07:30:00
BLOOMINGTON PD,BLOOMINGTON,3,0.0,2.0,0.0,0.0,,,,S LIBERTY,SR 45,,,,39.14502,-86.57777,STATE ROAD,N,URBAN,N,N,N,,DAYLIGHT,CLEAR,DRY,,FOUR-WAY INTERSECTION,STRAIGHT/LEVEL,ASPHALT,FAILURE TO YIELD RIGHT OF WAY,RIGHT ANGLE,LIBERTYDRSR45W,TRAFFIC CONTROL SIGNAL,2019-02-21 10:39:00
BLOOMINGTON PD,BLOOMINGTON,2,0.0,2.0,0.0,0.0,,,,N COLLEGE,W 11TH ST,,100.0,S,39.173232,-86.534752,LOCAL/CITY ROAD,N,URBAN,N,N,N,,DAYLIGHT,CLEAR,DRY,,NO JUNCTION INVOLVED,STRAIGHT/GRADE,ASPHALT,IMPROPER LANE USAGE,REAR END,11THSTNCOLLEGEAVE,NONE,2019-02-21 09:27:00
BLOOMINGTON PD,BLOOMINGTON,1,0.0,0.0,0.0,0.0,,,,N CURRY,W PROFILE PKWY,,,,39.17181,-86.58299,LOCAL/CITY ROAD,N,URBAN,N,N,N,,DARK (NOT LIGHTED),CLEAR,DRY,,T-INTERSECTION,STRAIGHT/LEVEL,ASPHALT,RAN OFF ROAD RIGHT,RAN OFF ROAD,NORTHCURRYPIKEPROFILEPKWY,TRAFFIC CONTROL SIGNAL,2019-02-21 20:00:00
BLOOMINGTON PD,BLOOMINGTON,2,0.0,2.0,0.0,0.0,,,,E 16TH,N GRANT ST,,,,39.177776,-86.5296,LOCAL/CITY ROAD,N,URBAN,N,N,N,,DAYLIGHT,CLEAR,DRY,,FOUR-WAY INTERSECTION,STRAIGHT/GRADE,ASPHALT,FAILURE TO YIELD RIGHT OF WAY,RIGHT ANGLE,16THSTGRANTST,STOP SIGN,2019-02-21 08:34:00
MONROE SD,BLOOMINGTON,2,0.0,0.0,0.0,0.0,,,,N PROFILE,W ZENITH DR,,120.0,N,0.0,0.0,LOCAL/CITY ROAD,N,URBAN,N,N,N,,DAYLIGHT,CLEAR,ICE,,T-INTERSECTION,CURVE/LEVEL,ASPHALT,ROADWAY SURFACE CONDITION,OTHER - EXPLAIN IN NARRATIVE,PROFILEPKWYZENITHRD,NONE,2019-02-21 08:46:00
MONROE SD,BLOOMINGTON,1,0.0,1.0,0.0,0.0,,,,S FAIRFAX,S MCCORMICK LN,,1500.0,N,39.23391642,-86.50779,COUNTY ROAD,N,RURAL,N,N,N,,DARK (NOT LIGHTED),CLEAR,ICE,,NO JUNCTION INVOLVED,CURVE/GRADE,ASPHALT,RAN OFF ROAD RIGHT,RAN OFF ROAD,SOUTHFARFAXRDSOUTHMCCORMICKLN,NONE,2019-02-21 06:47:00
MONROE SD,BLOOMINGTON,1,0.0,1.0,0.0,0.0,,,,S ISON,,,1000.0,N,39.104944,-86.61032,LOCAL/CITY ROAD,N,RURAL,N,N,N,,DAWN/DUSK,CLEAR,ICE,,NO JUNCTION INVOLVED,CURVE/GRADE,ASPHALT,SPEED TOO FAST FOR WEATHER CONDITIONS,RAN OFF ROAD,SISONRDTOWERRD,NONE,2019-02-21 07:35:00