Agency,City,Vehicles Involved,Trailers Involved,Number Injured,Number Dead,Number Deer,House Number,Roadway Interchange,Roadway Ramp,Roadway Id,Intersecting Road,Interchange,Feet From,Direction,Latitude,Longitude,Roadway Class,Hit and Run?,Locality,School Zone?,Rumble Strips?,Construction?,Construction Type,Light Condition,Weather Conditions,Surface Condition,Type of Median,Roadway Junction Type,Road Character,Roadway Surface,Primary Factor,Manner of Collision,Unique Location Id,Traffic Control,DateTime
INDIANA UNIV BLOOMINGTON PD,BLOOMINGTON,1,0.0,0.0,0.0,0.0,,,,S JORDAN,E JONES AVE,,200.0,N,39.18671941,-86.51637,LOCAL/CITY ROAD,N,URBAN,N,N,N,,DAYLIGHT,CLEAR,DRY,,NO JUNCTION INVOLVED,CURVE/GRADE,ASPHALT,RAN OFF ROAD RIGHT,RAN OFF ROAD,JONESAVEJORDANAVE,NONE,2019-04-07 20:05:00
MONROE SD,BLOOMINGTON,1,0.0,1.0,0.0,0.0,,,,SR 46,E BENDER RD,,1500.0,W,39.16357685,-86.44328852,STATE ROAD,N,RURAL,N,N,N,,DAYLIGHT,CLOUDY,DRY,,NO JUNCTION INVOLVED,CURVE/GRADE,ASPHALT,RAN OFF ROAD RIGHT,RAN OFF ROAD,EBENDERRDSR46E,NONE,2019-04-07 16:49:00
MONROE SD,BLOOMINGTON,1,0.0,0.0,0.0,0.0,,,,E LAMPKINS RIDGE,,,5280.0,E,39.150656,-86.426096,COUNTY ROAD,N,RURAL,N,N,N,,DAYLIGHT,CLEAR,WET,,NO JUNCTION INVOLVED,CURVE/GRADE,ASPHALT,RAN OFF ROAD RIGHT,RAN OFF ROAD,DEERTRELAMPKINSRIDGERD,NONE,2019-04-07 12:29:00
MONROE SD,BLOOMINGTON,1,0.0,1.0,0.0,0.0,,,,S GARRISON CHAPEL,SR 45,,500.0,N,39.11239634,-86.63837006,COUNTY ROAD,N,RURAL,N,N,N,,DAYLIGHT,RAIN,WET,,NO JUNCTION INVOLVED,STRAIGHT/GRADE,ASPHALT,RAN OFF ROAD RIGHT,RAN OFF ROAD,SGARRISONCHAPELRDWESTSTATEROAD45RD,NONE,2019-04-07 09:57:00
MONROE SD,BLOOMINGTON,1,0.0,0.0,0.0,0.0,,,,S GARRISON CHAPEL,W SPICER LN,,15.0,S,39.141648,-86.6428,LOCAL/CITY ROAD,Y,RURAL,N,N,N,,DAWN/DUSK,CLOUDY,DRY,,NO JUNCTION INVOLVED,STRAIGHT/HILLCREST,ASPHALT,RAN OFF ROAD RIGHT,RAN OFF ROAD,SGARRISONCHAPELRDSPICERLN,NONE,2019-04-07 19:57:00
BLOOMINGTON PD,BLOOMINGTON,1,0.0,0.0,0.0,0.0,1220.0,,,W ARLINGTON,W 17TH ST,,,,39.1793458,-86.54728221,LOCAL/CITY ROAD,Y,URBAN,N,N,N,,DARK (NOT LIGHTED),CLEAR,DRY,,NO JUNCTION INVOLVED,CURVE/GRADE,ASPHALT,RAN OFF ROAD RIGHT,RAN OFF ROAD,WARLINGTONRD,NONE,2019-04-07 20:45:00
BLOOMINGTON PD,BLOOMINGTON,2,0.0,0.0,0.0,0.0,,,,SR 48,S CURRY PIKE,,,,39.16464,-86.582825,LOCAL/CITY ROAD,N,URBAN,N,N,N,,DAYLIGHT,CLEAR,DRY,,FOUR-WAY INTERSECTION,STRAIGHT/LEVEL,ASPHALT,DISREGARD SIGNAL/REG SIGN,BACKING CRASH,SCURRYPIKEW3RDST,TRAFFIC CONTROL SIGNAL,2019-04-08 16:46:00
ISP BLOOMINGTON 33,BLOOMINGTON,2,0.0,0.0,0.0,0.0,,,,N CURRY,SR 46,,,,39.19373,-86.571295,STATE ROAD,N,RURAL,N,N,N,,DAYLIGHT,CLEAR,DRY,,NO JUNCTION INVOLVED,STRAIGHT/LEVEL,ASPHALT,UNSAFE LANE MOVEMENT,SAME DIRECTION SIDESWIPE,CURRYPIKESR46,TRAFFIC CONTROL SIGNAL,2019-04-08 14:27:00
BLOOMINGTON PD,BLOOMINGTON,2,0.0,0.0,0.0,0.0,,,,S WALNUT ST PIKE,S WALNUT ST,,,,39.107344,-86.5264,LOCAL/CITY ROAD,N,URBAN,N,N,N,,DAYLIGHT,CLEAR,DRY,,T-INTERSECTION,STRAIGHT/GRADE,ASPHALT,FAILURE TO YIELD RIGHT OF WAY,RIGHT ANGLE,SWALNUTSTREETPIKESWALNUTST,NONE,2019-04-08 15:25:00
INDIANA UNIV BLOOMINGTON PD,BLOOMINGTON,2,0.0,0.0,0.0,0.0,,,,E 7TH,N DUNN ST,,,,39.16853,-86.52825,LOCAL/CITY ROAD,Y,URBAN,N,N,N,,DAYLIGHT,CLEAR,DRY,,NO JUNCTION INVOLVED,STRAIGHT/LEVEL,ASPHALT,IMPROPER LANE USAGE,SAME DIRECTION SIDESWIPE,DUNNSTSEVENTHST,NONE,2019-04-08 13:45:00
INDIANA UNIV BLOOMINGTON PD,BLOOMINGTON,2,0.0,0.0,0.0,0.0,,,,N CAMPBELL,E 10TH ST,,75.0,N,39.17937222,-86.51394,UNKNOWN,Y,URBAN,N,N,N,,DAYLIGHT,CLOUDY,,,NO JUNCTION INVOLVED,STRAIGHT/LEVEL,ASPHALT,,,ETENTHSTNCAMPBELLDR,NONE,2019-04-08 10:00:00
MONROE SD,BLOOMINGTON,1,0.0,1.0,0.0,0.0,,,,N RUSSELL,E COMMODORE TRAIL,,550.0,N,39.24511258,-86.48181,LOCAL/CITY ROAD,N,RURAL,N,N,N,,DAYLIGHT,CLEAR,DRY,,NO JUNCTION INVOLVED,CURVE/GRADE,CONCRETE,RAN OFF ROAD RIGHT,RAN OFF ROAD,ECOMMODORETRLNRUSSELLRD,NONE,2019-04-08 17:46:00
MONROE SD,BLOOMINGTON,2,0.0,0.0,0.0,0.0,,,,S LIBERTY,W CONSTITUTION AVE,,750.0,N,39.149552,-86.575936,LOCAL/CITY ROAD,N,RURAL,N,N,N,,DAYLIGHT,CLEAR,DRY,,NO JUNCTION INVOLVED,STRAIGHT/LEVEL,CONCRETE,FOLLOWING TOO CLOSELY,REAR END,SLIBERTYDRWCONSTITUTIONAVE,NONE,2019-04-08 14:51:00
MONROE SD,BLOOMINGTON,2,0.0,0.0,0.0,0.0,,,,SR 46,FOSTER FISCUS RD,,,,39.28011,-86.67979,STATE ROAD,N,RURAL,N,N,N,,DAWN/DUSK,CLEAR,DRY,,T-INTERSECTION,CURVE/LEVEL,ASPHALT,FOLLOWING TOO CLOSELY,REAR END,FOSTERFISCUSRDSR46W,NONE,2019-04-08 07:40:00
BLOOMINGTON PD,BLOOMINGTON,2,0.0,0.0,0.0,0.0,,,,SR 46,S JEFFERSON ST,,,,39.164304,-86.506992,LOCAL/CITY ROAD,N,URBAN,N,N,N,,DAYLIGHT,CLOUDY,DRY,,T-INTERSECTION,STRAIGHT/LEVEL,ASPHALT,FOLLOWING TOO CLOSELY,REAR END,3RDSTJEFFERSONST,NONE,2019-04-08 12:29:00
MONROE SD,BLOOMINGTON,2,0.0,0.0,0.0,0.0,,,,S WALNUT,S ORCHARD LN,,,,39.11584,-86.5312,COUNTY ROAD,N,RURAL,N,N,N,,DAYLIGHT,CLEAR,DRY,,NO JUNCTION INVOLVED,STRAIGHT/LEVEL,ASPHALT,FAILURE TO YIELD RIGHT OF WAY,RIGHT ANGLE,SOLDSTATE37RDSORCHARDLN,STOP SIGN,2019-04-09 07:33:00
ELLETTSVILLE PD,ELLETTSVILLE,2,0.0,0.0,0.0,0.0,,,,SR 46,N MATTHEWS DR,,,,39.234768,-86.626384,STATE ROAD,N,URBAN,N,N,N,,DAYLIGHT,CLEAR,DRY,,NO JUNCTION INVOLVED,STRAIGHT/GRADE,ASPHALT,IMPROPER TURNING,SAME DIRECTION SIDESWIPE,MATTHEWSDRSR46W,TRAFFIC CONTROL SIGNAL,2019-04-09 11:07:00
BLOOMINGTON PD,BLOOMINGTON,2,0.0,0.0,0.0,0.0,,,,S COLLEGE MALL,E COVENANTER DR,,1000.0,S,39.04944107,-86.49793,LOCAL/CITY ROAD,N,URBAN,N,N,N,,DAYLIGHT,CLEAR,DRY,,T-INTERSECTION,STRAIGHT/LEVEL,ASPHALT,FAILURE TO YIELD RIGHT OF WAY,RIGHT ANGLE,SCOLLEGEMALLRDWCOVENANTERDR,NONE,2019-04-09 13:52:00
BLOOMINGTON PD,BLOOMINGTON,1,0.0,1.0,0.0,0.0,,,,N ILLINOIS,W 11TH ST,,,,39.173344,-86.550304,LOCAL/CITY ROAD,N,URBAN,N,N,N,,DAYLIGHT,CLEAR,DRY,,T-INTERSECTION,STRAIGHT/LEVEL,ASPHALT,RAN OFF ROAD RIGHT,RAN OFF ROAD,NILLINOISSTW11THST,STOP SIGN,2019-04-09 15:50:00
BLOOMINGTON PD,BLOOMINGTON,2,0.0,0.0,0.0,0.0,,,,N MONROE,W 11TH ST,,200.0,N,39.17389331,-86.547104,LOCAL/CITY ROAD,N,URBAN,N,N,N,,DAYLIGHT,CLEAR,DRY,,NO JUNCTION INVOLVED,STRAIGHT/LEVEL,ASPHALT,FAILURE TO YIELD RIGHT OF WAY,RIGHT ANGLE,11THSTMONROEST,NONE,2019-04-09 11:34:00
MONROE SD,BLOOMINGTON,1,0.0,0.0,0.0,0.0,,,,N WAYPORT,E ELLIS RD,,200.0,N,39.26589753,-86.53356006,COUNTY ROAD,N,RURAL,N,N,N,,DAYLIGHT,CLEAR,DRY,,NO JUNCTION INVOLVED,STRAIGHT/GRADE,ASPHALT,RAN OFF ROAD RIGHT,RAN OFF ROAD,CONNAUGHTRDWAYPORTRD,NONE,2019-04-09 08:10:00
INDIANA UNIV BLOOMINGTON PD,BLOOMINGTON,1,0.0,2.0,0.0,0.0,,,,S BALLANTINE,E 3RD ST,,,,39.16427,-86.51913,LOCAL/CITY ROAD,N,URBAN,N,N,N,,DAYLIGHT,CLEAR,DRY,,FOUR-WAY INTERSECTION,STRAIGHT/LEVEL,ASPHALT,FAILURE TO YIELD RIGHT OF WAY,OTHER - EXPLAIN IN NARRATIVE,BALLANTINERDTHIRDST,LANE CONTROL,2019-04-09 19:19:00
BLOOMINGTON PD,BLOOMINGTON,2,0.0,2.0,0.0,0.0,,,,S HIGH,E HILLSIDE DR,,,,39.15048,-86.50844,LOCAL/CITY ROAD,N,URBAN,N,N,N,,DAYLIGHT,CLEAR,DRY,,FOUR-WAY INTERSECTION,STRAIGHT/GRADE,ASPHALT,FAILURE TO YIELD RIGHT OF WAY,RIGHT TURN,EHILLSIDEDRSHIGHST,TRAFFIC CONTROL SIGNAL,2019-04-09 16:37:00
INDIANA UNIV BLOOMINGTON PD,BLOOMINGTON,1,0.0,1.0,0.0,0.0,,,,SERVICE ROAD,ALLEY,,,,39.18279,-86.523885,UNKNOWN,N,RURAL,N,N,N,,DAYLIGHT,CLEAR,DRY,,T-INTERSECTION,STRAIGHT/GRADE,ASPHALT,FAILURE TO YIELD RIGHT OF WAY,LEFT TURN,NDUNNST,NONE,2019-04-09 10:20:00
BLOOMINGTON PD,BLOOMINGTON,1,0.0,0.0,0.0,0.0,,,,W COUNTRY CLUB,S BANTA AVE,,,,39.136304,-86.544592,LOCAL/CITY ROAD,N,URBAN,N,N,N,,DAYLIGHT,CLEAR,DRY,,T-INTERSECTION,STRAIGHT/GRADE,ASPHALT,OTHER (DRIVER) - EXPLAIN IN NARRATIVE,RAN OFF ROAD,SBANTAAVEWCOUNTRYCLUBRD,NONE,2019-04-09 14:39:00
BLOOMINGTON PD,BLOOMINGTON,2,0.0,0.0,0.0,0.0,,,,S WALNUT,E 3RD ST,,,,39.16464,-86.5336,LOCAL/CITY ROAD,N,URBAN,N,N,N,,DAWN/DUSK,CLEAR,DRY,,FOUR-WAY INTERSECTION,STRAIGHT/LEVEL,ASPHALT,FAILURE TO YIELD RIGHT OF WAY,RIGHT ANGLE,E3RDSTSWALNUTST,TRAFFIC CONTROL SIGNAL,2019-04-10 19:30:00
BLOOMINGTON PD,BLOOMINGTON,2,0.0,0.0,0.0,0.0,,,,E ATWATER,E 3RD ST,,75.0,S,39.164448,-86.528096,LOCAL/CITY ROAD,N,URBAN,N,N,N,,DAYLIGHT,RAIN,WET,,NO JUNCTION INVOLVED,STRAIGHT/LEVEL,ASPHALT,SPEED TOO FAST FOR WEATHER CONDITIONS,SAME DIRECTION SIDESWIPE,E3RDSTEATWATERAVE,NONE,2019-04-10 08:05:00
INDIANA UNIV BLOOMINGTON PD,BLOOMINGTON,2,0.0,0.0,0.0,0.0,,,,E 17TH,N FEE LN,,,,39.178928,-86.518992,LOCAL/CITY ROAD,N,URBAN,N,N,N,,DARK (LIGHTED),CLEAR,DRY,,FOUR-WAY INTERSECTION,STRAIGHT/LEVEL,ASPHALT,FAILURE TO YIELD RIGHT OF WAY,HEAD ON BETWEEN TWO MOTOR VEHICLES,EAST17THSTFEELN,TRAFFIC CONTROL SIGNAL,2019-04-10 23:20:00
INDIANA UNIV BLOOMINGTON PD,BLOOMINGTON,2,0.0,0.0,0.0,0.0,,,,SR 45/46,N RANGE RD,,,,0.0,0.0,STATE ROAD,N,URBAN,N,N,N,,DAYLIGHT,CLEAR,DRY,,NO JUNCTION INVOLVED,STRAIGHT/LEVEL,ASPHALT,FOLLOWING TOO CLOSELY,REAR END,RANGERDSR4546S,LANE CONTROL,2019-04-10 17:35:00
MONROE SD,BLOOMINGTON,1,0.0,0.0,0.0,0.0,,,,E SMITHVILLE,S STRAIN RIDGE RD,,,,39.07112,-86.507008,LOCAL/CITY ROAD,Y,RURAL,N,N,N,,DAYLIGHT,CLEAR,DRY,,FOUR-WAY INTERSECTION,STRAIGHT/GRADE,ASPHALT,RAN OFF ROAD RIGHT,RAN OFF ROAD,EASTSMITHVILLERDSOUTHSTRAINRIDGERD,STOP SIGN,2019-04-10 15:45:00
MONROE SD,BLOOMINGTON,1,0.0,1.0,0.0,0.0,280.0,,,E SMITHVILLE,S ZIKES RD,,750.0,W,39.071344,-86.5252,LOCAL/CITY ROAD,N,RURAL,N,N,N,,DAYLIGHT,CLEAR,DRY,,NO JUNCTION INVOLVED,CURVE/GRADE,ASPHALT,RAN OFF ROAD RIGHT,RAN OFF ROAD,280ESMITHVILLERDSZIKESRD,NONE,2019-04-10 15:52:00
MONROE SD,BLOOMINGTON,1,0.0,0.0,0.0,0.0,,,,I-69 N,,,600.0,S,39.20763058,-86.52750503,INTERSTATE,N,RURAL,N,Y,N,,DARK (NOT LIGHTED),CLEAR,DRY,,RAMP,STRAIGHT/LEVEL,ASPHALT,DRIVER ASLEEP OR FATIGUED,RAN OFF ROAD,I69NWSAMPLERD,NONE,2019-04-10 00:13:00
ISP BLOOMINGTON 33,BLOOMINGTON,1,0.0,0.0,0.0,1.0,,,,I-69 S,,,100.0,N,0.0,0.0,INTERSTATE,N,RURAL,N,N,N,,DAYLIGHT,CLOUDY,DRY,,NO JUNCTION INVOLVED,STRAIGHT/GRADE,ASPHALT,ANIMAL/OBJECT IN ROADWAY,COLLISION WITH DEER,I69130,LANE CONTROL,2019-04-10 08:14:00
BLOOMINGTON PD,BLOOMINGTON,2,0.0,1.0,0.0,0.0,,,,N INDIANA,E COTTAGE GROVE AVE,,,,39.17264,-86.52704,LOCAL/CITY ROAD,N,URBAN,N,N,N,,DAYLIGHT,CLEAR,DRY,,T-INTERSECTION,STRAIGHT/LEVEL,ASPHALT,FAILURE TO YIELD RIGHT OF WAY,RIGHT ANGLE,EASTCOTTAGEGROVEAVENORTHINDIANAST,STOP SIGN,2019-04-10 16:10:00
BLOOMINGTON PD,BLOOMINGTON,2,0.0,0.0,0.0,0.0,,,,N WALNUT,E 19TH ST,,,,39.181552,-86.5336,LOCAL/CITY ROAD,N,URBAN,N,N,N,,DAYLIGHT,CLEAR,DRY,,T-INTERSECTION,STRAIGHT/LEVEL,ASPHALT,FAILURE TO YIELD RIGHT OF WAY,LEFT TURN,E19THSTNWALNUTST,STOP SIGN,2019-04-10 16:55:00
ISP BLOOMINGTON 33,BLOOMINGTON,2,0.0,0.0,0.0,0.0,,,,S WELMIR,N CURRY PIKE,,20.0,E,0.0,0.0,LOCAL/CITY ROAD,N,URBAN,N,N,N,,DAYLIGHT,CLEAR,DRY,,T-INTERSECTION,STRAIGHT/LEVEL,ASPHALT,UNSAFE BACKING,BACKING CRASH,CURRYPIKEWELMIRDR,NONE,2019-04-10 13:15:00
ELLETTSVILLE PD,ELLETTSVILLE,1,0.0,0.0,0.0,0.0,,,,SR 46,N CHANDLER DR,,100.0,E,39.23356497,-86.62163933,LOCAL/CITY ROAD,N,URBAN,N,N,N,,DAYLIGHT,CLEAR,DRY,,T-INTERSECTION,STRAIGHT/LEVEL,ASPHALT,BRAKE FAILURE OR DEFECTIVE,RAN OFF ROAD,CHANDLERDRMAINST,LANE CONTROL,2019-04-10 17:25:00
BLOOMINGTON PD,BLOOMINGTON,3,0.0,2.0,0.0,0.0,,,,S LIBERTY,SR 48,,1000.0,S,39.05886555,-86.57913,LOCAL/CITY ROAD,N,URBAN,N,N,N,,DAYLIGHT,CLEAR,DRY,,T-INTERSECTION,STRAIGHT/GRADE,ASPHALT,LEFT OF CENTER,HEAD ON BETWEEN TWO MOTOR VEHICLES,SLIBERTYDRW3RDST,NONE,2019-04-11 14:08:00
INDIANA UNIV BLOOMINGTON PD,BLOOMINGTON,3,0.0,0.0,0.0,0.0,,,,SR 45/46,E 17TH ST,,,,39.17984,-86.507088,STATE ROAD,N,URBAN,N,N,N,,DAYLIGHT,CLEAR,DRY,,T-INTERSECTION,STRAIGHT/LEVEL,ASPHALT,FOLLOWING TOO CLOSELY,REAR END,EAST17THSTSR46,TRAFFIC CONTROL SIGNAL,2019-04-11 16:35:00
INDIANA UNIV BLOOMINGTON PD,BLOOMINGTON,2,0.0,0.0,0.0,0.0,,,,E 3RD,S INDIANA AVE,,60.0,N,39.164448,-86.5268,UNKNOWN,N,URBAN,N,N,N,,DAYLIGHT,CLEAR,DRY,,NO JUNCTION INVOLVED,STRAIGHT/LEVEL,ASPHALT,OVERCORRECTING/OVERSTEERING,LEFT/RIGHT TURN,3RDSTINDIANAAVE,NONE,2019-04-11 16:11:00
BLOOMINGTON PD,BLOOMINGTON,2,1.0,0.0,0.0,0.0,,,,E COVENANTER,S AUTO MALL RD,,,,39.15503,-86.49611,LOCAL/CITY ROAD,N,URBAN,N,N,N,,DAYLIGHT,CLOUDY,DRY,,NO JUNCTION INVOLVED,STRAIGHT/GRADE,ASPHALT,IMPROPER PASSING,SAME DIRECTION SIDESWIPE,AUTOMALLRDCOVENANTERDR,STOP SIGN,2019-04-11 08:34:00
MONROE SD,BLOOMINGTON,2,0.0,0.0,0.0,0.0,,,,S CURRY,W BROADWAY AVE,,1000.0,S,39.16584,-86.582992,LOCAL/CITY ROAD,N,RURAL,N,N,N,,DAYLIGHT,CLEAR,DRY,,NO JUNCTION INVOLVED,STRAIGHT/LEVEL,ASPHALT,FAILURE TO YIELD RIGHT OF WAY,SAME DIRECTION SIDESWIPE,SCURRYPIKEWBROADWAYAVE,NONE,2019-04-11 09:00:00
BLOOMINGTON PD,BLOOMINGTON,2,0.0,0.0,0.0,0.0,,,,S ROGERS,W DODDS ST,,,,39.15747,-86.5387,LOCAL/CITY ROAD,N,URBAN,N,N,N,,DAYLIGHT,CLEAR,DRY,,FOUR-WAY INTERSECTION,STRAIGHT/LEVEL,ASPHALT,DISREGARD SIGNAL/REG SIGN,RIGHT ANGLE,DODDSSTSOUTHROGERSST,STOP SIGN,2019-04-11 15:49:00
MONROE SD,BLOOMINGTON,1,0.0,1.0,0.0,0.0,,,,SR 446,E SALT CREEK DR,,200.0,S,39.06670258,-86.4224,STATE ROAD,N,URBAN,N,N,N,,DAWN/DUSK,CLEAR,DRY,,NO JUNCTION INVOLVED,CURVE/GRADE,ASPHALT,HOLES/RUTS IN SURFACE,NON-COLLISION,ESALTCREEKDRSR446S,LANE CONTROL,2019-04-11 19:23:00
BLOOMINGTON PD,BLOOMINGTON,2,0.0,0.0,0.0,0.0,,,,S LIBERTY,SR 48,,,,39.16461,-86.57913,LOCAL/CITY ROAD,N,URBAN,N,N,N,,DAYLIGHT,CLEAR,DRY,,NO JUNCTION INVOLVED,STRAIGHT/LEVEL,ASPHALT,IMPROPER PASSING,RIGHT ANGLE,SLIBERTYDRW3RDST,TRAFFIC CONTROL SIGNAL,2019-04-12 16:14:00
BLOOMINGTON PD,BLOOMINGTON,2,0.0,0.0,0.0,0.0,,,,S WALNUT,E 3RD ST,,100.0,S,39.15402556,-86.53363,LOCAL/CITY ROAD,N,URBAN,N,N,N,,DAYLIGHT,CLOUDY,DRY,,NO JUNCTION INVOLVED,STRAIGHT/LEVEL,ASPHALT,FAILURE TO YIELD RIGHT OF WAY,LEFT TURN,THIRDSTWALNUTST,LANE CONTROL,2019-04-12 13:25:00
INDIANA UNIV BLOOMINGTON PD,BLOOMINGTON,2,0.0,0.0,0.0,0.0,,,,N FEE,E 17TH ST,,70.0,N,39.178928,-86.518992,LOCAL/CITY ROAD,N,URBAN,N,N,N,,DAWN/DUSK,CLEAR,DRY,,INTERCHANGE,STRAIGHT/LEVEL,ASPHALT,UNSAFE LANE MOVEMENT,RIGHT TURN,17THSTREETSTFEELANELN,LANE CONTROL,2019-04-12 19:23:00
MONROE SD,BLOOMINGTON,3,0.0,1.0,0.0,0.0,,,,SR 37,S VICTOR PIKE,,,,39.105552,-86.551104,STATE ROAD,N,RURAL,N,N,N,,DAYLIGHT,CLEAR,DRY,,FOUR-WAY INTERSECTION,STRAIGHT/LEVEL,ASPHALT,FOLLOWING TOO CLOSELY,REAR END,SVICTORPIKESR37S,TRAFFIC CONTROL SIGNAL,2019-04-12 17:17:00
MONROE SD,BLOOMINGTON,2,0.0,0.0,0.0,0.0,,,,S WALNUT ST PIKE,S FAIRFAX RD,,,,39.10719,-86.52648,LOCAL/CITY ROAD,N,RURAL,N,N,N,,DAYLIGHT,CLEAR,DRY,,T-INTERSECTION,STRAIGHT/GRADE,ASPHALT,FOLLOWING TOO CLOSELY,REAR END,FAIRFAXRDWALNUTSTREETPIKE,STOP SIGN,2019-04-12 15:34:00
BLOOMINGTON PD,BLOOMINGTON,2,0.0,0.0,0.0,0.0,,,,E 9TH,N GRANT ST,,,,39.170544,-86.529696,LOCAL/CITY ROAD,N,URBAN,N,N,N,,DAYLIGHT,RAIN,WET,,FOUR-WAY INTERSECTION,STRAIGHT/LEVEL,ASPHALT,OVERCORRECTING/OVERSTEERING,REAR END,E9THSTNGRANTST,STOP SIGN,2019-04-12 08:40:00
MONROE SD,BLOOMINGTON,1,0.0,0.0,0.0,0.0,,,,N LOUDEN,W HOWARD RD,,5000.0,N,39.187344,-86.6396,LOCAL/CITY ROAD,N,URBAN,N,N,N,,DAYLIGHT,CLEAR,DRY,,NO JUNCTION INVOLVED,STRAIGHT/GRADE,ASPHALT,RAN OFF ROAD RIGHT,RAN OFF ROAD,NLOUDENRDWHOWARDRD,NONE,2019-04-12 16:26:00
ISP BLOOMINGTON 33,BLOOMINGTON,2,0.0,0.0,0.0,0.0,,,,SR 45/46,N COLLEGE AVE,,150.0,W,39.18638383,-86.5352318,STATE ROAD,N,URBAN,N,N,N,,DAYLIGHT,CLEAR,DRY,,NO JUNCTION INVOLVED,STRAIGHT/GRADE,ASPHALT,FOLLOWING TOO CLOSELY,REAR END,COLLEGEAVESR46,LANE CONTROL,2019-04-13 18:28:00
INDIANA UNIV BLOOMINGTON PD,BLOOMINGTON,2,0.0,0.0,0.0,0.0,,,,N JORDAN,E 17TH ST,,590.0,E,39.178848,-86.511088,LOCAL/CITY ROAD,N,URBAN,N,N,N,,DAYLIGHT,CLEAR,DRY,,T-INTERSECTION,STRAIGHT/GRADE,ASPHALT,FAILURE TO YIELD RIGHT OF WAY,RIGHT ANGLE,EAST17THSTNJORDANAVE,NONE,2019-04-13 12:15:00
BLOOMINGTON PD,BLOOMINGTON,2,0.0,1.0,0.0,0.0,,,,S SMITH,SR 46,,,,39.16424,-86.480688,LOCAL/CITY ROAD,N,URBAN,N,N,N,,DAYLIGHT,CLEAR,DRY,,NO JUNCTION INVOLVED,STRAIGHT/LEVEL,ASPHALT,UNSAFE BACKING,BACKING CRASH,E3RDSTSSMITHRD,TRAFFIC CONTROL SIGNAL,2019-04-13 14:46:00
INDIANA UNIV BLOOMINGTON PD,BLOOMINGTON,4,0.0,0.0,0.0,0.0,,,,SR 45/46,N RANGE RD,,,,39.171504,-86.495312,LOCAL/CITY ROAD,Y,URBAN,N,N,N,,DAYLIGHT,CLEAR,DRY,,NO JUNCTION INVOLVED,STRAIGHT/LEVEL,ASPHALT,FOLLOWING TOO CLOSELY,REAR END,ERANGERDESR4546BYP,TRAFFIC CONTROL SIGNAL,2019-04-13 16:50:00
ISP BLOOMINGTON 33,BLOOMINGTON,1,0.0,1.0,0.0,0.0,,,,N WAYPORT,E SAMPLE RD,,1300.0,N,39.40359896,-86.52079745,COUNTY ROAD,N,RURAL,N,N,N,,DARK (NOT LIGHTED),CLOUDY,DRY,,NO JUNCTION INVOLVED,CURVE/GRADE,ASPHALT,RAN OFF ROAD RIGHT,RAN OFF ROAD,SAMPLERDWAYPORTRD,LANE CONTROL,2019-04-13 21:45:00
BLOOMINGTON PD,BLOOMINGTON,2,0.0,0.0,0.0,0.0,,,,E 2ND,S GRANT ST,,,,39.16136,-86.52988,LOCAL/CITY ROAD,N,URBAN,N,N,N,,DARK (LIGHTED),CLEAR,DRY,,NO JUNCTION INVOLVED,STRAIGHT/GRADE,ASPHALT,FAILURE TO YIELD RIGHT OF WAY,RIGHT ANGLE,E2NDSTSGRANTST,STOP SIGN,2019-04-13 20:17:00
MONROE SD,BLOOMINGTON,2,0.0,0.0,0.0,0.0,,,,I-69 S,,,500.0,N,0.0,0.0,INTERSTATE,N,RURAL,N,N,N,,DAYLIGHT,CLEAR,DRY,,RAMP,STRAIGHT/HILLCREST,ASPHALT,ANIMAL/OBJECT IN ROADWAY,COLLISION WITH OBJECT IN ROAD,I69SWST46RD,NONE,2019-04-13 15:15:00
MONROE SD,BLOOMINGTON,1,0.0,1.0,0.0,0.0,,114,A,I-69 S,,,,,0.0,0.0,INTERSTATE,N,RURAL,N,N,N,,DARK (LIGHTED),CLEAR,DRY,,RAMP,CURVE/GRADE,ASPHALT,RAN OFF ROAD RIGHT,RAN OFF ROAD,I69S,LANE CONTROL,2019-04-13 04:43:00
INDIANA UNIV BLOOMINGTON PD,BLOOMINGTON,2,0.0,0.0,0.0,0.0,,,,JONES,READ CIRCLE DR,,,,39.165807,-86.5147855,UNKNOWN,Y,URBAN,N,N,N,,DAYLIGHT,CLEAR,DRY,,T-INTERSECTION,STRAIGHT/GRADE,ASPHALT,OTHER (DRIVER) - EXPLAIN IN NARRATIVE,RIGHT ANGLE,SJORDANAVE,NONE,2019-04-13 16:15:00
BLOOMINGTON PD,BLOOMINGTON,2,0.0,0.0,0.0,0.0,,,,N PARK,E 11TH ST,,100.0,S,39.17316548,-86.52466102,LOCAL/CITY ROAD,Y,URBAN,N,N,N,,UNKNOWN,RAIN,WET,,NO JUNCTION INVOLVED,STRAIGHT/GRADE,ASPHALT,UNSAFE LANE MOVEMENT,SAME DIRECTION SIDESWIPE,11THSTPARKAVE,NONE,2019-04-13 11:40:00
BLOOMINGTON PD,BLOOMINGTON,2,0.0,1.0,0.0,0.0,,,,S WEIMER,W WAPEHANI RD,,200.0,S,39.142608,-86.562048,LOCAL/CITY ROAD,N,RURAL,N,N,N,,DARK (NOT LIGHTED),CLEAR,DRY,,NO JUNCTION INVOLVED,CURVE/LEVEL,ASPHALT,FOLLOWING TOO CLOSELY,REAR END,SWEIMERRDWAPEHANIRD,NONE,2019-04-13 05:30:00