Agency,City,Vehicles Involved,Trailers Involved,Number Injured,Number Dead,Number Deer,House Number,Roadway Interchange,Roadway Ramp,Roadway Id,Intersecting Road,Interchange,Feet From,Direction,Latitude,Longitude,Roadway Class,Hit and Run?,Locality,School Zone?,Rumble Strips?,Construction?,Construction Type,Light Condition,Weather Conditions,Surface Condition,Type of Median,Roadway Junction Type,Road Character,Roadway Surface,Primary Factor,Manner of Collision,Unique Location Id,Traffic Control,DateTime
ISP BLOOMINGTON 33,BLOOMINGTON,1,0.0,1.0,0.0,0.0,,,,SR 446,S CHAPEL HILL RD,,1500.0,N,39.02726119,-86.40690304,STATE ROAD,N,RURAL,N,N,N,,DAYLIGHT,CLOUDY,DRY,,NO JUNCTION INVOLVED,CURVE/LEVEL,ASPHALT,UNSAFE SPEED,RAN OFF ROAD,CHAPELHILLRDSR446,LANE CONTROL,2019-04-13 11:25:00
MONROE SD,BLOOMINGTON,2,0.0,0.0,0.0,0.0,,,,W BURMA,,,2000.0,W,39.33043,-86.57653684,LOCAL/CITY ROAD,N,URBAN,N,N,N,,DARK (NOT LIGHTED),CLEAR,DRY,,NO JUNCTION INVOLVED,CURVE/HILLCREST,ASPHALT,LEFT OF CENTER,OPPOSITE DIRECTION SIDESWIPE,NBUSKIRKRDWBURMARD,NONE,2019-04-13 21:10:00
MONROE SD,BLOOMINGTON,1,0.0,0.0,0.0,1.0,,,,W OLD SR 37,E ROBINSON RD,,,,39.24032,-86.49928,COUNTY ROAD,N,RURAL,N,N,N,,DARK (LIGHTED),CLOUDY,DRY,,NO JUNCTION INVOLVED,STRAIGHT/LEVEL,ASPHALT,ANIMAL/OBJECT IN ROADWAY,COLLISION WITH DEER,EROBINSONRDNOLDSTATEROADHWY,NONE,2019-04-13 21:00:00
BLOOMINGTON PD,BLOOMINGTON,2,0.0,0.0,0.0,0.0,,,,SR 46,SR 46,,,,39.16424,-86.4984,LOCAL/CITY ROAD,N,URBAN,N,N,N,,DARK (LIGHTED),RAIN,WET,,FOUR-WAY INTERSECTION,STRAIGHT/LEVEL,ASPHALT,FAILURE TO YIELD RIGHT OF WAY,RIGHT ANGLE,E3RDSTSCOLLEGEMALLRD,TRAFFIC CONTROL SIGNAL,2019-04-14 00:10:00
BLOOMINGTON PD,BLOOMINGTON,2,0.0,4.0,0.0,0.0,,,,S WASHINGTON,E 3RD ST,,,,39.16464,-86.5324,LOCAL/CITY ROAD,N,URBAN,N,N,N,,DARK (LIGHTED),RAIN,WET,,FOUR-WAY INTERSECTION,STRAIGHT/LEVEL,ASPHALT,DISREGARD SIGNAL/REG SIGN,RIGHT ANGLE,E3RDSTSWASHINGTONST,TRAFFIC CONTROL SIGNAL,2019-04-14 01:39:00
BLOOMINGTON PD,BLOOMINGTON,2,0.0,0.0,0.0,0.0,,,,E 17TH,N INDIANA AVE,,,,39.179024,-86.5272,LOCAL/CITY ROAD,N,URBAN,N,N,N,,DAYLIGHT,RAIN,WET,,T-INTERSECTION,STRAIGHT/LEVEL,ASPHALT,FOLLOWING TOO CLOSELY,REAR END,E17THSTNINDIANAAVE,NONE,2019-04-14 15:01:00
BLOOMINGTON PD,BLOOMINGTON,2,0.0,0.0,0.0,0.0,,,,E 3RD,S GRANT ST,,,,39.16464,-86.529728,LOCAL/CITY ROAD,Y,URBAN,N,N,N,,DARK (LIGHTED),RAIN,WET,,FOUR-WAY INTERSECTION,STRAIGHT/LEVEL,ASPHALT,FAILURE TO YIELD RIGHT OF WAY,RIGHT ANGLE,E3RDSTSGRANTST,RR CROSSING GATES AND MEDIAN BARRIER,2019-04-14 00:03:00
INDIANA UNIV BLOOMINGTON PD,BLOOMINGTON,2,0.0,0.0,0.0,0.0,,,,E 3RD,S ROSE AVE,,,,39.16426,-86.51092,LOCAL/CITY ROAD,N,URBAN,N,N,N,,DAYLIGHT,RAIN,WET,,FOUR-WAY INTERSECTION,STRAIGHT/GRADE,ASPHALT,UNSAFE BACKING,BACKING CRASH,ROSEAVETHIRDST,STOP SIGN,2019-04-14 18:45:00
BLOOMINGTON PD,BLOOMINGTON,1,0.0,0.0,0.0,0.0,,,,E MOORES,S HIGH ST,,150.0,E,39.15048,-86.50845297,LOCAL/CITY ROAD,N,URBAN,N,N,N,,DARK (LIGHTED),RAIN,WET,,NO JUNCTION INVOLVED,STRAIGHT/LEVEL,ASPHALT,RAN OFF ROAD RIGHT,RAN OFF ROAD,EMOORESPIKESHIGHST,NONE,2019-04-14 00:28:00
BLOOMINGTON PD,BLOOMINGTON,3,0.0,0.0,0.0,0.0,,,,N COLLEGE,,,200.0,N,39.17688,-86.534736,LOCAL/CITY ROAD,Y,URBAN,N,N,N,,DARK (NOT LIGHTED),RAIN,WET,,FIVE POINT OR MORE,STRAIGHT/LEVEL,ASPHALT,WRONG WAY ON ONE WAY,RAN OFF ROAD,NCOLLEGEAVES16THST,NONE,2019-04-14 02:15:00
MONROE SD,BLOOMINGTON,1,0.0,0.0,0.0,0.0,,,,S BUSHMILL,W SHAMROCK CT,,,,39.12252,-86.54879,LOCAL/CITY ROAD,Y,RURAL,N,N,N,,DARK (NOT LIGHTED),RAIN,WET,,NO JUNCTION INVOLVED,STRAIGHT/LEVEL,ASPHALT,RAN OFF ROAD RIGHT,RAN OFF ROAD,SBUSHMILLDRWSHAMROCKCT,NONE,2019-04-14 00:00:00
MONROE SD,BLOOMINGTON,1,0.0,0.0,0.0,0.0,,,,S DAWSON,W MEETING HOUSE LN,,,,39.12919,-86.55509,LOCAL/CITY ROAD,N,URBAN,N,N,N,,DARK (LIGHTED),RAIN,WET,,T-INTERSECTION,STRAIGHT/GRADE,ASPHALT,RAN OFF ROAD RIGHT,RAN OFF ROAD,DAWSONDRSMEETINGHOUSECT,STOP SIGN,2019-04-14 23:28:00
MONROE SD,BLOOMINGTON,1,0.0,1.0,0.0,0.0,,,,S LEONARD SPRINGS,W FULLERTON PIKE,,,,39.123376,-86.582592,COUNTY ROAD,N,RURAL,N,N,N,,DAYLIGHT,CLOUDY,DRY,,T-INTERSECTION,STRAIGHT/GRADE,ASPHALT,RAN OFF ROAD RIGHT,RAN OFF ROAD,SLEONARDSPRINGSRDWFULLERTONPIKE,STOP SIGN,2019-04-14 12:16:00
BLOOMINGTON PD,BLOOMINGTON,2,0.0,0.0,0.0,0.0,,,,S ROGERS,W GRAHAM DR,,,,0.0,0.0,LOCAL/CITY ROAD,N,URBAN,N,N,N,,DAYLIGHT,CLEAR,DRY,,FOUR-WAY INTERSECTION,STRAIGHT/GRADE,ASPHALT,UNSAFE SPEED,LEFT TURN,SROGERSSTWGRAHAMDR,STOP SIGN,2019-04-14 17:13:00
MONROE SD,BLOOMINGTON,1,0.0,1.0,0.0,0.0,,,,S VICTOR,W BOLIN LN,,1500.0,E,0.0,0.0,COUNTY ROAD,N,RURAL,N,N,N,,DARK (NOT LIGHTED),RAIN,WET,,NO JUNCTION INVOLVED,CURVE/LEVEL,ASPHALT,RAN OFF ROAD RIGHT,RAN OFF ROAD,BOLENRDVERNALPIKE,NONE,2019-04-14 07:05:00
BLOOMINGTON PD,BLOOMINGTON,2,0.0,0.0,0.0,0.0,,,,W 3RD,S COLLEGE AVE,,,,39.16464,-86.534816,LOCAL/CITY ROAD,N,URBAN,N,N,N,,DAYLIGHT,CLEAR,DRY,,FOUR-WAY INTERSECTION,STRAIGHT/GRADE,ASPHALT,DRIVER DISTRACTED - EXPLAIN IN NARRATIVE,REAR END,SCOLLEGEAVEW3RDST,TRAFFIC CONTROL SIGNAL,2019-04-15 17:55:00
MONROE SD,BLOOMINGTON,1,0.0,0.0,0.0,0.0,,,,W OLD SR 37,E SAMPLE RD,,,,39.25864,-86.5012,LOCAL/CITY ROAD,Y,RURAL,N,N,N,,DARK (NOT LIGHTED),CLEAR,DRY,,T-INTERSECTION,STRAIGHT/GRADE,ASPHALT,RAN OFF ROAD RIGHT,RAN OFF ROAD,EASTSAMPLERDNORTHOLDSTATEROAD37,NONE,2019-04-15 05:36:00
BLOOMINGTON PD,BLOOMINGTON,1,0.0,1.0,0.0,0.0,,,,S FRANKLIN,W 3RD ST,,,,39.164688,-86.5712,LOCAL/CITY ROAD,Y,URBAN,N,N,N,,DAYLIGHT,CLEAR,DRY,,NO JUNCTION INVOLVED,STRAIGHT/HILLCREST,ASPHALT,CELL PHONE USAGE,RIGHT TURN,SFRANKLINRDW3RDST,TRAFFIC CONTROL SIGNAL,2019-04-15 11:30:00
BLOOMINGTON PD,BLOOMINGTON,2,0.0,0.0,0.0,0.0,,,,S ROGERS,S ROCKPORT RD,,50.0,S,39.02610419,-86.60125226,LOCAL/CITY ROAD,N,URBAN,N,N,N,,DAYLIGHT,CLOUDY,DRY,,T-INTERSECTION,STRAIGHT/GRADE,ASPHALT,FAILURE TO YIELD RIGHT OF WAY,RIGHT ANGLE,SROCKPORTRDSROGERSST,LANE CONTROL,2019-04-15 07:45:00
BLOOMINGTON PD,BLOOMINGTON,2,0.0,1.0,0.0,0.0,,,,W 3RD,I-69,Y,,,39.164752,-86.573104,LOCAL/CITY ROAD,N,URBAN,N,N,N,,DAYLIGHT,CLEAR,DRY,,FOUR-WAY INTERSECTION,STRAIGHT/GRADE,ASPHALT,FAILURE TO YIELD RIGHT OF WAY,LEFT TURN,SR37SW3RDST,TRAFFIC CONTROL SIGNAL,2019-04-16 16:22:00
BLOOMINGTON PD,BLOOMINGTON,2,0.0,0.0,0.0,0.0,,,,W 3RD,I-69 N,Y,,,39.164752,-86.573104,STATE ROAD,Y,URBAN,N,N,N,,DAYLIGHT,CLEAR,DRY,,NO JUNCTION INVOLVED,STRAIGHT/LEVEL,ASPHALT,FAILURE TO YIELD RIGHT OF WAY,SAME DIRECTION SIDESWIPE,SR37SW3RDST,TRAFFIC CONTROL SIGNAL,2019-04-16 14:09:00
ISP BLOOMINGTON 33,BLOOMINGTON,2,0.0,1.0,0.0,0.0,,,,SR 45/46,N KINSER PIKE,,,,39.186544,-86.537888,STATE ROAD,N,URBAN,N,N,N,,DAYLIGHT,CLEAR,DRY,,FOUR-WAY INTERSECTION,STRAIGHT/GRADE,ASPHALT,FAILURE TO YIELD RIGHT OF WAY,LEFT TURN,KINSERPIKESR45,TRAFFIC CONTROL SIGNAL,2019-04-16 14:25:00
MONROE SD,BLOOMINGTON,2,0.0,0.0,0.0,0.0,,,,W CHURCH,S WALNUT ST,,300.0,W,39.1072715,-86.53244915,COUNTY ROAD,N,URBAN,N,N,N,,DAYLIGHT,CLEAR,DRY,,NO JUNCTION INVOLVED,STRAIGHT/GRADE,ASPHALT,FOLLOWING TOO CLOSELY,REAR END,CHURCHLNSOLDSR37RD,NONE,2019-04-16 17:43:00
BLOOMINGTON PD,BLOOMINGTON,2,0.0,0.0,0.0,0.0,,,,S WALNUT,E BURKS DR,,300.0,N,0.0,0.0,LOCAL/CITY ROAD,N,URBAN,N,N,N,,DAYLIGHT,CLEAR,DRY,,NO JUNCTION INVOLVED,STRAIGHT/LEVEL,ASPHALT,DRIVER DISTRACTED - EXPLAIN IN NARRATIVE,REAR END,EBURKSDRSWALNUTST,NONE,2019-04-16 17:47:00
MONROE SD,BLOOMINGTON,2,0.0,0.0,0.0,0.0,,,,N TEXAS RIDGE,N COUNTY LINE RD E,,4400.0,E,39.33285,-86.67954138,LOCAL/CITY ROAD,N,RURAL,N,N,N,,DAYLIGHT,CLEAR,DRY,NONE,NO JUNCTION INVOLVED,CURVE/LEVEL,ASPHALT,OTHER (DRIVER) - EXPLAIN IN NARRATIVE,REAR END,NCOUNTYLINERDNTEXASRIDGERD,NONE,2019-04-16 10:10:00
BLOOMINGTON PD,BLOOMINGTON,2,0.0,0.0,0.0,0.0,,,,S COLLEGE,W 4TH ST,,,,39.165664,-86.5348,LOCAL/CITY ROAD,N,URBAN,N,N,N,,DAYLIGHT,CLEAR,DRY,,FOUR-WAY INTERSECTION,STRAIGHT/GRADE,ASPHALT,UNSAFE LANE MOVEMENT,SAME DIRECTION SIDESWIPE,4THSTCOLLEGEAVE,NONE,2019-04-16 13:02:00
BLOOMINGTON PD,BLOOMINGTON,1,0.0,0.0,0.0,0.0,,,,S LEONARD SPRINGS,W TAPP RD,,,,39.09503967,-86.59195893,LOCAL/CITY ROAD,N,URBAN,N,N,N,,DAYLIGHT,CLEAR,DRY,,T-INTERSECTION,STRAIGHT/GRADE,ASPHALT,FAILURE TO YIELD RIGHT OF WAY,RAN OFF ROAD,SLEONARDSPRINGSRDWTAPPRD,STOP SIGN,2019-04-16 08:39:00
MONROE SD,BLOOMINGTON,1,0.0,0.0,0.0,1.0,,,,SR 46,N SEWELL RD,,2890.0,E,39.15265603,-86.37287662,STATE ROAD,N,RURAL,N,N,N,,DARK (NOT LIGHTED),CLEAR,DRY,,NO JUNCTION INVOLVED,STRAIGHT/HILLCREST,ASPHALT,ANIMAL/OBJECT IN ROADWAY,COLLISION WITH DEER,SEWELLRDSR46E,NONE,2019-04-16 00:53:00
MONROE SD,BLOOMINGTON,2,0.0,1.0,0.0,0.0,,,,W VERNAL,N ANGELINA LN,,100.0,W,39.18663,-86.60201133,COUNTY ROAD,N,RURAL,N,N,N,,DAWN/DUSK,CLEAR,DRY,,T-INTERSECTION,STRAIGHT/LEVEL,ASPHALT,LEFT OF CENTER,OPPOSITE DIRECTION SIDESWIPE,NANGELINALNWVERNALPIKE,NONE,2019-04-16 20:14:00
BLOOMINGTON PD,BLOOMINGTON,3,0.0,0.0,0.0,0.0,,,,S WALNUT,E BURKS DR,,2500.0,S,0.0,0.0,LOCAL/CITY ROAD,N,URBAN,N,N,B,,DAYLIGHT,CLOUDY,DRY,,NO JUNCTION INVOLVED,STRAIGHT/GRADE,ASPHALT,FAILURE TO YIELD RIGHT OF WAY,LEFT TURN,EASTBURKSDRSOUTHWALNUTST,LANE CONTROL,2019-04-17 15:20:00
MONROE SD,BLOOMINGTON,1,0.0,0.0,0.0,0.0,,,,I-69 S,,,1500.0,S,0.0,0.0,INTERSTATE,N,RURAL,N,Y,N,,DAYLIGHT,CLOUDY,DRY,,NO JUNCTION INVOLVED,STRAIGHT/GRADE,ASPHALT,RAN OFF ROAD RIGHT,RAN OFF ROAD,I69SSTATEROAD37RD,NONE,2019-04-17 18:51:00
BLOOMINGTON PD,BLOOMINGTON,2,0.0,0.0,0.0,0.0,,,,S MONTCLAIR,E SUSSEX DR,,150.0,N,39.16081371,-86.50422,LOCAL/CITY ROAD,N,URBAN,N,N,N,,DAYLIGHT,CLOUDY,DRY,,T-INTERSECTION,STRAIGHT/GRADE,ASPHALT,DRIVER DISTRACTED - EXPLAIN IN NARRATIVE,REAR END,ESUSSEXDRSMONTCLAIRAVE,NONE,2019-04-17 14:51:00
BLOOMINGTON PD,BLOOMINGTON,2,0.0,,0.0,0.0,,,,S PARK,E HUNTER AVE,,,,39.16222,-86.52402,LOCAL/CITY ROAD,Y,URBAN,N,N,N,,,,,,NO JUNCTION INVOLVED,,,,SAME DIRECTION SIDESWIPE,HUNTERAVEPARKAVE,,2019-04-17 09:51:00
MONROE SD,BLOOMINGTON,1,0.0,0.0,0.0,0.0,,,,SR 37,W VICTOR PIKE,,900.0,N,39.10724558,-86.55341509,STATE ROAD,N,RURAL,N,N,N,,DARK (LIGHTED),CLEAR,DRY,,NO JUNCTION INVOLVED,STRAIGHT/GRADE,ASPHALT,ANIMAL/OBJECT IN ROADWAY,RAN OFF ROAD,SR37NWVICTORPIKE,NONE,2019-04-17 00:52:00
BLOOMINGTON PD,BLOOMINGTON,2,0.0,1.0,0.0,0.0,,,,W 3RD,I-69 N,,,,39.164752,-86.573104,STATE ROAD,N,URBAN,N,N,N,,DAYLIGHT,CLOUDY,WET,,FOUR-WAY INTERSECTION,STRAIGHT/LEVEL,ASPHALT,DISREGARD SIGNAL/REG SIGN,RIGHT ANGLE,SR37SW3RDST,TRAFFIC CONTROL SIGNAL,2019-04-18 15:33:00
BLOOMINGTON PD,BLOOMINGTON,2,0.0,0.0,0.0,0.0,,,,W 3RD,S COLLEGE AVE,,,,39.16464,-86.534816,LOCAL/CITY ROAD,N,URBAN,N,N,N,,DAYLIGHT,RAIN,WET,,FOUR-WAY INTERSECTION,STRAIGHT/GRADE,ASPHALT,DISREGARD SIGNAL/REG SIGN,RIGHT ANGLE,SCOLLEGEAVEW3RDST,TRAFFIC CONTROL SIGNAL,2019-04-18 09:15:00
MONROE SD,BLOOMINGTON,2,0.0,0.0,0.0,0.0,,,,SR 46,N CURRY PIKE,,,,39.19369,-86.57139,STATE ROAD,N,RURAL,N,N,N,,DAYLIGHT,RAIN,WET,,FOUR-WAY INTERSECTION,STRAIGHT/GRADE,ASPHALT,FOLLOWING TOO CLOSELY,REAR END,CURRYPIKESR46W,NONE,2019-04-18 13:55:00
MONROE SD,BLOOMINGTON,1,0.0,0.0,0.0,0.0,,,,E SMITHVILLE,S SOCIETY LN,,50.0,E,39.071056,-86.517488,COUNTY ROAD,N,RURAL,N,N,N,,DAYLIGHT,RAIN,WET,,NO JUNCTION INVOLVED,CURVE/GRADE,ASPHALT,RAN OFF ROAD RIGHT,RAN OFF ROAD,ESMITHVILLERDSSOCIETYLN,LANE CONTROL,2019-04-18 08:05:00
MONROE SD,BLOOMINGTON,2,1.0,0.0,0.0,0.0,301.0,,,N COLLEGE,ALLEY,,,,39.168656,-86.534784,UNKNOWN,N,URBAN,N,N,N,,DAYLIGHT,CLEAR,WET,,NO JUNCTION INVOLVED,STRAIGHT/LEVEL,ASPHALT,OTHER (DRIVER) - EXPLAIN IN NARRATIVE,OTHER - EXPLAIN IN NARRATIVE,NCOLLEGEAVE,NONE,2019-04-18 14:56:00
BLOOMINGTON PD,BLOOMINGTON,3,0.0,0.0,0.0,0.0,,,,S COLLEGE,W 7TH ST,,,,39.168656,-86.534784,LOCAL/CITY ROAD,N,URBAN,N,N,N,,DAYLIGHT,CLEAR,WET,,FOUR-WAY INTERSECTION,STRAIGHT/LEVEL,ASPHALT,FOLLOWING TOO CLOSELY,REAR END,SCOLLEGEAVEW7THST,TRAFFIC CONTROL SIGNAL,2019-04-18 16:05:00
BLOOMINGTON PD,BLOOMINGTON,1,0.0,0.0,0.0,0.0,,,,W 17TH,N ARLINGTON PARK DR,,,,39.17911,-86.55409,LOCAL/CITY ROAD,Y,URBAN,N,N,Y,LANE CLOSURE,DAYLIGHT,RAIN,WET,,T-INTERSECTION,STRAIGHT/HILLCREST,ASPHALT,DISREGARD SIGNAL/REG SIGN,RAN OFF ROAD,17THSTARLINGTONPARKDR,LANE CONTROL,2019-04-18 12:45:00
BLOOMINGTON PD,BLOOMINGTON,1,0.0,0.0,0.0,0.0,,,,W ALLEN,S ROGERS ST,,,,39.15559,-86.53874,LOCAL/CITY ROAD,Y,URBAN,N,N,N,,DAYLIGHT,RAIN,WET,,T-INTERSECTION,STRAIGHT/GRADE,ASPHALT,OTHER (DRIVER) - EXPLAIN IN NARRATIVE,RAN OFF ROAD,ALLENSTROGERSST,STOP SIGN,2019-04-18 13:27:00
BLOOMINGTON PD,BLOOMINGTON,3,0.0,0.0,0.0,0.0,,,,KINGSTON DR S,SR 46,,200.0,S,39.16424,-86.492944,LOCAL/CITY ROAD,N,URBAN,N,N,N,,DAYLIGHT,RAIN,WET,,FOUR-WAY INTERSECTION,STRAIGHT/GRADE,ASPHALT,DISREGARD SIGNAL/REG SIGN,RIGHT ANGLE,E3RDSTSKINGSTONDR,STOP SIGN,2019-04-19 14:32:00
INDIANA UNIV BLOOMINGTON PD,BLOOMINGTON,2,0.0,0.0,0.0,0.0,,,,E 17TH,N JORDAN AVE,,300.0,W,39.178848,-86.51214665,LOCAL/CITY ROAD,N,URBAN,N,N,N,,DARK (NOT LIGHTED),RAIN,WET,,NO JUNCTION INVOLVED,STRAIGHT/GRADE,ASPHALT,FAILURE TO YIELD RIGHT OF WAY,LEFT TURN,17THSTJORDANAVE,LANE CONTROL,2019-04-19 20:50:00
ISP BLOOMINGTON 33,BLOOMINGTON,2,0.0,0.0,0.0,0.0,,,,SR 46,N UNION VALLEY RD,,,,39.21513,-86.59268,STATE ROAD,N,URBAN,N,N,N,,DAYLIGHT,RAIN,WET,,FOUR-WAY INTERSECTION,STRAIGHT/LEVEL,ASPHALT,SPEED TOO FAST FOR WEATHER CONDITIONS,REAR END,SR46UNIONVALLEYRD,TRAFFIC CONTROL SIGNAL,2019-04-19 17:28:00
ELLETTSVILLE PD,ELLETTSVILLE,2,0.0,0.0,0.0,0.0,,,,SR 46,N LAKEVIEW DR,,500.0,E,39.22025919,-86.60427519,STATE ROAD,N,URBAN,N,N,N,,DAYLIGHT,RAIN,WET,,NO JUNCTION INVOLVED,STRAIGHT/LEVEL,ASPHALT,FOLLOWING TOO CLOSELY,RIGHT TURN,NORTHLAKEVIEWDRSR46W,LANE CONTROL,2019-04-19 16:44:00
INDIANA UNIV BLOOMINGTON PD,BLOOMINGTON,2,0.0,0.0,0.0,0.0,,,,E 10TH,N CAMPBELL DR,,,,39.17159,-86.51394,LOCAL/CITY ROAD,N,URBAN,N,N,N,,DAYLIGHT,RAIN,WET,,T-INTERSECTION,STRAIGHT/LEVEL,ASPHALT,FOLLOWING TOO CLOSELY,REAR END,10THSTCAMPBELLST,NONE,2019-04-19 18:15:00
BLOOMINGTON PD,BLOOMINGTON,2,1.0,0.0,0.0,0.0,,,,N ORRIS,N MONROE ST,,,,39.175,-86.54717,LOCAL/CITY ROAD,N,URBAN,Y,N,N,,DAYLIGHT,RAIN,ICE,,NO JUNCTION INVOLVED,STRAIGHT/GRADE,ASPHALT,PEDESTRIAN ACTION,OTHER - EXPLAIN IN NARRATIVE,NMONROESTNORRISDR,NONE,2019-04-19 14:15:00
MONROE SD,BLOOMINGTON,1,0.0,1.0,0.0,0.0,,,,N SR 37 BUSINESS,W BAYLES RD,,1718.0,S,39.03352271,-86.53741197,LOCAL/CITY ROAD,N,RURAL,N,N,N,,DARK (NOT LIGHTED),RAIN,WET,,NO JUNCTION INVOLVED,STRAIGHT/LEVEL,ASPHALT,DRIVER ASLEEP OR FATIGUED,RAN OFF ROAD,BAYLESRDBUSINESS37RD,NONE,2019-04-19 02:01:00
BLOOMINGTON PD,BLOOMINGTON,2,0.0,0.0,0.0,0.0,405.0,,,W PATTERSON,,,,,39.1534,-86.53816,UNKNOWN,Y,URBAN,N,N,N,,DAYLIGHT,RAIN,WET,,NO JUNCTION INVOLVED,STRAIGHT/GRADE,ASPHALT,,,WPATTERSONDR,NONE,2019-04-19 14:53:00
ELLETTSVILLE PD,ELLETTSVILLE,1,0.0,0.0,0.0,0.0,,,,W RATLIFF,S DEER RUN,,400.0,N,0.0,0.0,LOCAL/CITY ROAD,N,URBAN,N,N,N,,DAYLIGHT,CLOUDY,WET,,NO JUNCTION INVOLVED,STRAIGHT/GRADE,ASPHALT,ANIMAL/OBJECT IN ROADWAY,RAN OFF ROAD,DEERRUNWESTRATLIFFRD,NONE,2019-04-19 09:28:00
BLOOMINGTON PD,BLOOMINGTON,2,0.0,0.0,0.0,0.0,,,,SR 45/46,N WALNUT ST,,,,39.186368,-86.5344,STATE ROAD,Y,URBAN,N,N,N,,DAYLIGHT,RAIN,WET,,FOUR-WAY INTERSECTION,STRAIGHT/LEVEL,ASPHALT,SPEED TOO FAST FOR WEATHER CONDITIONS,REAR END,SR46WWALNUTST,TRAFFIC CONTROL SIGNAL,2019-04-20 13:19:00
BLOOMINGTON PD,BLOOMINGTON,2,0.0,0.0,0.0,0.0,,,,W 4TH,S WALNUT ST,,,,39.165648,-86.5336,LOCAL/CITY ROAD,N,URBAN,N,N,N,,DAYLIGHT,RAIN,WET,,FOUR-WAY INTERSECTION,STRAIGHT/LEVEL,ASPHALT,DISREGARD SIGNAL/REG SIGN,OTHER - EXPLAIN IN NARRATIVE,SWALNUTSTW4THST,TRAFFIC CONTROL SIGNAL,2019-04-20 14:08:00
BLOOMINGTON PD,BLOOMINGTON,3,0.0,0.0,0.0,0.0,,,,W COUNTRY CLUB,S WALNUT ST,,100.0,W,39.13597,-86.53110134,LOCAL/CITY ROAD,N,URBAN,N,N,N,,DAYLIGHT,RAIN,WET,,NO JUNCTION INVOLVED,STRAIGHT/GRADE,ASPHALT,FOLLOWING TOO CLOSELY,REAR END,SWALNUTSTWCOUNTRYCLUBDR,NONE,2019-04-20 17:28:00
BLOOMINGTON PD,BLOOMINGTON,2,0.0,0.0,0.0,0.0,,,,W 3RD,S LANDMARK AVE,,,,39.16443,-86.55631,LOCAL/CITY ROAD,N,URBAN,N,N,N,,DAYLIGHT,RAIN,WET,,FOUR-WAY INTERSECTION,STRAIGHT/GRADE,ASPHALT,FAILURE TO YIELD RIGHT OF WAY,RIGHT ANGLE,SLANDMARKAVEW3RDST,TRAFFIC CONTROL SIGNAL,2019-04-20 12:40:00
BLOOMINGTON PD,BLOOMINGTON,1,0.0,0.0,0.0,0.0,,,,S PATTERSON,W 3RD ST,,,,39.16343,-86.55123,LOCAL/CITY ROAD,Y,URBAN,N,N,N,,DARK (LIGHTED),RAIN,WET,,FOUR-WAY INTERSECTION,STRAIGHT/LEVEL,ASPHALT,IMPROPER TURNING,RAN OFF ROAD,SPATTERSONDRW3RDST,STOP SIGN,2019-04-20 00:00:00
BLOOMINGTON PD,BLOOMINGTON,2,0.0,0.0,0.0,0.0,527.0,,,N WALNUT,ALLEY,,,,39.17086237,-86.53353176,UNKNOWN,Y,URBAN,N,N,N,,DAYLIGHT,CLOUDY,WET,,T-INTERSECTION,STRAIGHT/HILLCREST,ASPHALT,UNSAFE SPEED,RIGHT ANGLE,NWALNUTST,NONE,2019-04-20 06:56:00
BLOOMINGTON PD,BLOOMINGTON,2,0.0,0.0,0.0,0.0,,,,S LINCOLN,E SMITH AVE,,,,39.141465,-86.48038,LOCAL/CITY ROAD,N,URBAN,N,N,N,,DAYLIGHT,CLOUDY,WET,,FOUR-WAY INTERSECTION,STRAIGHT/LEVEL,ASPHALT,DISREGARD SIGNAL/REG SIGN,RIGHT ANGLE,ESMITHRDSLINCOLNST,STOP SIGN,2019-04-20 17:01:00
BLOOMINGTON PD,BLOOMINGTON,1,0.0,0.0,0.0,0.0,947.0,,,S ROMANS,,,,,39.15608,-86.47842,LOCAL/CITY ROAD,Y,URBAN,N,N,N,,DARK (NOT LIGHTED),RAIN,WET,,NO JUNCTION INVOLVED,STRAIGHT/GRADE,ASPHALT,RAN OFF ROAD RIGHT,RAN OFF ROAD,ROMANSWAY,NONE,2019-04-20 01:30:00
MONROE SD,STINESVILLE,1,0.0,1.0,0.0,0.0,,,,W WAMPLER,N LIBERTY HOLLOW RD,,1000.0,E,39.335152,-86.607008,COUNTY ROAD,N,RURAL,N,N,N,,DARK (NOT LIGHTED),RAIN,WET,,NO JUNCTION INVOLVED,STRAIGHT/GRADE,ASPHALT,RAN OFF ROAD RIGHT,RAN OFF ROAD,NLIBERTYHOLLOWRDWWAMPLERRD,NONE,2019-04-20 07:31:00
INDIANA UNIV BLOOMINGTON PD,BLOOMINGTON,2,0.0,0.0,0.0,0.0,,,,E 10TH,N WALNUT GROVE ST,,,,39.1716,-86.520896,LOCAL/CITY ROAD,N,URBAN,N,N,N,,DAYLIGHT,CLEAR,DRY,,NO JUNCTION INVOLVED,STRAIGHT/LEVEL,ASPHALT,FOLLOWING TOO CLOSELY,REAR END,10THSTWALNUTGROVEST,LANE CONTROL,2019-04-21 20:25:00
INDIANA UNIV BLOOMINGTON PD,BLOOMINGTON,2,0.0,0.0,0.0,0.0,,,,S HENDERSON,E ATWATER AVE,,,,39.16314,-86.52727,LOCAL/CITY ROAD,N,URBAN,N,N,N,,DAYLIGHT,CLEAR,DRY,,FOUR-WAY INTERSECTION,STRAIGHT/LEVEL,ASPHALT,FAILURE TO YIELD RIGHT OF WAY,RIGHT ANGLE,ATWATERAVEHENDERSONST,TRAFFIC CONTROL SIGNAL,2019-04-21 15:00:00