Agency,City,Vehicles Involved,Trailers Involved,Number Injured,Number Dead,Number Deer,House Number,Roadway Interchange,Roadway Ramp,Roadway Id,Intersecting Road,Interchange,Feet From,Direction,Latitude,Longitude,Roadway Class,Hit and Run?,Locality,School Zone?,Rumble Strips?,Construction?,Construction Type,Light Condition,Weather Conditions,Surface Condition,Type of Median,Roadway Junction Type,Road Character,Roadway Surface,Primary Factor,Manner of Collision,Unique Location Id,Traffic Control,DateTime
MONROE SD,BLOOMINGTON,2,0.0,0.0,0.0,0.0,,,,W PROFILE,N CURRY PIKE,,1000.0,W,39.17198,-86.58290341,LOCAL/CITY ROAD,N,RURAL,N,N,N,,DAYLIGHT,CLOUDY,DRY,,T-INTERSECTION,STRAIGHT/LEVEL,ASPHALT,FAILURE TO YIELD RIGHT OF WAY,LEFT TURN,NCURRYPIKEWPROFILEPKWY,NONE,2019-04-28 11:46:00
MONROE SD,BLOOMINGTON,1,0.0,0.0,0.0,0.0,,,,SR 45,E MARTIN DR,,500.0,S,39.20369283,-86.46408214,STATE ROAD,Y,RURAL,N,N,N,,DARK (NOT LIGHTED),CLEAR,DRY,,NO JUNCTION INVOLVED,CURVE/LEVEL,ASPHALT,RAN OFF ROAD RIGHT,RAN OFF ROAD,EASTMARTINDRSR45E,NONE,2019-04-28 04:37:00
BLOOMINGTON PD,BLOOMINGTON,1,0.0,1.0,0.0,0.0,,,,N LINCOLN,E 7TH ST,,,,39.16864,-86.530992,LOCAL/CITY ROAD,N,URBAN,N,N,N,,DARK (LIGHTED),CLOUDY,WET,,FOUR-WAY INTERSECTION,STRAIGHT/GRADE,ASPHALT,DISREGARD SIGNAL/REG SIGN,RIGHT ANGLE,E7THSTNLINCOLNST,STOP SIGN,2019-04-28 03:27:00
INDIANA UNIV BLOOMINGTON PD,BLOOMINGTON,2,0.0,0.0,0.0,0.0,,,,N WOODLAWN,E 8TH ST,,200.0,E,39.16900315,-86.52341111,UNKNOWN,N,URBAN,N,N,N,,DAYLIGHT,CLEAR,DRY,,NO JUNCTION INVOLVED,STRAIGHT/LEVEL,ASPHALT,UNSAFE BACKING,BACKING CRASH,E8THSTWOODLAWNAVE,NONE,2019-04-28 17:06:00
INDIANA UNIV BLOOMINGTON PD,BLOOMINGTON,2,0.0,0.0,0.0,0.0,,,,SR 45/46,E 17TH ST,,,,39.17984,-86.507088,STATE ROAD,N,URBAN,N,N,N,,DAYLIGHT,CLOUDY,DRY,,T-INTERSECTION,CURVE/LEVEL,ASPHALT,DISREGARD SIGNAL/REG SIGN,RIGHT ANGLE,EAST17THSTSR46,TRAFFIC CONTROL SIGNAL,2019-04-29 09:40:00
INDIANA UNIV BLOOMINGTON PD,BLOOMINGTON,1,0.0,0.0,0.0,0.0,,,,E 10TH,N SUNRISE DR,,,,39.17158,-86.51248,LOCAL/CITY ROAD,N,URBAN,N,N,N,,DAYLIGHT,CLEAR,DRY,,NO JUNCTION INVOLVED,STRAIGHT/LEVEL,ASPHALT,IMPROPER TURNING,LEFT TURN,NSUNRISEDRTENTHST,NONE,2019-04-29 08:30:00
INDIANA UNIV BLOOMINGTON PD,BLOOMINGTON,2,0.0,0.0,0.0,0.0,,,,E 10TH,N SUNRISE DR,,,,39.17158,-86.51248,LOCAL/CITY ROAD,Y,URBAN,N,N,N,,DAYLIGHT,CLEAR,DRY,,FOUR-WAY INTERSECTION,STRAIGHT/LEVEL,ASPHALT,FOLLOWING TOO CLOSELY,REAR END,NSUNRISEDRTENTHST,TRAFFIC CONTROL SIGNAL,2019-04-29 18:15:00
MONROE SD,BLOOMINGTON,1,0.0,0.0,0.0,0.0,7796.0,,,S OLD SR 37,SR 37,,,,39.04955723,-86.54099233,COUNTY ROAD,Y,RURAL,N,N,N,,DARK (NOT LIGHTED),CLEAR,DRY,,NO JUNCTION INVOLVED,STRAIGHT/GRADE,ASPHALT,RAN OFF ROAD RIGHT,RAN OFF ROAD,SOUTHOLDSTATEROAD37RD,NONE,2019-04-29 23:30:00
MONROE SD,BLOOMINGTON,2,0.0,0.0,0.0,0.0,,,,W OLD SR 37,E SAMPLE RD,,2000.0,S,39.04139186,-86.50078,COUNTY ROAD,Y,RURAL,N,N,N,,DAYLIGHT,CLOUDY,DRY,,NO JUNCTION INVOLVED,CURVE/GRADE,ASPHALT,OTHER (DRIVER) - EXPLAIN IN NARRATIVE,SAME DIRECTION SIDESWIPE,NORTHOLD37HWYSAMPLERD,NONE,2019-04-29 09:00:00
DNR LAW ENFORCEMENT,BLOOMINGTON,1,0.0,0.0,0.0,1.0,,,,I-69 S,,,100.0,N,41.13583018,-85.14035522,INTERSTATE,N,RURAL,N,N,N,,DAYLIGHT,CLEAR,DRY,,NO JUNCTION INVOLVED,STRAIGHT/LEVEL,ASPHALT,ANIMAL/OBJECT IN ROADWAY,COLLISION WITH ANIMAL OTHER,I69S112,NONE,2019-04-29 08:13:00
BLOOMINGTON PD,BLOOMINGTON,3,0.0,0.0,0.0,0.0,,,,N KINSER,SKYLINE DR,,300.0,N,39.190544,-86.537712,LOCAL/CITY ROAD,Y,URBAN,N,N,N,,DAYLIGHT,CLEAR,DRY,,NO JUNCTION INVOLVED,STRAIGHT/LEVEL,ASPHALT,FOLLOWING TOO CLOSELY,REAR END,NORTHKINSERPIKESKYLINEDR,NONE,2019-04-29 07:40:00
MONROE SD,BLOOMINGTON,1,0.0,0.0,0.0,0.0,7990.0,,,S ROCKPORT,,,,,39.05052604,-86.60887543,COUNTY ROAD,Y,RURAL,N,N,N,,UNKNOWN,CLEAR,DRY,,NO JUNCTION INVOLVED,STRAIGHT/GRADE,ASPHALT,RAN OFF ROAD RIGHT,RAN OFF ROAD,SROCKPORTRD,LANE CONTROL,2019-04-29 07:54:00
ISP BLOOMINGTON 33,BLOOMINGTON,1,0.0,0.0,0.0,1.0,,,,SR 446,S SWARTZ RIDGE RD,,2080.0,S,39.12918544,-86.44156566,STATE ROAD,N,RURAL,N,N,N,,DAWN/DUSK,CLEAR,DRY,,NO JUNCTION INVOLVED,STRAIGHT/GRADE,ASPHALT,ANIMAL/OBJECT IN ROADWAY,COLLISION WITH ANIMAL OTHER,SR446SWARTZRIDGERD,LANE CONTROL,2019-04-29 07:28:00
ISP BLOOMINGTON 33,BLOOMINGTON,1,0.0,0.0,0.0,0.0,,,,SR 45,S BURCH RD,,3000.0,N,0.0,0.0,STATE ROAD,N,RURAL,N,N,N,,DAYLIGHT,CLEAR,DRY,,NO JUNCTION INVOLVED,CURVE/GRADE,ASPHALT,RAN OFF ROAD RIGHT,RAN OFF ROAD,SR45STANFORDRD,NO PASSING ZONE,2019-04-29 18:55:00
MONROE SD,BLOOMINGTON,1,1.0,1.0,0.0,0.0,9701.0,,,SR 46,,,200.0,W,39.15263,-86.37108272,STATE ROAD,N,RURAL,N,N,N,,DAWN/DUSK,CLOUDY,DRY,,NO JUNCTION INVOLVED,CURVE/GRADE,ASPHALT,RAN OFF ROAD RIGHT,RAN OFF ROAD,COUNTYLINERDSR46E,NONE,2019-04-29 07:05:00
BLOOMINGTON PD,BLOOMINGTON,2,0.0,0.0,0.0,0.0,,,,SR 46,E EASTGATE LN,,50.0,S,39.17011202,-86.50132801,STATE ROAD,N,URBAN,N,N,N,,DAYLIGHT,CLOUDY,DRY,,T-INTERSECTION,STRAIGHT/GRADE,ASPHALT,FOLLOWING TOO CLOSELY,REAR END,EEASTGATELNSR46N,NONE,2019-04-30 17:27:00
MONROE SD,BLOOMINGTON,1,0.0,0.0,0.0,1.0,,,,SR 46,N LOWER BIRDIE GAYLAN RD,,600.0,W,39.16269,-86.41329815,STATE ROAD,N,RURAL,N,N,N,,DAWN/DUSK,CLEAR,DRY,,NO JUNCTION INVOLVED,CURVE/HILLCREST,ASPHALT,ANIMAL/OBJECT IN ROADWAY,COLLISION WITH DEER,LOWERBIRDIEGAYLANRDSR46E,NONE,2019-04-30 07:15:00
INDIANA UNIV BLOOMINGTON PD,BLOOMINGTON,2,0.0,0.0,0.0,0.0,,,,E 6TH,N GRANT ST,,,,39.16754,-86.52979,UNKNOWN,N,URBAN,N,N,N,,DAYLIGHT,CLOUDY,DRY,,NO JUNCTION INVOLVED,STRAIGHT/GRADE,CONCRETE,OTHER (DRIVER) - EXPLAIN IN NARRATIVE,OTHER - EXPLAIN IN NARRATIVE,GRANTSTSIXTHST,NONE,2019-04-30 10:05:00
BLOOMINGTON PD,BLOOMINGTON,1,0.0,0.0,0.0,0.0,,,,E ATWATER,S CLIFTON AVE,,,,39.16311519,-86.52496499,LOCAL/CITY ROAD,Y,URBAN,N,N,N,,UNKNOWN,CLEAR,DRY,,FOUR-WAY INTERSECTION,STRAIGHT/LEVEL,ASPHALT,RAN OFF ROAD RIGHT,RAN OFF ROAD,EASTATWATERAVESOUTHCLIFTONAVE,STOP SIGN,2019-04-30 17:00:00
BLOOMINGTON PD,BLOOMINGTON,2,0.0,1.0,0.0,0.0,,,,W 3RD,S KIMBLE DR,,,,39.16454,-86.56799,LOCAL/CITY ROAD,N,URBAN,N,N,N,,DAYLIGHT,CLEAR,DRY,,FIVE POINT OR MORE,STRAIGHT/GRADE,ASPHALT,DISREGARD SIGNAL/REG SIGN,RIGHT ANGLE,KIMBLEDRWEST3RDST,TRAFFIC CONTROL SIGNAL,2019-04-30 10:45:00
BLOOMINGTON PD,BLOOMINGTON,2,0.0,1.0,0.0,0.0,,,,W ARLINGTON,S GOURLEY PIKE,,,,39.186544,-86.551168,LOCAL/CITY ROAD,N,URBAN,N,N,N,,DAYLIGHT,CLEAR,DRY,,FOUR-WAY INTERSECTION,STRAIGHT/LEVEL,ASPHALT,BRAKE FAILURE OR DEFECTIVE,REAR END,SGOURLEYPIKEWARLINGTONRD,NONE,2019-04-30 16:44:00
ELLETTSVILLE PD,ELLETTSVILLE,2,0.0,1.0,0.0,0.0,,,,SR 46,N MATTHEWS DR,,,,39.234768,-86.626384,STATE ROAD,N,URBAN,N,N,N,,DAYLIGHT,CLOUDY,DRY,,FOUR-WAY INTERSECTION,STRAIGHT/GRADE,ASPHALT,DISREGARD SIGNAL/REG SIGN,RIGHT ANGLE,MATTHEWSDRSR46W,TRAFFIC CONTROL SIGNAL,2019-05-01 09:21:00
BLOOMINGTON PD,BLOOMINGTON,2,0.0,4.0,0.0,0.0,,,,SR 46,S PARK RIDGE RD,,,,39.16422,-86.4763,LOCAL/CITY ROAD,N,URBAN,N,N,N,,DAYLIGHT,CLOUDY,DRY,,FOUR-WAY INTERSECTION,STRAIGHT/LEVEL,ASPHALT,FAILURE TO YIELD RIGHT OF WAY,RIGHT ANGLE,E3RDSTPARKRIDGERD,NONE,2019-05-01 09:34:00
INDIANA UNIV BLOOMINGTON PD,BLOOMINGTON,2,0.0,0.0,0.0,0.0,,,,E JONES,N JORDAN AVE,,300.0,E,39.1654,-86.51639595,LOCAL/CITY ROAD,N,URBAN,N,N,N,,DAYLIGHT,CLOUDY,DRY,,NO JUNCTION INVOLVED,STRAIGHT/LEVEL,ASPHALT,UNSAFE BACKING,BACKING CRASH,EJONESAVEJORDANAVE,NONE,2019-05-01 18:10:00
BLOOMINGTON PD,BLOOMINGTON,2,0.0,0.0,0.0,0.0,,,,N COLLEGE,W 8TH ST,,,,39.169552,-86.534784,LOCAL/CITY ROAD,N,URBAN,N,N,N,,DAYLIGHT,CLOUDY,DRY,,FOUR-WAY INTERSECTION,STRAIGHT/LEVEL,ASPHALT,FAILURE TO YIELD RIGHT OF WAY,LEFT TURN,NCOLLEGEAVEW8THST,STOP SIGN,2019-05-01 15:19:00
INDIANA UNIV BLOOMINGTON PD,BLOOMINGTON,2,0.0,0.0,0.0,0.0,,,,N JORDAN,E 7TH ST,,,,39.168944,-86.516016,LOCAL/CITY ROAD,N,URBAN,N,N,N,,DAYLIGHT,CLEAR,DRY,,FOUR-WAY INTERSECTION,STRAIGHT/GRADE,ASPHALT,FOLLOWING TOO CLOSELY,REAR END,7THSTJORDANAVE,STOP SIGN,2019-05-01 14:50:00
MONROE SD,BLOOMINGTON,1,0.0,0.0,0.0,1.0,,,,S CHAPEL HILL,HARDIN RIDGE RD,,600.0,N,39.009952,-86.428256,COUNTY ROAD,N,RURAL,N,N,N,,DAWN/DUSK,CLEAR,DRY,,NO JUNCTION INVOLVED,STRAIGHT/GRADE,ASPHALT,ANIMAL/OBJECT IN ROADWAY,RAN OFF ROAD,CHAPELHILLRDHARDINRIDGERD,NONE,2019-05-01 07:21:00
MONROE SD,BLOOMINGTON,1,0.0,0.0,0.0,0.0,,,,S FAIRFAX,S STRAIN RIDGE RD,,,,39.074448,-86.5056,LOCAL/CITY ROAD,Y,RURAL,N,N,N,,DARK (LIGHTED),FOG/SMOKE/SMOG,WET,,T-INTERSECTION,STRAIGHT/GRADE,ASPHALT,RAN OFF ROAD RIGHT,RAN OFF ROAD,SFAIRFAXRDSTRAINRIDGERD,STOP SIGN,2019-05-01 23:54:00
BLOOMINGTON PD,BLOOMINGTON,1,0.0,1.0,0.0,0.0,,,,S ROGERS,W COOLIDGE DR,,,,39.14125,-86.53883,LOCAL/CITY ROAD,N,URBAN,N,N,N,,DAYLIGHT,CLOUDY,DRY,,T-INTERSECTION,STRAIGHT/GRADE,ASPHALT,PEDESTRIAN ACTION,RIGHT ANGLE,SROGERSSTWCOOLIDGEDR,STOP SIGN,2019-05-01 16:49:00
BLOOMINGTON PD,BLOOMINGTON,2,0.0,0.0,0.0,0.0,,,,S WALNUT ST PIKE,S HENDERSON ST,,,,39.13413,-86.52688,LOCAL/CITY ROAD,N,URBAN,N,N,N,,DAYLIGHT,CLOUDY,DRY,,FOUR-WAY INTERSECTION,STRAIGHT/GRADE,ASPHALT,FOLLOWING TOO CLOSELY,REAR END,HENDERSONSTWALNUTSTREETPIKE,STOP SIGN,2019-05-01 07:55:00
BLOOMINGTON PD,BLOOMINGTON,2,0.0,0.0,0.0,0.0,,,,W 1ST,S ROGERS ST,,,,39.17664,-86.538496,LOCAL/CITY ROAD,N,URBAN,Y,N,N,,DAYLIGHT,CLOUDY,DRY,,FOUR-WAY INTERSECTION,STRAIGHT/LEVEL,ASPHALT,DISREGARD SIGNAL/REG SIGN,RIGHT ANGLE,1STSTROGERSST,STOP SIGN,2019-05-01 11:58:00
BLOOMINGTON PD,BLOOMINGTON,2,0.0,1.0,0.0,0.0,,,,SR 45/46,N KINSER PIKE,,,,39.186544,-86.537888,STATE ROAD,N,URBAN,N,N,N,,DAYLIGHT,RAIN,WET,,FOUR-WAY INTERSECTION,STRAIGHT/GRADE,ASPHALT,FAILURE TO YIELD RIGHT OF WAY,RIGHT ANGLE,KINSERPIKESR45E,NONE,2019-05-02 11:59:00
BLOOMINGTON PD,BLOOMINGTON,3,0.0,0.0,0.0,0.0,,,,SR 45,INDUSTRIAL BLVD,,,,39.1436,-86.58031,STATE ROAD,N,URBAN,N,N,N,,DAYLIGHT,CLOUDY,WET,,FOUR-WAY INTERSECTION,STRAIGHT/GRADE,ASPHALT,FAILURE TO YIELD RIGHT OF WAY,LEFT TURN,SR45WWINDUSTRIALBLVD,TRAFFIC CONTROL SIGNAL,2019-05-02 17:35:00
MONROE SD,BLOOMINGTON,3,0.0,1.0,0.0,0.0,,,,SR 46,W ARLINGTON RD,,150.0,E,39.20763,-86.57989299,STATE ROAD,N,RURAL,N,N,N,,DAYLIGHT,CLEAR,DRY,,FOUR-WAY INTERSECTION,STRAIGHT/LEVEL,ASPHALT,FOLLOWING TOO CLOSELY,REAR END,ARLINGTONRDSR46W,NONE,2019-05-02 17:13:00
BLOOMINGTON PD,BLOOMINGTON,2,0.0,0.0,0.0,0.0,398.0,,,W COUNTRY CLUB,S MADISON ST,,200.0,E,39.1360324,-86.53572653,LOCAL/CITY ROAD,N,RURAL,N,N,N,,DAYLIGHT,CLEAR,WET,,TRAIL CROSSINGS,STRAIGHT/HILLCREST,ASPHALT,BRAKE FAILURE OR DEFECTIVE,REAR END,398WCOUNTRYCLUBDRMADISONST,NONE,2019-05-02 07:20:00
INDIANA UNIV BLOOMINGTON PD,BLOOMINGTON,2,0.0,0.0,0.0,0.0,1101.0,,,N FEE,,,,,39.17612549,-86.51898236,UNKNOWN,N,URBAN,N,N,N,,DAYLIGHT,RAIN,WET,,NO JUNCTION INVOLVED,STRAIGHT/LEVEL,ASPHALT,OTHER (DRIVER) - EXPLAIN IN NARRATIVE,SAME DIRECTION SIDESWIPE,NFEELN,NONE,2019-05-02 12:45:00
BLOOMINGTON PD,BLOOMINGTON,7,0.0,0.0,0.0,0.0,,,,N WALNUT,W 11TH ST,,100.0,N,39.17352264,-86.53348402,LOCAL/CITY ROAD,N,URBAN,N,N,N,,DAYLIGHT,RAIN,WET,,NO JUNCTION INVOLVED,STRAIGHT/HILLCREST,ASPHALT,SPEED TOO FAST FOR WEATHER CONDITIONS,SAME DIRECTION SIDESWIPE,11THSTWALNUTST,NONE,2019-05-02 11:45:00
BLOOMINGTON PD,BLOOMINGTON,2,0.0,0.0,0.0,0.0,,,,W 11TH,N MONROE ST,,,,39.17326,-86.54714,LOCAL/CITY ROAD,N,URBAN,N,N,N,,DARK (NOT LIGHTED),CLEAR,DRY,,NO JUNCTION INVOLVED,STRAIGHT/LEVEL,ASPHALT,IMPROPER LANE USAGE,SAME DIRECTION SIDESWIPE,NMONROESTW11THST,STOP SIGN,2019-05-02 23:30:00
BLOOMINGTON PD,BLOOMINGTON,2,0.0,0.0,0.0,0.0,,,,S COLLEGE MALL,E 3RD ST,,,,39.16424,-86.4984,LOCAL/CITY ROAD,Y,URBAN,N,N,N,,DAYLIGHT,CLEAR,DRY,,FOUR-WAY INTERSECTION,STRAIGHT/LEVEL,ASPHALT,IMPROPER LANE USAGE,SAME DIRECTION SIDESWIPE,E3RDSTSCOLLEGEMALLRD,TRAFFIC CONTROL SIGNAL,2019-05-03 16:00:00
MONROE SD,BLOOMINGTON,2,0.0,1.0,0.0,0.0,,,,N SMITH,SR 46,,,,39.210144,-86.5832,LOCAL/CITY ROAD,N,URBAN,N,N,N,,DAYLIGHT,CLOUDY,DRY,,T-INTERSECTION,STRAIGHT/LEVEL,ASPHALT,FAILURE TO YIELD RIGHT OF WAY,RIGHT ANGLE,SMITHPIKESTATEROAD46HWY,LANE CONTROL,2019-05-03 13:01:00
BLOOMINGTON PD,BLOOMINGTON,2,0.0,1.0,0.0,0.0,,,,S SMITH,SR 46,,,,39.16424,-86.480688,LOCAL/CITY ROAD,N,URBAN,N,N,N,,DAYLIGHT,RAIN,WET,,FOUR-WAY INTERSECTION,STRAIGHT/GRADE,ASPHALT,SPEED TOO FAST FOR WEATHER CONDITIONS,REAR END,E3RDSTSMITHRD,TRAFFIC CONTROL SIGNAL,2019-05-03 09:33:00
INDIANA UNIV BLOOMINGTON PD,BLOOMINGTON,2,0.0,0.0,0.0,0.0,,,,N SUNRISE,E 10TH ST,,,,39.17158,-86.51248,LOCAL/CITY ROAD,Y,URBAN,N,N,N,,DAWN/DUSK,CLEAR,DRY,,NO JUNCTION INVOLVED,STRAIGHT/GRADE,ASPHALT,OTHER (DRIVER) - EXPLAIN IN NARRATIVE,SAME DIRECTION SIDESWIPE,10THSTSUNRISEDR,NONE,2019-05-03 15:00:00
BLOOMINGTON PD,BLOOMINGTON,3,0.0,0.0,0.0,0.0,,,,E 3RD,S HILLSDALE DR,,,,39.164272,-86.502416,LOCAL/CITY ROAD,N,URBAN,N,N,N,,DAYLIGHT,CLOUDY,DRY,,FOUR-WAY INTERSECTION,STRAIGHT/GRADE,ASPHALT,FOLLOWING TOO CLOSELY,REAR END,E3RDSTSHILLSDALEDR,TRAFFIC CONTROL SIGNAL,2019-05-03 17:15:00
BLOOMINGTON PD,BLOOMINGTON,2,0.0,0.0,0.0,0.0,,,,S WALNUT,E BURKS DR,,1000.0,N,0.0,0.0,LOCAL/CITY ROAD,N,URBAN,N,N,N,,DAYLIGHT,CLOUDY,DRY,,NO JUNCTION INVOLVED,STRAIGHT/LEVEL,ASPHALT,FAILURE TO YIELD RIGHT OF WAY,RIGHT TURN,EBURKSDRSWALNUTST,NONE,2019-05-03 19:15:00
BLOOMINGTON PD,BLOOMINGTON,2,0.0,0.0,0.0,0.0,,,,SR 46,E 7TH ST,,100.0,S,39.16739189,-86.49996854,STATE ROAD,N,URBAN,N,N,N,,DAYLIGHT,CLEAR,DRY,,NO JUNCTION INVOLVED,STRAIGHT/GRADE,ASPHALT,FOLLOWING TOO CLOSELY,REAR END,E7THSTSR46E,NONE,2019-05-03 14:23:00
INDIANA UNIV BLOOMINGTON PD,BLOOMINGTON,4,0.0,0.0,0.0,0.0,,,,SR 45/46,N MILO B SAMPSON LN,,500.0,W,39.18622,-86.52210674,STATE ROAD,N,URBAN,N,N,N,,DAYLIGHT,CLOUDY,DRY,,NO JUNCTION INVOLVED,STRAIGHT/GRADE,ASPHALT,DRIVER DISTRACTED - EXPLAIN IN NARRATIVE,REAR END,NMILOBSAMPSONLNSR46,LANE CONTROL,2019-05-03 15:31:00
INDIANA UNIV BLOOMINGTON PD,BLOOMINGTON,2,0.0,0.0,0.0,0.0,,,,E 8TH,N FORREST AVE,,150.0,W,39.16947,-86.52232702,LOCAL/CITY ROAD,N,URBAN,N,N,N,,DAYLIGHT,CLEAR,DRY,,NO JUNCTION INVOLVED,STRAIGHT/LEVEL,ASPHALT,OTHER (DRIVER) - EXPLAIN IN NARRATIVE,SAME DIRECTION SIDESWIPE,E8THSTNFORRESTAVE,NONE,2019-05-03 19:15:00
MONROE SD,BLOOMINGTON,1,0.0,0.0,0.0,0.0,1799.0,,,E MONROE DAM,,,,,39.019456,-86.535088,UNKNOWN,N,RURAL,N,N,N,,DARK (LIGHTED),RAIN,WATER (STANDING OR MOVING),,RAMP,STRAIGHT/GRADE,OTHER - EXPLAIN IN NARRATIVE,SPEED TOO FAST FOR WEATHER CONDITIONS,RAN OFF ROAD,EMONROEDAMRD,NONE,2019-05-03 04:49:00
BLOOMINGTON PD,BLOOMINGTON,2,0.0,2.0,0.0,0.0,,,,S WALNUT,E SOUTH DR,,500.0,S,0.0,0.0,LOCAL/CITY ROAD,N,URBAN,Y,N,N,,DAYLIGHT,CLEAR,DRY,,T-INTERSECTION,STRAIGHT/LEVEL,ASPHALT,IMPROPER TURNING,LEFT TURN,EASTSOUTHDRSOUTHWALNUTST,NONE,2019-05-03 15:12:00
ELLETTSVILLE PD,ELLETTSVILLE,2,0.0,0.0,0.0,0.0,,,,W FOREST PARK,SR 46,,,,39.212048,-86.5872,LOCAL/CITY ROAD,N,URBAN,N,N,N,,DAYLIGHT,CLEAR,DRY,,T-INTERSECTION,CURVE/GRADE,ASPHALT,FOLLOWING TOO CLOSELY,REAR END,FORRESTPARKDRSTATEROAD46WRD,NONE,2019-05-03 16:25:00
MONROE SD,BLOOMINGTON,1,0.0,0.0,0.0,0.0,,,,W GIFFORD,S ENDWRIGHT RD,,200.0,W,39.151344,-86.5964,LOCAL/CITY ROAD,N,URBAN,N,N,N,,DAYLIGHT,RAIN,WET,,NO JUNCTION INVOLVED,CURVE/GRADE,ASPHALT,RAN OFF ROAD RIGHT,RAN OFF ROAD,SENDWRIGHTRDWGIFFORDRD,NONE,2019-05-03 02:54:00
BLOOMINGTON PD,BLOOMINGTON,2,0.0,0.0,0.0,0.0,,,,W KIRKWOOD,N WALNUT ST,,,,39.16664,-86.5336,LOCAL/CITY ROAD,N,URBAN,N,N,N,,DARK (LIGHTED),CLEAR,DRY,,FOUR-WAY INTERSECTION,STRAIGHT/LEVEL,ASPHALT,FAILURE TO YIELD RIGHT OF WAY,LEFT TURN,NWALNUTSTWKIRKWOODAVE,TRAFFIC CONTROL SIGNAL,2019-05-04 02:10:00
ELLETTSVILLE PD,ELLETTSVILLE,2,0.0,0.0,0.0,0.0,,,,SR 46,N SMITH PIKE,,,,39.210144,-86.5832,STATE ROAD,N,URBAN,N,N,N,,DAYLIGHT,RAIN,WET,,FOUR-WAY INTERSECTION,STRAIGHT/LEVEL,ASPHALT,DRIVER DISTRACTED - EXPLAIN IN NARRATIVE,REAR END,NORTHSMITHPIKESR46W,TRAFFIC CONTROL SIGNAL,2019-05-04 15:38:00
BLOOMINGTON PD,BLOOMINGTON,2,0.0,0.0,0.0,0.0,,,,W 3RD,S PATTERSON DR,,,,39.16441,-86.55196,LOCAL/CITY ROAD,N,URBAN,N,N,N,,DAYLIGHT,RAIN,WET,,NO JUNCTION INVOLVED,STRAIGHT/GRADE,ASPHALT,FAILURE TO YIELD RIGHT OF WAY,HEAD ON BETWEEN TWO MOTOR VEHICLES,SOUTHPATTERSONDRWEST3RDST,TRAFFIC CONTROL SIGNAL,2019-05-04 09:42:00
INDIANA UNIV BLOOMINGTON PD,BLOOMINGTON,2,0.0,2.0,0.0,0.0,,,,E 17TH,N FESS AVE,,,,39.179008,-86.525888,LOCAL/CITY ROAD,N,URBAN,N,N,N,,DAYLIGHT,RAIN,WET,,FOUR-WAY INTERSECTION,STRAIGHT/GRADE,ASPHALT,IMPROPER TURNING,LEFT TURN,EAST17THSTFESSAVE,LANE CONTROL,2019-05-04 13:40:00
INDIANA UNIV BLOOMINGTON PD,BLOOMINGTON,2,0.0,0.0,0.0,0.0,1000.0,,,E 17TH,,,,,39.17896,-86.521088,,Y,URBAN,N,N,N,,DAYLIGHT,RAIN,WET,,NO JUNCTION INVOLVED,STRAIGHT/GRADE,ASPHALT,,,EAST17THST,NONE,2019-05-04 10:30:00
BLOOMINGTON PD,BLOOMINGTON,2,0.0,0.0,0.0,0.0,,,,N COLLEGE,W 14TH ST,,,,39.17595,-86.53477,LOCAL/CITY ROAD,N,URBAN,N,N,N,,DAYLIGHT,RAIN,WET,,FOUR-WAY INTERSECTION,STRAIGHT/GRADE,ASPHALT,FAILURE TO YIELD RIGHT OF WAY,SAME DIRECTION SIDESWIPE,NORTHCOLLEGEAVEWEST14THST,STOP SIGN,2019-05-04 14:05:00
INDIANA UNIV BLOOMINGTON PD,BLOOMINGTON,2,0.0,0.0,0.0,0.0,,,,N INDIANA,E 14TH ST,,,,39.176192,-86.52712,LOCAL/CITY ROAD,N,URBAN,N,N,N,,DAYLIGHT,RAIN,WET,,NO JUNCTION INVOLVED,STRAIGHT/GRADE,ASPHALT,FAILURE TO YIELD RIGHT OF WAY,RIGHT ANGLE,14THSTINDIANAAVE,STOP SIGN,2019-05-04 07:32:00
INDIANA UNIV BLOOMINGTON PD,BLOOMINGTON,2,0.0,0.0,0.0,0.0,,,,N JORDAN,E LINGELBACH LN,,200.0,S,39.15599434,-86.51254,LOCAL/CITY ROAD,N,URBAN,N,N,N,,DAYLIGHT,RAIN,WET,,NO JUNCTION INVOLVED,CURVE/GRADE,ASPHALT,IMPROPER TURNING,LEFT TURN,ELINGELBACHLNJORDANAVE,LANE CONTROL,2019-05-04 12:20:00
MONROE SD,BLOOMINGTON,2,0.0,0.0,0.0,0.0,,,,S LEONARD SPRINGS,W TAPP RD,,,,39.13704,-86.582512,LOCAL/CITY ROAD,N,URBAN,N,N,N,,DAYLIGHT,CLOUDY,WET,,T-INTERSECTION,STRAIGHT/LEVEL,ASPHALT,FAILURE TO YIELD RIGHT OF WAY,RIGHT ANGLE,LEONARDSPRINGSRDTAPPRD,STOP SIGN,2019-05-04 17:00:00
MONROE SD,BLOOMINGTON,2,0.0,1.0,0.0,0.0,,,,SR 446,E RUSH RIDGE RD,,,,39.08457,-86.42041,STATE ROAD,N,RURAL,N,N,N,,DAYLIGHT,RAIN,WET,,T-INTERSECTION,CURVE/HILLCREST,ASPHALT,SPEED TOO FAST FOR WEATHER CONDITIONS,REAR END,RUSHRIDGERDSR446S,NONE,2019-05-04 16:15:00