Agency,City,Vehicles Involved,Trailers Involved,Number Injured,Number Dead,Number Deer,House Number,Roadway Interchange,Roadway Ramp,Roadway Id,Intersecting Road,Interchange,Feet From,Direction,Latitude,Longitude,Roadway Class,Hit and Run?,Locality,School Zone?,Rumble Strips?,Construction?,Construction Type,Light Condition,Weather Conditions,Surface Condition,Type of Median,Roadway Junction Type,Road Character,Roadway Surface,Primary Factor,Manner of Collision,Unique Location Id,Traffic Control,DateTime
BLOOMINGTON PD,BLOOMINGTON,2,0.0,0.0,0.0,0.0,,,,S LINCOLN,E 3RD ST,,,,39.16464,-86.531024,LOCAL/CITY ROAD,N,URBAN,N,N,N,,DAYLIGHT,CLEAR,DRY,,FOUR-WAY INTERSECTION,STRAIGHT/LEVEL,ASPHALT,DISREGARD SIGNAL/REG SIGN,OTHER - EXPLAIN IN NARRATIVE,E3RDSTSLINCOLNST,TRAFFIC CONTROL SIGNAL,2019-05-13 10:00:00
INDIANA UNIV BLOOMINGTON PD,BLOOMINGTON,3,0.0,0.0,0.0,0.0,,,,SR 45/46,N HEADLEY RD,,,,0.0,0.0,STATE ROAD,N,URBAN,N,N,Y,LANE CLOSURE,DAYLIGHT,CLOUDY,DRY,,NO JUNCTION INVOLVED,STRAIGHT/LEVEL,ASPHALT,FOLLOWING TOO CLOSELY,REAR END,EBALFOURSTSR46,NONE,2019-05-13 12:00:00
MONROE SD,ELLETTSVILLE,2,0.0,0.0,0.0,0.0,,,,SR 46,,,300.0,E,,,STATE ROAD,N,RURAL,N,N,N,,DAYLIGHT,CLEAR,DRY,,NO JUNCTION INVOLVED,STRAIGHT/LEVEL,ASPHALT,FOLLOWING TOO CLOSELY,REAR END,CYPRESSLNSR46W,NONE,2019-05-13 09:53:00
BLOOMINGTON PD,BLOOMINGTON,2,0.0,1.0,0.0,0.0,,,,SR 45,S LIBERTY DR,,,,39.145152,-86.5776,STATE ROAD,N,URBAN,N,N,N,,DAYLIGHT,CLEAR,DRY,,FOUR-WAY INTERSECTION,STRAIGHT/GRADE,ASPHALT,FOLLOWING TOO CLOSELY,REAR END,LIBERTYDRSR45W,TRAFFIC CONTROL SIGNAL,2019-05-14 12:54:00
BLOOMINGTON PD,BLOOMINGTON,1,0.0,1.0,0.0,0.0,,,,S WASHINGTON,E 3RD ST,,,,39.16464,-86.5324,LOCAL/CITY ROAD,N,URBAN,N,N,N,,DAYLIGHT,CLEAR,DRY,,FOUR-WAY INTERSECTION,STRAIGHT/LEVEL,CONCRETE,FAILURE TO YIELD RIGHT OF WAY,OTHER - EXPLAIN IN NARRATIVE,E3RDSTSWASHINGTONST,TRAFFIC CONTROL SIGNAL,2019-05-14 14:20:00
ISP BLOOMINGTON 33,BLOOMINGTON,2,0.0,0.0,0.0,0.0,,,,N CURRY,W JONATHAN DR,,,,39.16836,-86.58295,LOCAL/CITY ROAD,N,URBAN,N,N,N,,DAYLIGHT,CLEAR,DRY,,FOUR-WAY INTERSECTION,STRAIGHT/LEVEL,ASPHALT,FAILURE TO YIELD RIGHT OF WAY,LEFT TURN,CURRYPIKEJONATHANDR,TRAFFIC CONTROL SIGNAL,2019-05-14 10:25:00
ELLETTSVILLE PD,ELLETTSVILLE,2,0.0,0.0,0.0,0.0,,,,SR 46,N CAPITOL AVE,,450.0,E,39.2232,-86.60915897,STATE ROAD,N,URBAN,N,N,N,,DAYLIGHT,CLEAR,DRY,,NO JUNCTION INVOLVED,STRAIGHT/GRADE,ASPHALT,FOLLOWING TOO CLOSELY,REAR END,CAPITOLAVESR46W,NONE,2019-05-14 11:15:00
BLOOMINGTON PD,BLOOMINGTON,2,0.0,1.0,0.0,0.0,,,,W COUNTRY CLUB,S ROGERS ST,,,,0.0,0.0,LOCAL/CITY ROAD,N,URBAN,N,N,N,,DAYLIGHT,CLEAR,DRY,,FOUR-WAY INTERSECTION,STRAIGHT/LEVEL,ASPHALT,FOLLOWING TOO CLOSELY,REAR END,SOUTHROGERSSTWESTCOUNTRYCLUBDR,NONE,2019-05-14 17:24:00
MONROE SD,BLOOMINGTON,2,1.0,0.0,0.0,0.0,,,,E SAMPLE,I-69 N,Y,,,,,INTERSTATE,N,RURAL,N,N,N,,DAYLIGHT,CLEAR,DRY,,INTERCHANGE,CURVE/LEVEL,ASPHALT,FAILURE TO YIELD RIGHT OF WAY,OTHER - EXPLAIN IN NARRATIVE,I69NSAMPLERD,YIELD SIGN,2019-05-14 08:35:00
ELLETTSVILLE PD,ELLETTSVILLE,2,0.0,0.0,0.0,0.0,,,,N SYCAMORE,W HICKORY DR,,100.0,S,39.235744,-86.640032,LOCAL/CITY ROAD,N,URBAN,Y,N,N,,DAYLIGHT,CLEAR,DRY,,NO JUNCTION INVOLVED,STRAIGHT/LEVEL,ASPHALT,LEFT OF CENTER,OPPOSITE DIRECTION SIDESWIPE,NORTHSYCAMOREDRWESTHICKORYDR,NONE,2019-05-14 15:15:00
MONROE SD,BLOOMINGTON,1,0.0,0.0,0.0,0.0,,,,S FAIRFAX,E CHERRY LN,,,,39.09784,-86.5168,LOCAL/CITY ROAD,N,RURAL,N,N,N,,DARK (NOT LIGHTED),CLEAR,DRY,,T-INTERSECTION,CURVE/GRADE,ASPHALT,RAN OFF ROAD RIGHT,RAN OFF ROAD,ECHERRYLNSFAIRFAXRD,LANE CONTROL,2019-05-14 04:32:00
MONROE SD,BLOOMINGTON,2,0.0,2.0,0.0,0.0,,,,S HICKORY,W BELLE AVE,,,,39.16344,-86.58584,LOCAL/CITY ROAD,N,URBAN,N,N,N,,DAYLIGHT,CLEAR,DRY,,NO JUNCTION INVOLVED,STRAIGHT/LEVEL,ASPHALT,DISREGARD SIGNAL/REG SIGN,RIGHT ANGLE,SHICKORYDRWBELLEAVE,STOP SIGN,2019-05-14 09:36:00
BLOOMINGTON PD,BLOOMINGTON,2,0.0,0.0,0.0,0.0,,,,S LINCOLN,E 3RD ST,,,,39.16464,-86.531024,LOCAL/CITY ROAD,N,URBAN,N,N,N,,DAYLIGHT,CLEAR,DRY,,FOUR-WAY INTERSECTION,STRAIGHT/LEVEL,CONCRETE,DISREGARD SIGNAL/REG SIGN,OTHER - EXPLAIN IN NARRATIVE,E3RDSTSLINCOLNST,NONE,2019-05-14 13:42:00
INDIANA UNIV BLOOMINGTON PD,BLOOMINGTON,2,0.0,0.0,0.0,0.0,,,,SR 45,SR 45/46,,,,,,STATE ROAD,N,URBAN,N,N,N,,DAYLIGHT,CLEAR,DRY,,FOUR-WAY INTERSECTION,STRAIGHT/GRADE,ASPHALT,FOLLOWING TOO CLOSELY,REAR END,SR45SR46,TRAFFIC CONTROL SIGNAL,2019-05-15 15:47:00
BLOOMINGTON PD,BLOOMINGTON,2,0.0,1.0,0.0,0.0,,,,N WALNUT,SR 45/46,,,,0.0,0.0,LOCAL/CITY ROAD,N,URBAN,N,N,N,,DAYLIGHT,CLOUDY,DRY,,FOUR-WAY INTERSECTION,STRAIGHT/LEVEL,ASPHALT,FAILURE TO YIELD RIGHT OF WAY,SAME DIRECTION SIDESWIPE,4546BYPNWALNUTST,TRAFFIC CONTROL SIGNAL,2019-05-15 09:54:00
MONROE SD,BLOOMINGTON,2,0.0,0.0,0.0,0.0,,,,N CURRY,SR 46,,,,0.0,0.0,LOCAL/CITY ROAD,N,RURAL,N,N,Y,WORK ON SHOULDER,DAYLIGHT,CLOUDY,DRY,,T-INTERSECTION,STRAIGHT/GRADE,ASPHALT,UNSAFE LANE MOVEMENT,SAME DIRECTION SIDESWIPE,CURRYPIKESR46W,LANE CONTROL,2019-05-15 18:21:00
ISP BLOOMINGTON 33,BLOOMINGTON,1,0.0,0.0,0.0,1.0,,,,I-69 N,,,100.0,N,0.0,0.0,INTERSTATE,N,RURAL,N,N,N,,DAYLIGHT,CLEAR,DRY,,NO JUNCTION INVOLVED,STRAIGHT/GRADE,CONCRETE,ANIMAL/OBJECT IN ROADWAY,COLLISION WITH DEER,I69111.5,LANE CONTROL,2019-05-15 12:08:00
MONROE SD,BLOOMINGTON,1,0.0,0.0,0.0,1.0,,,,I-69 N,,,500.0,S,41.16782271,-85.10439598,INTERSTATE,N,URBAN,N,N,N,,DAWN/DUSK,CLOUDY,DRY,,NO JUNCTION INVOLVED,STRAIGHT/LEVEL,ASPHALT,ANIMAL/OBJECT IN ROADWAY,COLLISION WITH DEER,I69N115,NONE,2019-05-15 06:33:00
MONROE SD,BLOOMINGTON,2,0.0,1.0,0.0,0.0,,,,SR 48,S CAVE RD,,750.0,W,39.16360188,-86.63168619,STATE ROAD,N,RURAL,N,N,N,,DAYLIGHT,CLEAR,DRY,,NO JUNCTION INVOLVED,CURVE/GRADE,ASPHALT,LEFT OF CENTER,OPPOSITE DIRECTION SIDESWIPE,CAVERDSR48W,NONE,2019-05-15 15:07:00
BLOOMINGTON PD,BLOOMINGTON,2,0.0,2.0,0.0,0.0,,,,W 3RD,S COLLEGE AVE,,,,39.16464,-86.534816,LOCAL/CITY ROAD,N,URBAN,N,N,N,,DAYLIGHT,CLEAR,DRY,,FOUR-WAY INTERSECTION,STRAIGHT/GRADE,ASPHALT,DISREGARD SIGNAL/REG SIGN,RIGHT ANGLE,SCOLLEGEAVEW3RDST,TRAFFIC CONTROL SIGNAL,2019-05-16 14:43:00
MONROE SD,BLOOMINGTON,1,0.0,0.0,0.0,0.0,,,,W VERNAL,N CURRY PIKE,,,,39.179248,-86.5832,LOCAL/CITY ROAD,N,URBAN,N,N,N,,DAYLIGHT,RAIN,WET,,FOUR-WAY INTERSECTION,STRAIGHT/HILLCREST,ASPHALT,RAN OFF ROAD RIGHT,RAN OFF ROAD,NCURRYPIKEWVERNALPIKE,TRAFFIC CONTROL SIGNAL,2019-05-16 18:55:00
MONROE SD,BLOOMINGTON,2,0.0,0.0,0.0,0.0,,,,SR 46,N SMITH PIKE,,,,39.210144,-86.5832,STATE ROAD,N,URBAN,N,N,N,,DARK (NOT LIGHTED),CLEAR,DRY,,FOUR-WAY INTERSECTION,STRAIGHT/LEVEL,ASPHALT,SPEED TOO FAST FOR WEATHER CONDITIONS,RIGHT ANGLE,NORTHSMITHPIKESR46W,TRAFFIC CONTROL SIGNAL,2019-05-16 22:02:00
BLOOMINGTON PD,BLOOMINGTON,2,0.0,0.0,0.0,0.0,,,,S SMITH,SR 46,,,,39.16424,-86.480688,LOCAL/CITY ROAD,N,URBAN,N,N,N,,DAWN/DUSK,RAIN,WET,,FOUR-WAY INTERSECTION,STRAIGHT/GRADE,ASPHALT,SPEED TOO FAST FOR WEATHER CONDITIONS,REAR END,3RDSTSMITHRD,TRAFFIC CONTROL SIGNAL,2019-05-16 19:00:00
ELLETTSVILLE PD,ELLETTSVILLE,2,0.0,2.0,0.0,0.0,,,,N SMITH,,,500.0,S,39.210144,-86.5832,LOCAL/CITY ROAD,N,URBAN,N,N,N,,DAYLIGHT,CLEAR,DRY,,NO JUNCTION INVOLVED,STRAIGHT/GRADE,ASPHALT,FAILURE TO YIELD RIGHT OF WAY,LEFT TURN,NORTHSMITHPIKESR46W,LANE CONTROL,2019-05-16 17:20:00
MONROE SD,BLOOMINGTON,2,1.0,0.0,0.0,0.0,,,,N SR 37 BUSINESS,W BAYLES RD,,3000.0,S,38.89782469,-86.53701,STATE ROAD,N,URBAN,N,N,N,,DAYLIGHT,CLEAR,DRY,,NO JUNCTION INVOLVED,STRAIGHT/LEVEL,ASPHALT,TIRE FAILURE OR DEFECTIVE,COLLISION WITH OBJECT IN ROAD,BAYLESRDSR37N,NONE,2019-05-16 16:40:00
INDIANA UNIV BLOOMINGTON PD,BLOOMINGTON,3,0.0,0.0,0.0,0.0,,,,SR 45/46,SR 45,,,,39.18629224,-86.53255993,STATE ROAD,N,URBAN,N,N,N,,DAYLIGHT,CLOUDY,DRY,,FOUR-WAY INTERSECTION,STRAIGHT/LEVEL,ASPHALT,DRIVER DISTRACTED - EXPLAIN IN NARRATIVE,REAR END,SR45ESR46N,TRAFFIC CONTROL SIGNAL,2019-05-17 12:58:00
ISP BLOOMINGTON 33,BLOOMINGTON,2,0.0,0.0,0.0,0.0,,,,SR 46,W ARLINGTON RD,,,,39.209808,-86.582672,STATE ROAD,N,RURAL,N,N,N,,DAYLIGHT,CLEAR,DRY,,FOUR-WAY INTERSECTION,CURVE/GRADE,ASPHALT,FOLLOWING TOO CLOSELY,REAR END,ARLINGTONRDSR46,TRAFFIC CONTROL SIGNAL,2019-05-17 13:10:00
BLOOMINGTON PD,BLOOMINGTON,1,0.0,1.0,0.0,0.0,,,,E 10TH,N DUNN ST,,,,39.17168,-86.528256,LOCAL/CITY ROAD,N,URBAN,N,N,N,,DAYLIGHT,CLEAR,DRY,,FOUR-WAY INTERSECTION,STRAIGHT/LEVEL,ASPHALT,DISREGARD SIGNAL/REG SIGN,RIGHT ANGLE,EAST10THSTNORTHDUNNST,STOP SIGN,2019-05-17 17:27:00
BLOOMINGTON PD,BLOOMINGTON,2,0.0,0.0,0.0,0.0,,,,E 17TH,N GRANT ST,,50.0,W,39.178944,-86.5296,LOCAL/CITY ROAD,N,URBAN,N,N,N,,DAYLIGHT,CLOUDY,DRY,,NO JUNCTION INVOLVED,STRAIGHT/GRADE,ASPHALT,IMPROPER TURNING,RIGHT ANGLE,E17THSTNGRANTST,NONE,2019-05-17 19:40:00
BLOOMINGTON PD,BLOOMINGTON,2,0.0,1.0,0.0,0.0,,,,E 3RD,S HIGH ST,,,,39.164352,-86.508288,LOCAL/CITY ROAD,Y,URBAN,N,N,N,,DARK (LIGHTED),CLEAR,DRY,,FOUR-WAY INTERSECTION,STRAIGHT/GRADE,ASPHALT,FOLLOWING TOO CLOSELY,REAR END,E3RDSTHIGHST,TRAFFIC CONTROL SIGNAL,2019-05-17 21:51:00
MONROE SD,BLOOMINGTON,1,0.0,0.0,0.0,0.0,,,,I-69 N,,,200.0,S,41.37294174,-85.07820502,INTERSTATE,N,RURAL,N,Y,N,,DARK (NOT LIGHTED),CLEAR,DRY,,NO JUNCTION INVOLVED,STRAIGHT/GRADE,ASPHALT,RAN OFF ROAD RIGHT,RAN OFF ROAD,I69N129.5,NONE,2019-05-17 02:28:00
BLOOMINGTON PD,BLOOMINGTON,2,0.0,0.0,0.0,0.0,,,,S MAXWELL,E THORNTON DR,,,,39.148336,-86.515024,LOCAL/CITY ROAD,N,URBAN,N,N,N,,DAYLIGHT,CLOUDY,DRY,,FOUR-WAY INTERSECTION,STRAIGHT/GRADE,ASPHALT,DISREGARD SIGNAL/REG SIGN,RIGHT ANGLE,ETHORNTONDRSMAXWELLST,STOP SIGN,2019-05-17 07:50:00
BLOOMINGTON PD,BLOOMINGTON,3,0.0,0.0,0.0,0.0,,,,SR 46,E 7TH ST,,,,39.167648,-86.500096,STATE ROAD,N,URBAN,N,N,N,,DAYLIGHT,CLEAR,DRY,,T-INTERSECTION,STRAIGHT/LEVEL,ASPHALT,FOLLOWING TOO CLOSELY,REAR END,7THSTSR46E,NONE,2019-05-18 12:27:00
MONROE SD,BLOOMINGTON,2,0.0,0.0,0.0,0.0,,,,W ARLINGTON,SR 46,,550.0,E,39.20882891,-86.58119336,LOCAL/CITY ROAD,N,RURAL,N,N,N,,DAYLIGHT,CLEAR,DRY,,NO JUNCTION INVOLVED,CURVE/GRADE,ASPHALT,FOLLOWING TOO CLOSELY,REAR END,ARLINGTONRDSR46W,NONE,2019-05-18 17:17:00
MONROE SD,BLOOMINGTON,2,0.0,0.0,0.0,0.0,,,,S CURRY,W CONSTITUTION AVE,,,,39.15127,-86.58262,LOCAL/CITY ROAD,N,URBAN,N,N,N,,DAYLIGHT,CLEAR,DRY,,FOUR-WAY INTERSECTION,STRAIGHT/LEVEL,ASPHALT,FAILURE TO YIELD RIGHT OF WAY,RIGHT ANGLE,SCURRYPIKEWCONSTITUTIONAVE,STOP SIGN,2019-05-18 11:49:00
MONROE SD,BLOOMINGTON,1,0.0,3.0,0.0,0.0,,,,I-69 S,,,250.0,N,41.33809036,-85.08769536,INTERSTATE,N,URBAN,N,Y,N,,DARK (LIGHTED),CLEAR,DRY,,NO JUNCTION INVOLVED,STRAIGHT/GRADE,ASPHALT,OVERCORRECTING/OVERSTEERING,RAN OFF ROAD,I69S127,NONE,2019-05-18 00:41:00
ISP BLOOMINGTON 33,BLOOMINGTON,1,0.0,0.0,0.0,1.0,,,,I-69 S,,,100.0,N,39.28185324,-86.52750503,INTERSTATE,N,RURAL,N,N,N,,DARK (NOT LIGHTED),CLEAR,DRY,,NO JUNCTION INVOLVED,STRAIGHT/LEVEL,ASPHALT,ANIMAL/OBJECT IN ROADWAY,COLLISION WITH DEER,I69SSAMPLERD,LANE CONTROL,2019-05-18 22:25:00
INDIANA UNIV BLOOMINGTON PD,BLOOMINGTON,1,0.0,0.0,0.0,0.0,,,,N WOODLAWN,E 17TH ST,,,,39.178992,-86.523504,LOCAL/CITY ROAD,N,URBAN,N,N,Y,LANE CLOSURE,DAYLIGHT,CLEAR,DRY,,FOUR-WAY INTERSECTION,STRAIGHT/LEVEL,GRAVEL,RAN OFF ROAD RIGHT,RAN OFF ROAD,EAST17THSTWOODLAWNAVE,TRAFFIC CONTROL SIGNAL,2019-05-18 11:40:00
MONROE SD,BLOOMINGTON,2,0.0,0.0,0.0,0.0,,,,S STRAIN RIDGE,S STONE RIDGE RD,,1000.0,S,38.94782617,-86.50797,COUNTY ROAD,N,RURAL,N,N,N,,DAYLIGHT,CLEAR,DRY,,NO JUNCTION INVOLVED,STRAIGHT/HILLCREST,ASPHALT,LEFT OF CENTER,OPPOSITE DIRECTION SIDESWIPE,STONERIDGERDSTRAINRIDGERD,NONE,2019-05-18 00:14:00
MONROE SD,BLOOMINGTON,1,0.0,1.0,0.0,0.0,,,,SR 446,S OLD BEND RD,,,,0.0,0.0,STATE ROAD,N,RURAL,N,N,N,,DAYLIGHT,CLEAR,DRY,,T-INTERSECTION,CURVE/LEVEL,ASPHALT,OTHER (DRIVER) - EXPLAIN IN NARRATIVE,OTHER - EXPLAIN IN NARRATIVE,SOLDBENDRDSR446N,NONE,2019-05-18 16:37:00
BLOOMINGTON PD,BLOOMINGTON,2,0.0,0.0,0.0,0.0,,,,S WALNUT,E 4TH ST,,,,39.165648,-86.5336,LOCAL/CITY ROAD,N,URBAN,N,N,N,,DAYLIGHT,RAIN,WET,,FOUR-WAY INTERSECTION,STRAIGHT/LEVEL,ASPHALT,TRAFFIC CONTROL INOPERATIVE/MISSING/OBSC,RIGHT ANGLE,EAST4THSTSOUTHWALNUTST,TRAFFIC CONTROL SIGNAL,2019-05-19 19:00:00
INDIANA UNIV BLOOMINGTON PD,BLOOMINGTON,2,0.0,0.0,0.0,0.0,,,,SR 45/46,E 17TH ST,,,,39.17984,-86.507088,STATE ROAD,N,URBAN,N,N,N,,DAYLIGHT,CLOUDY,DRY,,T-INTERSECTION,STRAIGHT/GRADE,ASPHALT,FOLLOWING TOO CLOSELY,REAR END,EAST17THSTSR46,TRAFFIC CONTROL SIGNAL,2019-05-19 14:49:00
MONROE SD,BLOOMINGTON,1,0.0,0.0,0.0,0.0,,,,I-69 N,N SR 37 BUSINESS,Y,,,0.0,0.0,INTERSTATE,N,RURAL,N,N,N,,DAYLIGHT,RAIN,WET,,NO JUNCTION INVOLVED,CURVE/LEVEL,ASPHALT,RAN OFF ROAD RIGHT,RAN OFF ROAD,COLLEGEEXITAVEI69N,NONE,2019-05-19 13:11:00
BLOOMINGTON PD,BLOOMINGTON,2,0.0,1.0,0.0,0.0,,,,SR 45/46,W STONELAKE DR,,150.0,S,39.1710493,-86.54665,STATE ROAD,Y,URBAN,N,N,Y,LANE CLOSURE,DAYLIGHT,CLEAR,DRY,,FOUR-WAY INTERSECTION,STRAIGHT/LEVEL,ASPHALT,FOLLOWING TOO CLOSELY,REAR END,SR46WSTONELAKEDR,NONE,2019-05-19 09:12:00
ISP BLOOMINGTON 33,BLOOMINGTON,2,0.0,1.0,0.0,0.0,6196.0,,,SR 46,E BENDER RD,,450.0,W,39.16326,-86.4410311,STATE ROAD,N,RURAL,N,N,N,,DAYLIGHT,CLEAR,DRY,,NO JUNCTION INVOLVED,STRAIGHT/GRADE,ASPHALT,UNSAFE LANE MOVEMENT,RAN OFF ROAD,BENDERRDSR46,LANE CONTROL,2019-05-19 17:11:00
ELLETTSVILLE PD,ELLETTSVILLE,2,0.0,1.0,0.0,0.0,5989.0,,,N MATTHEWS,,,,,39.23809,-86.62427,LOCAL/CITY ROAD,N,URBAN,N,N,N,,DAYLIGHT,CLEAR,DRY,,T-INTERSECTION,CURVE/LEVEL,ASPHALT,VIEW OBSTRUCTED,RIGHT ANGLE,MATTHEWSDR,NONE,2019-05-19 17:19:00
BLOOMINGTON PD,BLOOMINGTON,2,0.0,0.0,0.0,0.0,,,,N PETE ELLIS,E LONGVIEW AVE,,,,39.166944,-86.495056,LOCAL/CITY ROAD,N,URBAN,N,N,N,,DAYLIGHT,RAIN,WET,,FOUR-WAY INTERSECTION,STRAIGHT/LEVEL,ASPHALT,FAILURE TO YIELD RIGHT OF WAY,LEFT TURN,LONGVIEWAVEPETEELLISDR,STOP SIGN,2019-05-19 11:14:00
BLOOMINGTON PD,BLOOMINGTON,2,0.0,0.0,0.0,0.0,,,,SR 46,S CLARIZZ BLVD,,,,39.16424,-86.4908,LOCAL/CITY ROAD,N,URBAN,N,N,N,,DAYLIGHT,CLEAR,DRY,,FOUR-WAY INTERSECTION,STRAIGHT/LEVEL,ASPHALT,FAILURE TO YIELD RIGHT OF WAY,RIGHT ANGLE,E3RDSTSCLARIZZBLVD,TRAFFIC CONTROL SIGNAL,2019-05-20 15:19:00
BLOOMINGTON PD,BLOOMINGTON,1,0.0,0.0,0.0,0.0,322.0,,,E 2ND,S LINCOLN ST,,,,39.16428045,-86.53121796,UNKNOWN,Y,URBAN,N,N,N,,UNKNOWN,CLEAR,DRY,,NO JUNCTION INVOLVED,,,IMPROPER LANE USAGE,OTHER - EXPLAIN IN NARRATIVE,322E2NDSTSLINCOLNST,,2019-05-20 10:15:00
BLOOMINGTON PD,BLOOMINGTON,2,0.0,0.0,0.0,0.0,,,,SR 48,S CURRY PIKE,,200.0,W,39.16464,-86.58294268,LOCAL/CITY ROAD,Y,URBAN,N,N,N,,DAYLIGHT,RAIN,WET,,FOUR-WAY INTERSECTION,STRAIGHT/LEVEL,ASPHALT,FAILURE TO YIELD RIGHT OF WAY,RIGHT ANGLE,SCURRYPIKEW3RDST,NONE,2019-05-21 15:25:00
BLOOMINGTON PD,BLOOMINGTON,2,0.0,0.0,0.0,0.0,,,,E WINSLOW,S WALNUT ST,,200.0,E,39.13613411,-86.52798283,LOCAL/CITY ROAD,N,URBAN,N,N,N,,DAYLIGHT,CLOUDY,WET,,NO JUNCTION INVOLVED,STRAIGHT/LEVEL,ASPHALT,FAILURE TO YIELD RIGHT OF WAY,SAME DIRECTION SIDESWIPE,WALNUTSTWINSLOWRD,NONE,2019-05-21 11:57:00
INDIANA UNIV BLOOMINGTON PD,BLOOMINGTON,2,0.0,1.0,0.0,0.0,,,,SR 45/46 ,N RANGE RD,,,,39.171504,-86.495312,STATE ROAD,N,URBAN,N,N,N,,DAYLIGHT,CLOUDY,WET,,T-INTERSECTION,STRAIGHT/LEVEL,ASPHALT,FAILURE TO YIELD RIGHT OF WAY,LEFT TURN,NRANGERDSR45N,LANE CONTROL,2019-05-21 09:55:00
ELLETTSVILLE PD,ELLETTSVILLE,2,0.0,0.0,0.0,0.0,,,,SR 46,N HARTSTRAIT RD,,,,39.22766,-86.61594,LOCAL/CITY ROAD,N,URBAN,N,N,N,,DAYLIGHT,CLOUDY,DRY,,FOUR-WAY INTERSECTION,STRAIGHT/LEVEL,ASPHALT,FOLLOWING TOO CLOSELY,REAR END,HARTSTRAITRDTEMPERANCEST,TRAFFIC CONTROL SIGNAL,2019-05-21 07:55:00
MONROE SD,BLOOMINGTON,2,0.0,0.0,0.0,0.0,,,,S WALNUT ST PIKE,S FAIRFAX RD,,200.0,N,39.12830788,-86.52648,LOCAL/CITY ROAD,N,RURAL,N,N,N,,DAYLIGHT,CLOUDY,WET,,NO JUNCTION INVOLVED,STRAIGHT/LEVEL,ASPHALT,FAILURE TO YIELD RIGHT OF WAY,OPPOSITE DIRECTION SIDESWIPE,FAIRFAXRDWALNUTSTREETPIKE,NONE,2019-05-21 17:19:00
BLOOMINGTON PD,BLOOMINGTON,2,0.0,0.0,0.0,0.0,,,,E 3RD,S ROOSEVELT ST,,,,39.164304,-86.505792,LOCAL/CITY ROAD,N,URBAN,N,N,N,,DAYLIGHT,CLOUDY,DRY,,T-INTERSECTION,STRAIGHT/GRADE,ASPHALT,FOLLOWING TOO CLOSELY,REAR END,3RDSTROOSEVELTST,NONE,2019-05-21 08:52:00
MONROE SD,BLOOMINGTON,3,0.0,0.0,0.0,0.0,,,,S FAIRFAX,E CHERRY LN,,250.0,N,39.09784,-86.5168,LOCAL/CITY ROAD,Y,RURAL,N,N,N,,DAYLIGHT,RAIN,WET,NONE,NO JUNCTION INVOLVED,STRAIGHT/GRADE,ASPHALT,FOLLOWING TOO CLOSELY,REAR END,ECHERRYLNSFAIRFAXRD,NONE,2019-05-21 10:27:00
BLOOMINGTON PD,BLOOMINGTON,1,0.0,0.0,0.0,0.0,,,,S SMITH,E STONEGATE DR,,33.0,N,39.16463926,-86.48072,LOCAL/CITY ROAD,N,URBAN,N,N,N,,DARK (NOT LIGHTED),CLEAR,DRY,,FOUR-WAY INTERSECTION,STRAIGHT/LEVEL,ASPHALT,RAN OFF ROAD RIGHT,RAN OFF ROAD,SSMITHRDSTONEGATEDR,NONE,2019-05-21 22:10:00
MONROE SD,BLOOMINGTON,2,0.0,0.0,0.0,0.0,,,,SR 46,S TWINLEAF DR,,500.0,W,39.16373716,-86.41857996,STATE ROAD,N,URBAN,N,N,N,,DAYLIGHT,RAIN,WET,,NO JUNCTION INVOLVED,STRAIGHT/LEVEL,ASPHALT,FOLLOWING TOO CLOSELY,REAR END,STWINLEAFDRSR46E,NONE,2019-05-21 11:10:00
BLOOMINGTON PD,BLOOMINGTON,2,0.0,0.0,0.0,0.0,,,,W 7TH,N FAIRVIEW ST,,,,39.16872,-86.541104,LOCAL/CITY ROAD,Y,URBAN,Y,N,N,,DAYLIGHT,CLOUDY,DRY,,T-INTERSECTION,STRAIGHT/GRADE,ASPHALT,IMPROPER TURNING,LEFT/RIGHT TURN,NFAIRVIEWSTW7THST,STOP SIGN,2019-05-21 19:43:00
BLOOMINGTON PD,BLOOMINGTON,2,0.0,0.0,0.0,0.0,,,,E 3RD,S COLLEGE MALL RD,,,,39.16424,-86.4984,LOCAL/CITY ROAD,Y,URBAN,N,N,N,,DAYLIGHT,RAIN,WET,,NO JUNCTION INVOLVED,STRAIGHT/LEVEL,ASPHALT,FAILURE TO YIELD RIGHT OF WAY,SAME DIRECTION SIDESWIPE,3RDSTCOLLEGEMALLRD,NONE,2019-05-22 09:30:00
BLOOMINGTON PD,BLOOMINGTON,2,0.0,0.0,0.0,0.0,,,,N KINSER,W 17TH ST,,,,39.178992,-86.537792,LOCAL/CITY ROAD,N,URBAN,N,N,N,,DAYLIGHT,CLEAR,DRY,,FOUR-WAY INTERSECTION,STRAIGHT/HILLCREST,ASPHALT,FOLLOWING TOO CLOSELY,REAR END,NKINSERPIKEW17THST,TRAFFIC CONTROL SIGNAL,2019-05-22 18:09:00
INDIANA UNIV BLOOMINGTON PD,BLOOMINGTON,1,0.0,0.0,0.0,1.0,,,,SR 45/46,N MILO B SAMPSON LN,,,,0.0,0.0,STATE ROAD,N,URBAN,N,N,N,,DARK (NOT LIGHTED),CLEAR,DRY,,NO JUNCTION INVOLVED,STRAIGHT/LEVEL,ASPHALT,ANIMAL/OBJECT IN ROADWAY,COLLISION WITH DEER,NMILOBSAMPSONLNSR46,LANE CONTROL,2019-05-22 22:08:00