Agency,City,Vehicles Involved,Trailers Involved,Number Injured,Number Dead,Number Deer,House Number,Roadway Interchange,Roadway Ramp,Roadway Id,Intersecting Road,Interchange,Feet From,Direction,Latitude,Longitude,Roadway Class,Hit and Run?,Locality,School Zone?,Rumble Strips?,Construction?,Construction Type,Light Condition,Weather Conditions,Surface Condition,Type of Median,Roadway Junction Type,Road Character,Roadway Surface,Primary Factor,Manner of Collision,Unique Location Id,Traffic Control,DateTime
BLOOMINGTON PD,BLOOMINGTON,1,0.0,0.0,0.0,0.0,,,,S SARE,E ROGERS RD,,,,39.13584,-86.496288,LOCAL/CITY ROAD,N,URBAN,N,N,N,,DARK (LIGHTED),CLOUDY,WET,,FOUR-WAY INTERSECTION,CURVE/LEVEL,ASPHALT,DRIVER ASLEEP OR FATIGUED,RAN OFF ROAD,EROGERSRDSSARERD,ROUNDABOUT INTERSECTION,2019-05-30 03:10:00
MONROE SD,BLOOMINGTON,1,0.0,1.0,0.0,0.0,,,,W GORDON,,,699.0,E,39.12152265,-86.53662889,COUNTY ROAD,N,RURAL,N,N,N,,DAYLIGHT,CLEAR,DRY,,NO JUNCTION INVOLVED,STRAIGHT/GRADE,ASPHALT,UNSAFE SPEED,OTHER - EXPLAIN IN NARRATIVE,GORDONPIKESROGERSST,NONE,2019-05-30 20:43:00
BLOOMINGTON PD,BLOOMINGTON,2,0.0,2.0,0.0,0.0,,,,SR 46,KINGTSON DR S,,,,39.16421,-86.49304,LOCAL/CITY ROAD,N,URBAN,N,N,N,,DAYLIGHT,CLEAR,DRY,,FOUR-WAY INTERSECTION,STRAIGHT/LEVEL,ASPHALT,FOLLOWING TOO CLOSELY,REAR END,E3RDSTSKINGTSONDR,TRAFFIC CONTROL SIGNAL,2019-05-31 17:36:00
BLOOMINGTON PD,BLOOMINGTON,1,0.0,0.0,0.0,0.0,,,,SR 46,SR 446,,,,39.16664,-86.462496,STATE ROAD,N,URBAN,N,N,N,,DAYLIGHT,CLEAR,DRY,,FOUR-WAY INTERSECTION,CURVE/LEVEL,ASPHALT,RAN OFF ROAD RIGHT,RAN OFF ROAD,SR446ESR46E,LANE CONTROL,2019-05-31 07:53:00
ISP BLOOMINGTON 33,BLOOMINGTON,1,0.0,1.0,0.0,0.0,,,,I-69 N,,,304.0,S,41.09595805,-85.21359784,INTERSTATE,N,RURAL,N,N,N,,DAYLIGHT,CLEAR,DRY,,NO JUNCTION INVOLVED,STRAIGHT/GRADE,CONCRETE,RAN OFF ROAD RIGHT,RAN OFF ROAD,I69N107.0,LANE CONTROL,2019-05-31 13:15:00
BLOOMINGTON PD,BLOOMINGTON,1,0.0,0.0,0.0,1.0,,,,I-69 S,,,500.0,N,41.24559967,-85.09191471,INTERSTATE,N,RURAL,N,N,N,,DARK (NOT LIGHTED),CLEAR,DRY,,NO JUNCTION INVOLVED,STRAIGHT/LEVEL,ASPHALT,ANIMAL/OBJECT IN ROADWAY,COLLISION WITH DEER,I69S120.5,NONE,2019-05-31 02:05:00
INDIANA UNIV BLOOMINGTON PD,BLOOMINGTON,2,0.0,0.0,0.0,0.0,,,,S JORDAN,UNIVERSITY AVE,,,,39.1670686,-86.51599035,LOCAL/CITY ROAD,N,URBAN,N,N,N,,DAYLIGHT,CLEAR,DRY,,FOUR-WAY INTERSECTION,CURVE/HILLCREST,ASPHALT,WRONG WAY ON ONE WAY,LEFT TURN,JORDANAVEUNIVERSITYAVE,NONE,2019-05-31 14:45:00
MONROE SD,BLOOMINGTON,1,0.0,0.0,0.0,0.0,8310.0,,,N LOW GAP,,,,,39.284624,-86.409104,LOCAL/CITY ROAD,N,RURAL,N,N,N,,DAYLIGHT,CLEAR,DRY,,NO JUNCTION INVOLVED,CURVE/LEVEL,ASPHALT,UNSAFE SPEED,RAN OFF ROAD,NLOWGAPRD,NONE,2019-06-01 17:44:00
BLOOMINGTON PD,BLOOMINGTON,3,0.0,0.0,0.0,0.0,,,,N WASHINGTON,E 6TH ST,,,,39.167664,-86.5324,LOCAL/CITY ROAD,Y,URBAN,N,N,N,,DARK (LIGHTED),CLEAR,DRY,,FOUR-WAY INTERSECTION,STRAIGHT/LEVEL,ASPHALT,UNSAFE LANE MOVEMENT,SAME DIRECTION SIDESWIPE,E6THSTNWASHINGTONST,NONE,2019-06-01 00:00:00
ISP BLOOMINGTON 33,BLOOMINGTON,1,0.0,0.0,0.0,0.0,,,,W TAPP,S ADAMS ST,,,,39.136565,-86.55422,LOCAL/CITY ROAD,N,URBAN,N,N,N,,DARK (LIGHTED),CLEAR,DRY,,TRAFFIC CIRCLE/ROUNDABOUT,CURVE/LEVEL,CONCRETE,OVERCORRECTING/OVERSTEERING,OTHER - EXPLAIN IN NARRATIVE,ADAMSSTTAPPRD,LANE CONTROL,2019-06-01 23:19:00
MONROE SD,BLOOMINGTON,1,0.0,0.0,0.0,0.0,,,,N WAYPORT,E WINERY RD,,500.0,N,39.31342319,-86.52276286,LOCAL/CITY ROAD,N,RURAL,N,N,N,,DARK (NOT LIGHTED),CLEAR,WET,,NO JUNCTION INVOLVED,STRAIGHT/GRADE,ASPHALT,OTHER (ENVIRONMENTAL) - EXPLAIN IN NARR,OTHER - EXPLAIN IN NARRATIVE,NORTHWAYPORTRDNORTHWINERYRD,NONE,2019-06-02 03:16:00
BLOOMINGTON PD,BLOOMINGTON,2,0.0,0.0,0.0,0.0,,,,S BASSWOOD,S MULLER PKWY,,500.0,W,39.15859,-86.56786671,LOCAL/CITY ROAD,N,RURAL,N,N,N,,DARK (NOT LIGHTED),CLEAR,DRY,,NO JUNCTION INVOLVED,STRAIGHT/GRADE,ASPHALT,UNSAFE SPEED,REAR END,BASSWOODDRMULLERPKWY,NONE,2019-06-02 04:41:00
BLOOMINGTON PD,BLOOMINGTON,2,0.0,0.0,0.0,0.0,1331.0,,,W 13TH,,,,,39.175152,-86.54956263,UNKNOWN,Y,,N,N,N,,DARK (LIGHTED),CLEAR,DRY,,NO JUNCTION INVOLVED,STRAIGHT/GRADE,CONCRETE,UNSAFE BACKING,BACKING CRASH,13THST,NONE,2019-06-02 12:25:00
BLOOMINGTON PD,BLOOMINGTON,2,0.0,0.0,0.0,0.0,,,,W OLD SR 37,N DUNN ST,,,,39.208048,-86.528704,LOCAL/CITY ROAD,N,RURAL,N,N,N,,DAYLIGHT,CLEAR,DRY,,T-INTERSECTION,CURVE/GRADE,ASPHALT,FAILURE TO YIELD RIGHT OF WAY,RIGHT ANGLE,NDUNNSTNOLDSTATEROAD37HWY,STOP SIGN,2019-06-02 16:37:00
BLOOMINGTON PD,BLOOMINGTON,2,0.0,0.0,0.0,0.0,,,,SR 45/46,N COLLEGE AVE,,,,0.0,0.0,LOCAL/CITY ROAD,N,URBAN,N,N,N,,DAYLIGHT,CLEAR,DRY,,FOUR-WAY INTERSECTION,STRAIGHT/LEVEL,ASPHALT,FAILURE TO YIELD RIGHT OF WAY,RIGHT ANGLE,NCOLLEGEAVESR45E,TRAFFIC CONTROL SIGNAL,2019-06-03 17:25:00
BLOOMINGTON PD,BLOOMINGTON,2,0.0,0.0,0.0,0.0,,,,W 11TH,N COLLEGE AVE,,,,39.173232,-86.534752,LOCAL/CITY ROAD,N,URBAN,N,N,N,,DAYLIGHT,CLEAR,DRY,,FOUR-WAY INTERSECTION,STRAIGHT/LEVEL,ASPHALT,IMPROPER PASSING,OTHER - EXPLAIN IN NARRATIVE,SCOLLEGEAVEW11THST,TRAFFIC CONTROL SIGNAL,2019-06-03 18:45:00
MONROE SD,BLOOMINGTON,1,0.0,0.0,0.0,0.0,,,,I-69 N,,,2500.0,S,41.23833117,-85.09281739,INTERSTATE,N,RURAL,N,Y,N,,DARK (LIGHTED),CLEAR,DRY,,NO JUNCTION INVOLVED,CURVE/LEVEL,ASPHALT,RAN OFF ROAD RIGHT,RAN OFF ROAD,I69N120,NONE,2019-06-03 03:59:00
BLOOMINGTON PD,BLOOMINGTON,2,0.0,1.0,0.0,0.0,,,,N COLLEGE,W 12TH ST,,100.0,N,0.0,0.0,LOCAL/CITY ROAD,N,URBAN,N,N,N,,DAYLIGHT,CLEAR,DRY,,NO JUNCTION INVOLVED,STRAIGHT/GRADE,ASPHALT,UNSAFE LANE MOVEMENT,LEFT TURN,NCOLLEGEAVEW12THST,NONE,2019-06-03 16:55:00
BLOOMINGTON PD,BLOOMINGTON,2,0.0,1.0,0.0,0.0,,,,W COUNTRY CLUB,ENTRANCE TO PRIVATE DRIVE,,,,39.13597,-86.53111,LOCAL/CITY ROAD,N,URBAN,N,Y,N,,DAYLIGHT,CLEAR,DRY,,FOUR-WAY INTERSECTION,STRAIGHT/LEVEL,ASPHALT,FAILURE TO YIELD RIGHT OF WAY,LEFT TURN,SWALNUTSTWCOUNTRYCLUBDR,NONE,2019-06-03 17:10:00
BLOOMINGTON PD,BLOOMINGTON,4,0.0,3.0,0.0,0.0,,,,W TAPP,S PINEHURST DR,,100.0,E,39.13638,-86.54994865,LOCAL/CITY ROAD,N,URBAN,N,N,N,,DAYLIGHT,CLEAR,DRY,,T-INTERSECTION,STRAIGHT/HILLCREST,ASPHALT,BRAKE FAILURE OR DEFECTIVE,REAR END,PINEHURSTDRTAPPRD,NONE,2019-06-03 12:30:00
BLOOMINGTON PD,BLOOMINGTON,2,0.0,0.0,0.0,0.0,,,,S LIBERTY,SR 45,,100.0,S,39.13886966,-86.56938417,LOCAL/CITY ROAD,N,URBAN,N,N,N,,DAYLIGHT,CLEAR,DRY,,NO JUNCTION INVOLVED,CURVE/LEVEL,ASPHALT,FAILURE TO YIELD RIGHT OF WAY,RIGHT ANGLE,BLOOMFIELDRDLIBERTYDR,NONE,2019-06-04 16:36:00
BLOOMINGTON PD,BLOOMINGTON,2,0.0,0.0,0.0,0.0,,,,SR 45/46,N WALNUT ST,,150.0,E,39.18636487,-86.53387063,STATE ROAD,Y,URBAN,N,N,N,,DAYLIGHT,CLEAR,DRY,,NO JUNCTION INVOLVED,STRAIGHT/GRADE,ASPHALT,FOLLOWING TOO CLOSELY,REAR END,NWALNUTSTSR46W,LANE CONTROL,2019-06-04 16:15:00
MONROE SD,BLOOMINGTON,2,0.0,0.0,0.0,0.0,,,,SR 46,N SMITH PIKE,,,,39.16424,-86.480688,STATE ROAD,N,URBAN,N,N,N,,DAYLIGHT,CLEAR,DRY,,FOUR-WAY INTERSECTION,STRAIGHT/GRADE,ASPHALT,CELL PHONE USAGE,REAR END,NSMITHPIKESR46W,TRAFFIC CONTROL SIGNAL,2019-06-04 06:54:00
BLOOMINGTON PD,BLOOMINGTON,2,0.0,1.0,0.0,0.0,,,,E MOORES,S FENBROOK LN,,,,39.15022,-86.48726,LOCAL/CITY ROAD,N,URBAN,N,N,N,,DAYLIGHT,CLEAR,DRY,,T-INTERSECTION,STRAIGHT/LEVEL,ASPHALT,FOLLOWING TOO CLOSELY,REAR END,EMOORESPIKESFENBROOKLN,NONE,2019-06-04 15:20:00
BLOOMINGTON PD,BLOOMINGTON,2,0.0,0.0,0.0,0.0,,,,N WALNUT,E BLUE RIDGE DR,,500.0,N,39.196848,-86.5344,LOCAL/CITY ROAD,Y,URBAN,N,N,N,,DAYLIGHT,CLEAR,DRY,,NO JUNCTION INVOLVED,STRAIGHT/LEVEL,ASPHALT,RAN OFF ROAD RIGHT,SAME DIRECTION SIDESWIPE,EBLUERIDGEDRNWALNUTST,NONE,2019-06-04 15:21:00
BLOOMINGTON PD,BLOOMINGTON,2,1.0,0.0,0.0,0.0,,,,SR 48,S HICKORY DR,,,,39.16468,-86.58588,LOCAL/CITY ROAD,N,URBAN,N,N,N,,DAYLIGHT,CLEAR,DRY,,T-INTERSECTION,STRAIGHT/LEVEL,ASPHALT,LEFT OF CENTER,LEFT TURN,SHICKORYDRW3RDST,STOP SIGN,2019-06-04 14:45:00
BLOOMINGTON PD,BLOOMINGTON,1,0.0,0.0,0.0,0.0,,,,W KIRKWOOD,N FAIRVIEW ST,,30.0,E,39.166704,-86.5408,LOCAL/CITY ROAD,Y,URBAN,N,N,N,,DAYLIGHT,CLEAR,DRY,,NO JUNCTION INVOLVED,STRAIGHT/LEVEL,ASPHALT,IMPROPER LANE USAGE,SAME DIRECTION SIDESWIPE,NFAIRVIEWSTWKIRKWOODAVE,NONE,2019-06-04 15:20:00
BLOOMINGTON PD,BLOOMINGTON,2,0.0,1.0,0.0,0.0,,,,W GRIMES,S WALNUT ST,,100.0,E,39.15344,-86.53324724,LOCAL/CITY ROAD,N,URBAN,N,N,N,,DAYLIGHT,CLOUDY,WET,,NO JUNCTION INVOLVED,STRAIGHT/LEVEL,ASPHALT,FAILURE TO YIELD RIGHT OF WAY,RIGHT ANGLE,GRIMESLNWALNUTST,NONE,2019-06-05 08:50:00
MONROE SD,BLOOMINGTON,3,0.0,0.0,0.0,0.0,,,,SR 46,I-69 S,,,,0.0,0.0,STATE ROAD,N,URBAN,N,Y,Y,X-OVER/LANE SHIFT,DAYLIGHT,CLOUDY,DRY,,RAMP,STRAIGHT/LEVEL,ASPHALT,FOLLOWING TOO CLOSELY,REAR END,SBI69RAMPSR46W,LANE CONTROL,2019-06-05 17:51:00
MONROE SD,BLOOMINGTON,2,0.0,0.0,0.0,0.0,,,,S CORY,W 3RD ST,,500.0,S,39.11160795,-86.56015,LOCAL/CITY ROAD,N,RURAL,N,N,N,,DAYLIGHT,RAIN,WET,NONE,NO JUNCTION INVOLVED,STRAIGHT/LEVEL,ASPHALT,OTHER (ENVIRONMENTAL) - EXPLAIN IN NARR,OPPOSITE DIRECTION SIDESWIPE,SCORYLNWTHIRDST,NONE,2019-06-05 07:58:00
BLOOMINGTON PD,BLOOMINGTON,2,0.0,0.0,0.0,0.0,,,,E 2ND,S HENDERSON ST,,,,39.16136,-86.52722,LOCAL/CITY ROAD,Y,URBAN,N,N,Y,WORK ON SHOULDER,DAYLIGHT,CLEAR,DRY,,FOUR-WAY INTERSECTION,STRAIGHT/LEVEL,ASPHALT,IMPROPER LANE USAGE,SAME DIRECTION SIDESWIPE,EAST2NDSTSOUTHHENDERSONST,STOP SIGN,2019-06-05 12:53:00
BLOOMINGTON PD,BLOOMINGTON,3,0.0,0.0,0.0,0.0,,,,S ROGERS,W ALLEN ST,,,,39.15559,-86.53874,LOCAL/CITY ROAD,N,URBAN,N,N,N,,DAYLIGHT,CLEAR,DRY,,FOUR-WAY INTERSECTION,STRAIGHT/LEVEL,ASPHALT,FOLLOWING TOO CLOSELY,REAR END,SROGERSSTWALLENST,NONE,2019-06-05 16:23:00
BLOOMINGTON PD,BLOOMINGTON,2,0.0,0.0,0.0,0.0,,,,W 10TH,N MORTON ST,,50.0,W,39.171744,-86.536,LOCAL/CITY ROAD,N,URBAN,N,Y,Y,WORK ON SHOULDER,DAYLIGHT,CLOUDY,WET,,T-INTERSECTION,CURVE/LEVEL,ASPHALT,DRIVER DISTRACTED - EXPLAIN IN NARRATIVE,RIGHT ANGLE,NMORTONSTW10THST,NONE,2019-06-05 09:56:00
BLOOMINGTON PD,BLOOMINGTON,2,1.0,0.0,0.0,0.0,,,,W 3RD,,,,,0.0,0.0,LOCAL/CITY ROAD,Y,URBAN,N,N,N,,DAYLIGHT,CLEAR,DRY,,NO JUNCTION INVOLVED,STRAIGHT/LEVEL,ASPHALT,IMPROPER TURNING,SAME DIRECTION SIDESWIPE,I69WEST3RDST,TRAFFIC CONTROL SIGNAL,2019-06-05 06:53:00
MONROE SD,BLOOMINGTON,2,0.0,0.0,0.0,0.0,,,,W ARLINGTON,,,200.0,E,39.18493882,-86.55040113,LOCAL/CITY ROAD,N,URBAN,N,N,N,,DAYLIGHT,CLOUDY,DRY,,NO JUNCTION INVOLVED,STRAIGHT/LEVEL,ASPHALT,ANIMAL/OBJECT IN ROADWAY,COLLISION WITH OBJECT IN ROAD,I69OPASWARLINGTONRD,NONE,2019-06-05 17:19:00
BLOOMINGTON PD,BLOOMINGTON,1,0.0,2.0,0.0,0.0,,,,W COUNTRY CLUB,S ROCKPORT RD,,500.0,E,39.13638633,-86.54694242,LOCAL/CITY ROAD,N,URBAN,N,N,N,,DAYLIGHT,CLOUDY,WET,,NO JUNCTION INVOLVED,STRAIGHT/GRADE,ASPHALT,OVERCORRECTING/OVERSTEERING,RAN OFF ROAD,COUNTRYCLUBDRROCKPORTRD,LANE CONTROL,2019-06-05 09:50:00
BLOOMINGTON PD,BLOOMINGTON,2,0.0,0.0,0.0,0.0,,,,SR 45/46,N WALNUT ST,,50.0,E,39.18636696,-86.53422354,LOCAL/CITY ROAD,N,URBAN,N,N,N,,DAYLIGHT,CLEAR,DRY,,T-INTERSECTION,STRAIGHT/LEVEL,ASPHALT,FAILURE TO YIELD RIGHT OF WAY,RIGHT ANGLE,ESTATEROAD46HWYNWALNUTST,NONE,2019-06-06 17:50:00
MONROE SD,BLOOMINGTON,2,0.0,0.0,0.0,0.0,,,,E RHORER,S WALNUT ST PIKE,,,,39.12144,-86.526496,COUNTY ROAD,N,RURAL,N,N,N,,DAYLIGHT,CLEAR,DRY,,FOUR-WAY INTERSECTION,STRAIGHT/LEVEL,ASPHALT,FOLLOWING TOO CLOSELY,REAR END,ERHORERRDSWALNUTSTREETPIKE,STOP SIGN,2019-06-06 17:52:00
MONROE SD,BLOOMINGTON,2,0.0,0.0,0.0,0.0,,,,N CURRY,W JONATHON DR,,,,0.0,0.0,LOCAL/CITY ROAD,N,RURAL,N,N,N,,DAYLIGHT,CLEAR,DRY,,NO JUNCTION INVOLVED,STRAIGHT/LEVEL,ASPHALT,FAILURE TO YIELD RIGHT OF WAY,RIGHT ANGLE,SCURRYPIKEWJOHNATHONDR,TRAFFIC CONTROL SIGNAL,2019-06-06 12:07:00
MONROE SD,BLOOMINGTON,3,0.0,2.0,0.0,0.0,,,,N SMITH,W WOODYARD RD,,,,0.0,0.0,LOCAL/CITY ROAD,N,RURAL,N,N,N,,DAYLIGHT,CLEAR,DRY,,NO JUNCTION INVOLVED,STRAIGHT/GRADE,ASPHALT,FOLLOWING TOO CLOSELY,REAR END,SMITHPIKEWOODYARDRD,STOP SIGN,2019-06-06 12:10:00
BLOOMINGTON PD,BLOOMINGTON,2,0.0,0.0,0.0,0.0,,,,SR 45/46,N MONROE ST,,300.0,W,39.18699904,-86.54785641,STATE ROAD,N,URBAN,N,Y,Y,LANE CLOSURE,DAYLIGHT,CLEAR,DRY,,FOUR-WAY INTERSECTION,STRAIGHT/GRADE,ASPHALT,IMPROPER LANE USAGE,SAME DIRECTION SIDESWIPE,MONROESTSR46E,LANE CONTROL,2019-06-06 07:04:00
MONROE SD,BLOOMINGTON,2,0.0,0.0,0.0,0.0,,,,N BOTTOM,W LAWSON RD,,,,39.26248,-86.546096,LOCAL/CITY ROAD,N,RURAL,N,N,N,,DAYLIGHT,CLEAR,DRY,,T-INTERSECTION,STRAIGHT/LEVEL,ASPHALT,FAILURE TO YIELD RIGHT OF WAY,LEFT TURN,NBOTTOMRDWLAWSONRD,STOP SIGN,2019-06-06 18:23:00
MONROE SD,BLOOMINGTON,1,0.0,0.0,0.0,0.0,,,,S FAIRFAX,E CLEVE BUTCHER RD,,,,39.059984,-86.498432,COUNTY ROAD,N,RURAL,N,N,N,,DARK (NOT LIGHTED),CLEAR,WET,,NO JUNCTION INVOLVED,CURVE/LEVEL,ASPHALT,RAN OFF ROAD RIGHT,RAN OFF ROAD,CLEVEBUTCHERRDFAIRFAXRD,NONE,2019-06-06 04:49:00
BLOOMINGTON PD,BLOOMINGTON,2,0.0,0.0,0.0,0.0,,,,S WALNUT,E DODDS ST,,,,39.15742,-86.53365,LOCAL/CITY ROAD,N,URBAN,N,N,N,,DAYLIGHT,CLEAR,DRY,,FOUR-WAY INTERSECTION,STRAIGHT/LEVEL,ASPHALT,FAILURE TO YIELD RIGHT OF WAY,LEFT TURN,DODDSSTWALNUTST,YIELD SIGN,2019-06-06 07:38:00
MONROE SD,BLOOMINGTON,2,0.0,0.0,0.0,0.0,4303.0,,,SR 446,,,,,39.116202,-86.428355,UNKNOWN,N,RURAL,N,N,N,,DAYLIGHT,CLEAR,DRY,,NO JUNCTION INVOLVED,STRAIGHT/LEVEL,ASPHALT,UNSAFE BACKING,BACKING CRASH,SIN446RD,NONE,2019-06-06 17:58:00
ISP BLOOMINGTON 33,BLOOMINGTON,2,0.0,0.0,0.0,0.0,,,,W AIRPORT,S BUNGER RD,,,,39.136848,-86.606,COUNTY ROAD,N,RURAL,N,N,N,,DAYLIGHT,CLEAR,DRY,,T-INTERSECTION,STRAIGHT/LEVEL,ASPHALT,IMPROPER TURNING,HEAD ON BETWEEN TWO MOTOR VEHICLES,AIRPORTRDBUNGERRD,STOP SIGN,2019-06-06 10:01:00
BLOOMINGTON PD,BLOOMINGTON,1,0.0,0.0,0.0,0.0,,,,I-69 N,W TAPP RD,,1000.0,S,39.0307367,-86.550785,US ROUTE,N,URBAN,N,N,N,,DAYLIGHT,CLEAR,DRY,,NO JUNCTION INVOLVED,STRAIGHT/GRADE,ASPHALT,TIRE FAILURE OR DEFECTIVE,RAN OFF ROAD,US69NWTAPPRD,LANE CONTROL,2019-06-07 07:44:00
INDIANA UNIV BLOOMINGTON PD,BLOOMINGTON,2,0.0,0.0,0.0,0.0,,,,E 3RD,S SWAIN AVE,,25.0,E,39.16425,-86.51526216,LOCAL/CITY ROAD,N,URBAN,N,N,N,,DAYLIGHT,CLEAR,DRY,,NO JUNCTION INVOLVED,STRAIGHT/GRADE,ASPHALT,UNSAFE LANE MOVEMENT,LEFT TURN,SWAINAVETHIRDST,NONE,2019-06-07 18:20:00
MONROE SD,BLOOMINGTON,2,0.0,0.0,0.0,0.0,,,,N SMITH,W WOODYARD RD,,1200.0,N,0.0,0.0,LOCAL/CITY ROAD,N,RURAL,N,N,B,,DAYLIGHT,CLEAR,DRY,,NO JUNCTION INVOLVED,STRAIGHT/GRADE,ASPHALT,FOLLOWING TOO CLOSELY,REAR END,NSMITHPIKEWWOODYARDRD,LANE CONTROL,2019-06-07 11:08:00
BLOOMINGTON PD,BLOOMINGTON,2,0.0,0.0,0.0,0.0,,,,S ADAMS,W KIRKWOOD AVE,,50.0,S,39.166816,-86.549488,LOCAL/CITY ROAD,N,URBAN,N,N,N,,DAYLIGHT,CLEAR,DRY,,NO JUNCTION INVOLVED,CURVE/GRADE,ASPHALT,IMPROPER LANE USAGE,SAME DIRECTION SIDESWIPE,SADAMSSTWKIRKWOODAVE,LANE CONTROL,2019-06-07 12:35:00
ISP BLOOMINGTON 33,BLOOMINGTON,1,0.0,0.0,0.0,0.0,,114,1,I-69 N,SR 37 N,Y,,,0.0,0.0,INTERSTATE,N,RURAL,N,N,N,,DAYLIGHT,CLEAR,DRY,,RAMP,CURVE/GRADE,CONCRETE,UNSAFE SPEED,OTHER - EXPLAIN IN NARRATIVE,I69,LANE CONTROL,2019-06-07 20:37:00
MONROE SD,BLOOMINGTON,3,0.0,0.0,0.0,0.0,,,,N SMITH,W FORREST PARK DR,,,,39.20821,-86.58316,LOCAL/CITY ROAD,N,URBAN,N,N,N,,DAYLIGHT,CLEAR,DRY,,T-INTERSECTION,STRAIGHT/HILLCREST,ASPHALT,FOLLOWING TOO CLOSELY,REAR END,FORRESTPARKDRSMITHPIKE,LANE CONTROL,2019-06-07 00:28:00
BLOOMINGTON PD,BLOOMINGTON,3,0.0,0.0,0.0,0.0,,,,S MADISON,W GRAHAM DR,,500.0,S,39.13851802,-86.53720568,LOCAL/CITY ROAD,N,URBAN,N,N,N,,DARK (LIGHTED),CLEAR,DRY,,NO JUNCTION INVOLVED,STRAIGHT/GRADE,ASPHALT,RAN OFF ROAD RIGHT,RAN OFF ROAD,GRAHAMDRMADISONST,NONE,2019-06-07 02:05:00
BLOOMINGTON PD,BLOOMINGTON,2,0.0,0.0,0.0,0.0,,,,S ROGERS,W 4TH ST,,,,39.165696,-86.538592,LOCAL/CITY ROAD,Y,,N,N,N,,DAWN/DUSK,CLEAR,DRY,,FOUR-WAY INTERSECTION,STRAIGHT/LEVEL,ASPHALT,FOLLOWING TOO CLOSELY,REAR END,SROGERSSTW4THST,STOP SIGN,2019-06-07 20:58:00
MONROE SD,BLOOMINGTON,2,0.0,0.0,0.0,0.0,,,,S WALNUT,E DILLMAN RD,,,,39.092944,-86.544,COUNTY ROAD,N,URBAN,N,N,N,,DAYLIGHT,CLEAR,DRY,,FOUR-WAY INTERSECTION,CURVE/GRADE,ASPHALT,FAILURE TO YIELD RIGHT OF WAY,LEFT/RIGHT TURN,EDILLMANRDOLDSR37RD,TRAFFIC CONTROL SIGNAL,2019-06-07 18:38:00
ELLETTSVILLE PD,ELLETTSVILLE,1,0.0,0.0,0.0,1.0,,,,SR 46,,,500.0,W,39.259385,-86.65738167,STATE ROAD,N,URBAN,N,N,N,,DARK (NOT LIGHTED),CLEAR,DRY,,NO JUNCTION INVOLVED,STRAIGHT/LEVEL,ASPHALT,ANIMAL/OBJECT IN ROADWAY,COLLISION WITH DEER,RIDGEWAYDRDRSR46S,NONE,2019-06-07 05:24:00
BLOOMINGTON PD,BLOOMINGTON,2,0.0,0.0,0.0,0.0,,,,S CURRY,SR 48,,50.0,S,39.164544,-86.560096,LOCAL/CITY ROAD,N,URBAN,N,N,N,,DAYLIGHT,CLOUDY,DRY,,NO JUNCTION INVOLVED,STRAIGHT/LEVEL,ASPHALT,IMPROPER LANE USAGE,SAME DIRECTION SIDESWIPE,SCURRYPIKEW3RDST,LANE CONTROL,2019-06-08 12:48:00
INDIANA UNIV BLOOMINGTON PD,BLOOMINGTON,2,0.0,0.0,0.0,0.0,,,,E 3RD,S JORDAN AVE,,,,39.16426,-86.51642,LOCAL/CITY ROAD,N,URBAN,N,N,N,,DAYLIGHT,CLOUDY,DRY,,FOUR-WAY INTERSECTION,STRAIGHT/GRADE,ASPHALT,UNSAFE LANE MOVEMENT,LEFT TURN,JORDANAVETHIRDST,TRAFFIC CONTROL SIGNAL,2019-06-08 17:18:00
BLOOMINGTON PD,BLOOMINGTON,2,0.0,0.0,0.0,0.0,,,,W KIRKWOOD,S ROGERS ST,,,,39.166672,-86.538608,LOCAL/CITY ROAD,Y,URBAN,N,N,N,,DARK (LIGHTED),CLOUDY,DRY,,FOUR-WAY INTERSECTION,STRAIGHT/LEVEL,ASPHALT,IMPROPER TURNING,RIGHT TURN,KIRKWOODAVEROGERSST,TRAFFIC CONTROL SIGNAL,2019-06-08 21:51:00
ISP BLOOMINGTON 33,BLOOMINGTON,1,0.0,0.0,0.0,1.0,,,,S FAIRFAX,E HARBOR HILL RD,,,,39.03428,-86.49036,COUNTY ROAD,N,RURAL,N,N,N,,DARK (LIGHTED),CLEAR,DRY,,T-INTERSECTION,STRAIGHT/LEVEL,ASPHALT,ANIMAL/OBJECT IN ROADWAY,COLLISION WITH DEER,FAIRFAXRDHARBORHILLRD,LANE CONTROL,2019-06-08 05:45:00
MONROE SD,BLOOMINGTON,1,0.0,0.0,0.0,0.0,,,,S VICTOR,,,900.0,S,0.0,0.0,COUNTY ROAD,N,RURAL,N,N,N,,DARK (NOT LIGHTED),CLEAR,DRY,,NO JUNCTION INVOLVED,CURVE/LEVEL,ASPHALT,DRIVER ASLEEP OR FATIGUED,RAN OFF ROAD,SVICTORPIKESR37S,NONE,2019-06-08 05:18:00
DNR LAW ENFORCEMENT,BLOOMINGTON,2,0.0,0.0,0.0,0.0,,,,SR 46,E 10TH ST,,500.0,S,39.17036824,-86.50145612,STATE ROAD,N,URBAN,N,N,N,,DAYLIGHT,CLOUDY,WET,,NO JUNCTION INVOLVED,STRAIGHT/GRADE,ASPHALT,ROADWAY SURFACE CONDITION,REAR END,10THSTREETSTSR46S,NONE,2019-06-09 12:40:00