Agency,City,Vehicles Involved,Trailers Involved,Number Injured,Number Dead,Number Deer,House Number,Roadway Interchange,Roadway Ramp,Roadway Id,Intersecting Road,Interchange,Feet From,Direction,Latitude,Longitude,Roadway Class,Hit and Run?,Locality,School Zone?,Rumble Strips?,Construction?,Construction Type,Light Condition,Weather Conditions,Surface Condition,Type of Median,Roadway Junction Type,Road Character,Roadway Surface,Primary Factor,Manner of Collision,Unique Location Id,Traffic Control,DateTime
BLOOMINGTON PD,BLOOMINGTON,2,0.0,0.0,0.0,0.0,,,,W 11TH,N MORTON ST,,,,39.173216,-86.536,LOCAL/CITY ROAD,N,URBAN,N,N,N,,DAYLIGHT,CLEAR,DRY,,FOUR-WAY INTERSECTION,STRAIGHT/GRADE,ASPHALT,FAILURE TO YIELD RIGHT OF WAY,RIGHT ANGLE,NMORTONSTW11THST,STOP SIGN,2019-06-22 13:25:00
BLOOMINGTON PD,BLOOMINGTON,2,0.0,1.0,0.0,0.0,,,,S COLLEGE,W 2ND ST,,300.0,S,39.12921964,-86.4977,LOCAL/CITY ROAD,N,URBAN,N,N,N,,DAYLIGHT,RAIN,WET,,T-INTERSECTION,STRAIGHT/GRADE,ASPHALT,FOLLOWING TOO CLOSELY,REAR END,SCOLLEGEAVEW2NDST,NONE,2019-06-23 15:00:00
BLOOMINGTON PD,BLOOMINGTON,2,0.0,0.0,0.0,0.0,,,,S COLLEGE MALL,E BUICK CADILLAC BLVD,,,,39.15811,-86.49789,LOCAL/CITY ROAD,N,URBAN,N,N,N,,DAYLIGHT,CLOUDY,WET,,FOUR-WAY INTERSECTION,STRAIGHT/LEVEL,ASPHALT,FAILURE TO YIELD RIGHT OF WAY,RIGHT ANGLE,EBUICKCADILLACBLVDSCOLLEGEMALLRD,TRAFFIC CONTROL SIGNAL,2019-06-23 16:08:00
BLOOMINGTON PD,BLOOMINGTON,2,0.0,0.0,0.0,0.0,,,,S COLLEGE MALL,E COVENANTER DR,,,,39.155152,-86.497888,LOCAL/CITY ROAD,N,URBAN,N,N,N,,DARK (LIGHTED),CLEAR,DRY,,FOUR-WAY INTERSECTION,STRAIGHT/LEVEL,ASPHALT,TRAFFIC CONTROL INOPERATIVE/MISSING/OBSC,HEAD ON BETWEEN TWO MOTOR VEHICLES,ECOVENANTERDRSCOLLEGEMALLRD,TRAFFIC CONTROL SIGNAL,2019-06-23 22:16:00
ISP BLOOMINGTON 33,BLOOMINGTON,1,0.0,0.0,0.0,0.0,,,,I-69 N,E SAMPLE RD,Y,,,0.0,0.0,INTERSTATE,N,RURAL,N,N,N,,DAYLIGHT,CLOUDY,DRY,,NO JUNCTION INVOLVED,STRAIGHT/LEVEL,ASPHALT,RAN OFF ROAD RIGHT,RAN OFF ROAD,I69126.0,LANE CONTROL,2019-06-23 10:48:00
MONROE SD,BLOOMINGTON,2,0.0,0.0,0.0,0.0,,,,I-69 S,,,1000.0,N,0.0,0.0,INTERSTATE,N,RURAL,N,N,N,,DARK (LIGHTED),CLEAR,DRY,,NO JUNCTION INVOLVED,STRAIGHT/LEVEL,ASPHALT,FAILURE TO YIELD RIGHT OF WAY,REAR END,HWY4546BYPASSHWYI69S,NONE,2019-06-23 00:04:00
ELLETTSVILLE PD,ELLETTSVILLE,2,0.0,0.0,0.0,0.0,,,,SR 46,N BRIAR GATE DR,,50.0,E,39.21659,-86.59642432,STATE ROAD,N,URBAN,N,N,N,,DAYLIGHT,CLOUDY,DRY,,NO JUNCTION INVOLVED,STRAIGHT/LEVEL,ASPHALT,FAILURE TO YIELD RIGHT OF WAY,OPPOSITE DIRECTION SIDESWIPE,BRIARGATEDRSR46E,NONE,2019-06-23 17:12:00
MONROE SD,BLOOMINGTON,1,0.0,0.0,0.0,1.0,,,,SR 46,N GETTYS CREEK RD,,,,39.162864,-86.414432,STATE ROAD,N,RURAL,N,N,N,,DARK (NOT LIGHTED),CLEAR,DRY,,NO JUNCTION INVOLVED,CURVE/GRADE,ASPHALT,ANIMAL/OBJECT IN ROADWAY,COLLISION WITH DEER,GETTYSCREEKRDSR46E,LANE CONTROL,2019-06-23 23:58:00
INDIANA UNIV BLOOMINGTON PD,BLOOMINGTON,2,0.0,0.0,0.0,0.0,,,,SR 45/46,N DUNN ST,,,,39.18629,-86.52841,STATE ROAD,N,URBAN,N,N,N,,DAYLIGHT,RAIN,WET,,FOUR-WAY INTERSECTION,STRAIGHT/LEVEL,ASPHALT,SPEED TOO FAST FOR WEATHER CONDITIONS,RIGHT ANGLE,DUNNSTSR46,TRAFFIC CONTROL SIGNAL,2019-06-24 12:33:00
ELLETTSVILLE PD,ELLETTSVILLE,2,0.0,0.0,0.0,,,,,N UNION VALLEY,SR 46,,,,39.215152,-86.5928,LOCAL/CITY ROAD,Y,,N,N,N,,DAYLIGHT,CLOUDY,DRY,,FOUR-WAY INTERSECTION,STRAIGHT/LEVEL,ASPHALT,FOLLOWING TOO CLOSELY,REAR END,46WHWYUNIONVALLEYRD,TRAFFIC CONTROL SIGNAL,2019-06-24 07:55:00
BLOOMINGTON PD,BLOOMINGTON,2,0.0,2.0,0.0,0.0,,,,S WALNUT,E NORTH DR,,150.0,N,39.15996336,-86.53181,LOCAL/CITY ROAD,N,URBAN,N,N,N,,DAYLIGHT,RAIN,WET,,NO JUNCTION INVOLVED,STRAIGHT/LEVEL,ASPHALT,FAILURE TO YIELD RIGHT OF WAY,RIGHT ANGLE,NORTHDRWALNUTST,LANE CONTROL,2019-06-24 10:29:00
MONROE SD,BLOOMINGTON,2,0.0,0.0,0.0,0.0,,,,E SAMPLE,W OLD SR 37,,,,39.25862,-86.50128,COUNTY ROAD,N,URBAN,N,N,N,,DAYLIGHT,CLOUDY,DRY,,T-INTERSECTION,CURVE/GRADE,ASPHALT,IMPROPER TURNING,LEFT/RIGHT TURN,EASTSAMPLERDNORTHOLDSTRD37RD,STOP SIGN,2019-06-24 09:45:00
MONROE SD,BLOOMINGTON,2,1.0,0.0,0.0,0.0,,,,E FLEENER,N LOWER BIRDIE GALYAN RD,,1000.0,E,0.0,0.0,LOCAL/CITY ROAD,N,RURAL,N,N,B,,DAYLIGHT,CLEAR,WET,,NO JUNCTION INVOLVED,CURVE/GRADE,ASPHALT,IMPROPER TURNING,OPPOSITE DIRECTION SIDESWIPE,FLEENERRDNLOWERBIRDIEGALYANRD,NONE,2019-06-24 18:09:00
BLOOMINGTON PD,BLOOMINGTON,1,0.0,0.0,0.0,0.0,,,,E MOORES,S RENWICK BLVD,,40.0,E,39.15018,-86.50118346,LOCAL/CITY ROAD,N,URBAN,N,N,N,,DARK (LIGHTED),CLEAR,WET,,TRAFFIC CIRCLE/ROUNDABOUT,CURVE/LEVEL,ASPHALT,RAN OFF ROAD RIGHT,RAN OFF ROAD,EMOORESPIKESRENWICKBLVD,ROUNDABOUT INTERSECTION,2019-06-24 23:30:00
MONROE SD,BLOOMINGTON,2,1.0,0.0,0.0,0.0,,,,I-69,,,1000.0,S,39.16521763,-86.52750503,INTERSTATE,N,RURAL,N,N,N,,DAYLIGHT,CLEAR,DRY,,NO JUNCTION INVOLVED,STRAIGHT/LEVEL,ASPHALT,OTHER (VEHICLE) - EXPLAIN IN NARRATIVE,OTHER - EXPLAIN IN NARRATIVE,I69NSAMPLERD,NONE,2019-06-24 20:07:00
BLOOMINGTON PD,BLOOMINGTON,1,0.0,0.0,0.0,0.0,,,,N ARLINGTON,W 20TH ST,,,,39.184048,-86.550192,LOCAL/CITY ROAD,N,URBAN,N,N,N,,DAYLIGHT,CLOUDY,WET,,T-INTERSECTION,CURVE/GRADE,ASPHALT,DRIVER ASLEEP OR FATIGUED,RAN OFF ROAD,NARLINGTONRDW20THST,NONE,2019-06-24 12:59:00
MONROE SD,ELLETTSVILLE,2,0.0,1.0,0.0,0.0,,,,N MT TABOR,N BARR RD,,300.0,S,39.273888,-86.621456,COUNTY ROAD,N,RURAL,N,N,N,,DAYLIGHT,CLEAR,DRY,,T-INTERSECTION,STRAIGHT/LEVEL,ASPHALT,FOLLOWING TOO CLOSELY,REAR END,NBARRRDNMTTABORRD,NONE,2019-06-24 19:04:00
MONROE SD,BLOOMINGTON,1,0.0,0.0,0.0,0.0,,,,SR 446,E GRUBB RD,,1500.0,N,39.05385117,-86.40777479,STATE ROAD,N,URBAN,N,N,N,,DAYLIGHT,CLOUDY,WET,,NO JUNCTION INVOLVED,STRAIGHT/GRADE,ASPHALT,RAN OFF ROAD RIGHT,RAN OFF ROAD,GRUBBRDSR446S,NONE,2019-06-24 11:39:00
BLOOMINGTON PD,BLOOMINGTON,2,0.0,1.0,0.0,0.0,,,,W BLOOMFIELD,S ROLLING RIDGE WAY,,,,39.15496,-86.56323,LOCAL/CITY ROAD,Y,,N,N,N,,DAYLIGHT,RAIN,WET,,FOUR-WAY INTERSECTION,STRAIGHT/LEVEL,ASPHALT,FAILURE TO YIELD RIGHT OF WAY,RIGHT ANGLE,ROLLINGRIDGEWAYWBLOOMFIELDRD,TRAFFIC CONTROL SIGNAL,2019-06-24 11:15:00
BLOOMINGTON PD,BLOOMINGTON,2,0.0,1.0,0.0,0.0,,,,SR 48,S CURRY PIKE,,,,39.16464,-86.58296,LOCAL/CITY ROAD,N,URBAN,N,N,N,,DAYLIGHT,CLEAR,DRY,,FOUR-WAY INTERSECTION,STRAIGHT/LEVEL,ASPHALT,FOLLOWING TOO CLOSELY,REAR END,SCURRYPIKEW3RDST,TRAFFIC CONTROL SIGNAL,2019-06-25 18:28:00
BLOOMINGTON PD,BLOOMINGTON,2,0.0,0.0,0.0,0.0,,,,S PATTERSON,W 2ND ST,,,,39.16076,-86.54849,LOCAL/CITY ROAD,Y,URBAN,N,N,Y,WORK ON SHOULDER,DAYLIGHT,CLEAR,DRY,,FOUR-WAY INTERSECTION,STRAIGHT/GRADE,ASPHALT,FOLLOWING TOO CLOSELY,REAR END,2NDSTPATTERSONST,TRAFFIC CONTROL SIGNAL,2019-06-25 10:30:00
MONROE SD,BLOOMINGTON,3,0.0,1.0,0.0,0.0,,,,SR 37,W DILLMAN RD,,,,39.092976,-86.545648,STATE ROAD,N,RURAL,N,N,N,,DAYLIGHT,CLEAR,DRY,,FOUR-WAY INTERSECTION,STRAIGHT/LEVEL,ASPHALT,FAILURE TO YIELD RIGHT OF WAY,RIGHT ANGLE,SR37SWESTDILLMANRD,TRAFFIC CONTROL SIGNAL,2019-06-25 17:01:00
BLOOMINGTON PD,BLOOMINGTON,1,0.0,0.0,0.0,0.0,,,,E 14TH,E BROWNSTONE DR,,75.0,W,39.17598,-86.52897351,LOCAL/CITY ROAD,N,URBAN,N,N,N,,DARK (LIGHTED),CLEAR,WET,,FOUR-WAY INTERSECTION,STRAIGHT/GRADE,ASPHALT,RAN OFF ROAD RIGHT,RAN OFF ROAD,E14THSTEBROWNSTONEDR,NONE,2019-06-25 02:44:00
BLOOMINGTON PD,BLOOMINGTON,2,0.0,0.0,0.0,0.0,,,,E 2ND,S WOODLAWN AVE,,,,39.16107,-86.52264,LOCAL/CITY ROAD,N,URBAN,N,N,N,,DAYLIGHT,CLEAR,DRY,,FOUR-WAY INTERSECTION,STRAIGHT/LEVEL,ASPHALT,DISREGARD SIGNAL/REG SIGN,RIGHT ANGLE,2NDSTWOODLAWNAVE,STOP SIGN,2019-06-25 18:03:00
BLOOMINGTON PD,BLOOMINGTON,2,0.0,0.0,0.0,0.0,,,,S ADDISYN,W EVENTIDE DR,,,,39.1407,-86.55674,LOCAL/CITY ROAD,N,URBAN,N,N,N,,DARK (LIGHTED),CLEAR,DRY,,T-INTERSECTION,STRAIGHT/LEVEL,ASPHALT,UNSAFE BACKING,BACKING CRASH,SADDISYNLNWEVENTIDEDR,NONE,2019-06-25 22:10:00
BLOOMINGTON PD,BLOOMINGTON,3,0.0,1.0,0.0,0.0,,,,W BELLE,S CURRY PIKE,,300.0,S,0.0,0.0,LOCAL/CITY ROAD,N,URBAN,N,N,N,,DAYLIGHT,CLEAR,DRY,,NO JUNCTION INVOLVED,STRAIGHT/LEVEL,ASPHALT,DRIVER DISTRACTED - EXPLAIN IN NARRATIVE,REAR END,SCURRYPIKEWBELLAVE,NONE,2019-06-25 17:45:00
MONROE SD,ELLETTSVILLE,1,0.0,0.0,0.0,0.0,4594.0,,,W COWDEN,,,,,39.2555,-86.59299,UNKNOWN,Y,RURAL,N,N,N,,DARK (NOT LIGHTED),CLEAR,DRY,,NO JUNCTION INVOLVED,CURVE/LEVEL,ASPHALT,RAN OFF ROAD RIGHT,OTHER - EXPLAIN IN NARRATIVE,WESTCOWDENRD,NONE,2019-06-25 01:16:00
INDIANA UNIV BLOOMINGTON PD,BLOOMINGTON,3,0.0,0.0,0.0,0.0,,,,SR 46,SR 45,,,,39.171648,-86.502096,STATE ROAD,N,URBAN,N,N,N,,DAYLIGHT,CLEAR,DRY,,FOUR-WAY INTERSECTION,STRAIGHT/LEVEL,ASPHALT,OTHER (DRIVER) - EXPLAIN IN NARRATIVE,REAR END,10THSTSR46W,TRAFFIC CONTROL SIGNAL,2019-06-26 07:35:00
BLOOMINGTON PD,BLOOMINGTON,2,0.0,1.0,0.0,0.0,,,,S WALNUT,W COUNTRY CLUB DR,,,,39.13597,-86.53111,LOCAL/CITY ROAD,N,URBAN,N,N,N,,DAYLIGHT,CLEAR,DRY,,FOUR-WAY INTERSECTION,STRAIGHT/GRADE,ASPHALT,FAILURE TO YIELD RIGHT OF WAY,LEFT TURN,SWALNUTSTWCOUNTRYCLUBDR,TRAFFIC CONTROL SIGNAL,2019-06-26 17:00:00
MONROE SD,BLOOMINGTON,1,0.0,0.0,0.0,1.0,,,,SR 46,N LOWER BIRDIE GALYAN RD,,100.0,E,39.16269,-86.41335864,STATE ROAD,N,RURAL,N,N,N,,DAYLIGHT,CLEAR,DRY,,NO JUNCTION INVOLVED,CURVE/LEVEL,ASPHALT,ANIMAL/OBJECT IN ROADWAY,COLLISION WITH DEER,NLOWERBIRDIEGALYANRDSR46E,LANE CONTROL,2019-06-26 07:49:00
BLOOMINGTON PD,BLOOMINGTON,2,0.0,0.0,0.0,0.0,,,,S WOODSCREST,EASTLAND PLAZA DR,,,,0.0,0.0,LOCAL/CITY ROAD,N,URBAN,N,N,N,,DAYLIGHT,CLEAR,DRY,,FOUR-WAY INTERSECTION,STRAIGHT/GRADE,ASPHALT,IMPROPER TURNING,LEFT TURN,EASTLANDACCESSRDSWOODSCRESTDR,STOP SIGN,2019-06-26 13:54:00
BLOOMINGTON PD,BLOOMINGTON,2,0.0,0.0,0.0,0.0,,,,SR 45/46,,,1200.0,E,39.18483364,-86.51591712,STATE ROAD,Y,URBAN,N,N,N,,DARK (LIGHTED),CLEAR,DRY,,NO JUNCTION INVOLVED,CURVE/LEVEL,ASPHALT,LEFT OF CENTER,OPPOSITE DIRECTION SIDESWIPE,NFEELNSR46E,LANE CONTROL,2019-06-26 22:17:00
BLOOMINGTON PD,BLOOMINGTON,2,0.0,0.0,0.0,0.0,,,,W KIRKWOOD,N PINE ST,,,,39.1668,-86.548288,LOCAL/CITY ROAD,Y,URBAN,N,N,N,,DAYLIGHT,CLEAR,DRY,,FOUR-WAY INTERSECTION,STRAIGHT/GRADE,ASPHALT,LEFT OF CENTER,SAME DIRECTION SIDESWIPE,KIRKWOODAVEPINEST,LANE CONTROL,2019-06-26 11:25:00
BLOOMINGTON PD,BLOOMINGTON,2,0.0,0.0,0.0,0.0,,,,S LIBERTY,SR 45,,,,0.0,0.0,LOCAL/CITY ROAD,Y,URBAN,N,N,N,,DAYLIGHT,CLEAR,DRY,,FOUR-WAY INTERSECTION,STRAIGHT/LEVEL,ASPHALT,UNSAFE LANE MOVEMENT,SAME DIRECTION SIDESWIPE,LIBERTYDRSR45RD,LANE CONTROL,2019-06-27 15:30:00
BLOOMINGTON PD,BLOOMINGTON,2,0.0,0.0,0.0,0.0,,,,SR 45/46,N KINSER PIKE,,,,39.186544,-86.537888,STATE ROAD,N,URBAN,N,N,N,,DAYLIGHT,CLEAR,DRY,,FOUR-WAY INTERSECTION,STRAIGHT/LEVEL,ASPHALT,FAILURE TO YIELD RIGHT OF WAY,LEFT TURN,NKINSERPIKESR4546W,TRAFFIC CONTROL SIGNAL,2019-06-27 12:08:00
ELLETTSVILLE PD,ELLETTSVILLE,2,0.0,0.0,0.0,0.0,,,,N SMITH,SR 46,,,,39.210144,-86.5832,STATE ROAD,N,URBAN,N,N,N,,DAYLIGHT,CLEAR,DRY,,FOUR-WAY INTERSECTION,STRAIGHT/LEVEL,ASPHALT,BRAKE FAILURE OR DEFECTIVE,REAR END,NORTHSMITHPIKESR46W,TRAFFIC CONTROL SIGNAL,2019-06-27 18:09:00
BLOOMINGTON PD,BLOOMINGTON,2,0.0,0.0,0.0,0.0,,,,E WINSLOW,S HENDERSON ST,,30.0,W,39.136144,-86.5268,LOCAL/CITY ROAD,N,URBAN,N,N,N,,DAYLIGHT,CLEAR,DRY,,NO JUNCTION INVOLVED,STRAIGHT/LEVEL,ASPHALT,FOLLOWING TOO CLOSELY,REAR END,EWINSLOWRDSHENDERSONST,NONE,2019-06-27 16:00:00
ISP BLOOMINGTON 33,BLOOMINGTON,1,0.0,0.0,0.0,0.0,,123,C,I-69 S,N SR 37 BUSINESS,Y,,,0.0,0.0,INTERSTATE,N,RURAL,N,N,N,,DAYLIGHT,CLEAR,DRY,,RAMP,CURVE/GRADE,ASPHALT,RAN OFF ROAD RIGHT,RAN OFF ROAD,I69,LANE CONTROL,2019-06-27 13:10:00
MONROE SD,BLOOMINGTON,2,0.0,0.0,0.0,0.0,,,,S CAVE,,,1200.0,N,39.154336,-86.628896,LOCAL/CITY ROAD,N,RURAL,N,N,N,,DAYLIGHT,CLEAR,DRY,,NO JUNCTION INVOLVED,STRAIGHT/HILLCREST,CONCRETE,VIEW OBSTRUCTED,LEFT TURN,SCAVERDWHOLLANDHILLLN,NONE,2019-06-27 17:15:00
BLOOMINGTON PD,BLOOMINGTON,2,0.0,0.0,0.0,0.0,,,,SR 45,E JOHN HINKLE PL,,200.0,W,39.17154033,-86.4917847,LOCAL/CITY ROAD,N,URBAN,N,N,N,,DAYLIGHT,CLEAR,DRY,,NO JUNCTION INVOLVED,STRAIGHT/LEVEL,ASPHALT,OTHER (VEHICLE) - EXPLAIN IN NARRATIVE,HEAD ON BETWEEN TWO MOTOR VEHICLES,10THSTRANGERD,NONE,2019-06-27 12:05:00
MONROE SD,BLOOMINGTON,1,1.0,1.0,0.0,0.0,,,,SR 45,S HARMONY RD,,500.0,E,39.11188918,-86.63693506,STATE ROAD,N,RURAL,N,N,N,,DAYLIGHT,CLEAR,DRY,,NO JUNCTION INVOLVED,CURVE/GRADE,ASPHALT,UNSAFE SPEED,NON-COLLISION,HARMONYRDSR45E,NONE,2019-06-27 13:29:00
MONROE SD,BLOOMINGTON,2,0.0,0.0,0.0,0.0,,,,SR 45,S STANFORD RD,,,,39.08984,-86.666304,STATE ROAD,N,RURAL,N,N,N,,DAYLIGHT,CLEAR,DRY,,T-INTERSECTION,STRAIGHT/LEVEL,ASPHALT,IMPROPER LANE USAGE,LEFT TURN,SBURCHRDSR45W,NONE,2019-06-27 15:27:00
MONROE SD,BLOOMINGTON,2,0.0,0.0,0.0,0.0,,,,SR 48,S KIRBY RD,,50.0,E,39.16494,-86.61103433,STATE ROAD,N,RURAL,N,N,N,,DAYLIGHT,CLEAR,DRY,,FOUR-WAY INTERSECTION,STRAIGHT/LEVEL,ASPHALT,UNSAFE SPEED,REAR END,NHARTSTRAITRDSR48W,NONE,2019-06-27 17:27:00
BLOOMINGTON PD,BLOOMINGTON,2,0.0,2.0,0.0,0.0,,,,SR 45,S LIBERTY DR,,,,0.0,0.0,LOCAL/CITY ROAD,N,URBAN,N,N,N,,DAYLIGHT,CLEAR,DRY,,FOUR-WAY INTERSECTION,STRAIGHT/LEVEL,ASPHALT,FAILURE TO YIELD RIGHT OF WAY,LEFT TURN,SOUTHLIBERTYDRWESTBLOOMFIELDRD,TRAFFIC CONTROL SIGNAL,2019-06-28 15:00:00
INDIANA UNIV BLOOMINGTON PD,BLOOMINGTON,2,0.0,0.0,0.0,0.0,,,,E LAW,N JORDAN AVE,,,,39.173552,-86.515488,LOCAL/CITY ROAD,N,URBAN,N,N,N,,DAYLIGHT,CLEAR,DRY,,NO JUNCTION INVOLVED,STRAIGHT/GRADE,ASPHALT,UNSAFE BACKING,BACKING CRASH,ELAWLNJORDANAVE,NONE,2019-06-28 17:05:00
MONROE SD,BLOOMINGTON,2,0.0,0.0,0.0,0.0,,,,SR 46 ,N CURRY PIKE,,1000.0,E,39.142048,-86.582592,STATE ROAD,N,RURAL,N,N,Y,LANE CLOSURE,DAYLIGHT,CLEAR,DRY,,NO JUNCTION INVOLVED,STRAIGHT/LEVEL,ASPHALT,FOLLOWING TOO CLOSELY,RAN OFF ROAD,NCURRYPIKESR46W,NONE,2019-06-28 17:38:00
ISP BLOOMINGTON 33,BLOOMINGTON,2,0.0,0.0,0.0,0.0,,,,SR 37,E SMITHVILLE RD,,1200.0,S,39.06776023,-86.53564212,STATE ROAD,Y,RURAL,N,N,N,,DAYLIGHT,CLEAR,DRY,,NO JUNCTION INVOLVED,STRAIGHT/LEVEL,ASPHALT,IMPROPER PASSING,SAME DIRECTION SIDESWIPE,SMITHVILLERDSR37,LANE CONTROL,2019-06-28 10:25:00
MONROE SD,BLOOMINGTON,2,0.0,0.0,0.0,0.0,,,,W OLD SR 37,E NORTHCLIFF AVE,,,,39.21414,-86.52234,LOCAL/CITY ROAD,N,RURAL,N,N,N,,DAYLIGHT,CLEAR,DRY,,T-INTERSECTION,STRAIGHT/HILLCREST,ASPHALT,FOLLOWING TOO CLOSELY,REAR END,NORTHOLDSTATEROAD37RDNORTHCLIFFAVE,NONE,2019-06-28 16:35:00
INDIANA UNIV BLOOMINGTON PD,BLOOMINGTON,2,0.0,0.0,0.0,0.0,,,,SR 45/46,E 10TH ST,,,,0.0,0.0,STATE ROAD,N,URBAN,N,N,N,,DAYLIGHT,CLEAR,DRY,,FOUR-WAY INTERSECTION,STRAIGHT/LEVEL,ASPHALT,FOLLOWING TOO CLOSELY,REAR END,SR45SR46,TRAFFIC CONTROL SIGNAL,2019-06-29 16:08:00
MONROE SD,BLOOMINGTON,2,0.0,0.0,0.0,0.0,,,,SR 46,N CURRY PIKE,,,,39.19369,-86.57139,STATE ROAD,N,URBAN,N,N,Y,LANE CLOSURE,DAYLIGHT,CLEAR,DRY,,T-INTERSECTION,STRAIGHT/LEVEL,ASPHALT,DRIVER DISTRACTED - EXPLAIN IN NARRATIVE,OTHER - EXPLAIN IN NARRATIVE,NCURRYPIKESR46W,TRAFFIC CONTROL SIGNAL,2019-06-29 11:02:00
BLOOMINGTON PD,BLOOMINGTON,2,0.0,0.0,0.0,0.0,,,,S ADAMS,W KIRKWOOD AVE,,,,39.166816,-86.549488,LOCAL/CITY ROAD,Y,URBAN,N,N,N,,DAYLIGHT,CLEAR,DRY,,FOUR-WAY INTERSECTION,CURVE/GRADE,ASPHALT,IMPROPER LANE USAGE,SAME DIRECTION SIDESWIPE,SADAMSRDWKIRKWOODAVE,TRAFFIC CONTROL SIGNAL,2019-06-29 12:44:00
ISP BLOOMINGTON 33,BLOOMINGTON,1,0.0,0.0,0.0,0.0,,,,I-69 S,,,0.0,N,0.0,0.0,INTERSTATE,N,RURAL,N,N,N,,DAYLIGHT,CLEAR,DRY,,NO JUNCTION INVOLVED,STRAIGHT/LEVEL,ASPHALT,RAN OFF ROAD RIGHT,RAN OFF ROAD,I69105.0,LANE CONTROL,2019-06-29 16:30:00
BLOOMINGTON PD,BLOOMINGTON,2,0.0,0.0,0.0,0.0,,,,N COLLEGE,,,500.0,S,39.13007798,-86.53473,LOCAL/CITY ROAD,N,URBAN,N,N,N,,DAYLIGHT,CLEAR,DRY,,NO JUNCTION INVOLVED,STRAIGHT/LEVEL,ASPHALT,IMPROPER TURNING,RIGHT ANGLE,NORTHCOLLEGEAVEWESTVAUGHNCLIPPWAY,NONE,2019-06-29 07:38:00
MONROE SD,ELLETTSVILLE,2,0.0,0.0,0.0,0.0,,,,N MT TABOR,W COWDEN RD,,,,39.266864,-86.620704,LOCAL/CITY ROAD,N,RURAL,N,N,N,,DAYLIGHT,CLEAR,DRY,,T-INTERSECTION,STRAIGHT/GRADE,ASPHALT,FAILURE TO YIELD RIGHT OF WAY,RIGHT ANGLE,NORTHMTTABORRDWESTCOWDENRD,NONE,2019-06-29 18:08:00
MONROE SD,BLOOMINGTON,2,0.0,0.0,0.0,0.0,,,,N UNION VALLEY,W MEADOWVALE DR,,,,39.22714,-86.59272,COUNTY ROAD,N,URBAN,N,N,N,,DAYLIGHT,CLEAR,DRY,,T-INTERSECTION,STRAIGHT/GRADE,ASPHALT,FOLLOWING TOO CLOSELY,REAR END,MEADOWVALEDRNUNIONVALLEYRD,NONE,2019-06-29 09:56:00
BLOOMINGTON PD,BLOOMINGTON,2,0.0,0.0,0.0,0.0,,,,SR 46,S HERITAGE RD,,40.0,W,39.16422,-86.48274654,LOCAL/CITY ROAD,N,URBAN,N,N,N,,DAYLIGHT,CLEAR,DRY,,NO JUNCTION INVOLVED,STRAIGHT/LEVEL,ASPHALT,OTHER (DRIVER) - EXPLAIN IN NARRATIVE,REAR END,E3RDSTHERITAGEDR,LANE CONTROL,2019-06-29 10:21:00
BLOOMINGTON PD,BLOOMINGTON,3,0.0,0.0,0.0,0.0,,,,S GATES,SR 48,,,,39.16459,-86.5762,LOCAL/CITY ROAD,N,URBAN,N,N,N,,DAYLIGHT,CLEAR,DRY,,FOUR-WAY INTERSECTION,STRAIGHT/LEVEL,ASPHALT,DISREGARD SIGNAL/REG SIGN,OTHER - EXPLAIN IN NARRATIVE,SGATESDRW3RDST,TRAFFIC CONTROL SIGNAL,2019-06-30 16:16:00
ELLETTSVILLE PD,ELLETTSVILLE,2,0.0,0.0,0.0,0.0,,,,SR 46,N CENTENNIAL DR,,,,39.20997,-86.58271,STATE ROAD,N,URBAN,N,N,N,,DAWN/DUSK,CLOUDY,WET,,NO JUNCTION INVOLVED,STRAIGHT/LEVEL,ASPHALT,BRAKE FAILURE OR DEFECTIVE,REAR END,NORTHCENTENNIALDRSR46W,TRAFFIC CONTROL SIGNAL,2019-06-30 18:00:00
BLOOMINGTON PD,BLOOMINGTON,1,0.0,0.0,0.0,0.0,,,,W 17TH,N MADISON ST,,,,39.178992,-86.537792,LOCAL/CITY ROAD,N,URBAN,N,N,N,,DAYLIGHT,CLEAR,DRY,,FOUR-WAY INTERSECTION,STRAIGHT/HILLCREST,ASPHALT,RAN OFF ROAD RIGHT,RAN OFF ROAD,NKINSERPIKEW17THST,TRAFFIC CONTROL SIGNAL,2019-06-30 15:58:00
BLOOMINGTON PD,BLOOMINGTON,1,0.0,1.0,0.0,0.0,,,,SR 45,N RUSSELL RD,,,,39.200352,-86.468,STATE ROAD,N,URBAN,Y,N,N,,UNKNOWN,CLEAR,DRY,,NO JUNCTION INVOLVED,CURVE/LEVEL,ASPHALT,RAN OFF ROAD RIGHT,RAN OFF ROAD,NRUSSELLRDSR45E,NONE,2019-06-30 08:25:00
INDIANA UNIV BLOOMINGTON PD,BLOOMINGTON,1,0.0,0.0,0.0,0.0,,,,SR 46,W ARLINGTON RD,,,,,,STATE ROAD,N,URBAN,N,Y,Y,LANE CLOSURE,DAWN/DUSK,RAIN,WET,,RAMP,CURVE/LEVEL,ASPHALT,OTHER (DRIVER) - EXPLAIN IN NARRATIVE,RAN OFF ROAD,SR46WARLINGTONRD,NONE,2019-06-30 19:25:00