Agency,City,Vehicles Involved,Trailers Involved,Number Injured,Number Dead,Number Deer,House Number,Roadway Interchange,Roadway Ramp,Roadway Id,Intersecting Road,Interchange,Feet From,Direction,Latitude,Longitude,Roadway Class,Hit and Run?,Locality,School Zone?,Rumble Strips?,Construction?,Construction Type,Light Condition,Weather Conditions,Surface Condition,Type of Median,Roadway Junction Type,Road Character,Roadway Surface,Primary Factor,Manner of Collision,Unique Location Id,Traffic Control,DateTime
MONROE SD,BLOOMINGTON,1,0.0,0.0,0.0,0.0,,,,N WAYPORT,E ELLIS RD,,300.0,N,39.33737749,-86.4871,LOCAL/CITY ROAD,N,URBAN,N,N,N,,DARK (NOT LIGHTED),CLEAR,DRY,,NO JUNCTION INVOLVED,CURVE/LEVEL,ASPHALT,RAN OFF ROAD RIGHT,RAN OFF ROAD,ECHAMBERSPIKENWAYPORTRD,NONE,2019-06-30 21:45:00
DNR LAW ENFORCEMENT,BLOOMINGTON,1,1.0,0.0,0.0,0.0,,,,SR 446,E HAYS RD,,40.0,S,39.04455978,-86.40785574,STATE ROAD,N,RURAL,N,N,N,,DAYLIGHT,CLEAR,DRY,,NO JUNCTION INVOLVED,CURVE/LEVEL,ASPHALT,IMPROPER LANE USAGE,RAN OFF ROAD,HAYSRDRDSR446S,LANE CONTROL,2019-06-30 11:25:00
BLOOMINGTON PD,BLOOMINGTON,1,0.0,1.0,0.0,0.0,,,,W 1ST,S WALKER ST,,200.0,E,39.159648,-86.546,LOCAL/CITY ROAD,N,URBAN,Y,N,N,,DAWN/DUSK,RAIN,WET,,NO JUNCTION INVOLVED,STRAIGHT/GRADE,ASPHALT,DISREGARD SIGNAL/REG SIGN,RIGHT ANGLE,SWALKERSTW1STST,NONE,2019-06-30 21:20:00
BLOOMINGTON PD,BLOOMINGTON,2,0.0,2.0,0.0,0.0,,,,S CURRY,SR 48,,200.0,N,39.18578891,-86.58296,LOCAL/CITY ROAD,N,URBAN,N,N,N,,DAYLIGHT,CLEAR,DRY,,NO JUNCTION INVOLVED,STRAIGHT/LEVEL,ASPHALT,UNSAFE LANE MOVEMENT,RIGHT ANGLE,CURRYPIKETHIRDST,LANE CONTROL,2019-07-01 12:36:00
BLOOMINGTON PD,BLOOMINGTON,2,0.0,0.0,0.0,0.0,,,,S CURRY,SR 48,,75.0,S,39.164544,-86.560096,LOCAL/CITY ROAD,N,URBAN,N,N,N,,DAYLIGHT,CLEAR,DRY,,T-INTERSECTION,STRAIGHT/LEVEL,ASPHALT,FAILURE TO YIELD RIGHT OF WAY,RIGHT ANGLE,SCURRYPIKEW3RDST,LANE CONTROL,2019-07-01 13:35:00
BLOOMINGTON PD,BLOOMINGTON,2,0.0,0.0,0.0,0.0,,,,S GATES,SR 48,,,,39.16459,-86.5762,LOCAL/CITY ROAD,N,URBAN,N,N,N,,DAYLIGHT,CLEAR,DRY,,FOUR-WAY INTERSECTION,STRAIGHT/GRADE,ASPHALT,IMPROPER LANE USAGE,SAME DIRECTION SIDESWIPE,3RDSTGATESDR,TRAFFIC CONTROL SIGNAL,2019-07-01 12:50:00
MONROE SD,BLOOMINGTON,2,0.0,0.0,0.0,0.0,,,,E RICHLAND,N RURAL DR,,700.0,E,39.21925493,-86.51162619,LOCAL/CITY ROAD,N,RURAL,N,N,N,,DARK (NOT LIGHTED),CLEAR,DRY,,T-INTERSECTION,STRAIGHT/LEVEL,ASPHALT,UNSAFE SPEED,OPPOSITE DIRECTION SIDESWIPE,RICHLANDDRRURALST,NONE,2019-07-01 22:36:00
MONROE SD,BLOOMINGTON,1,0.0,0.0,0.0,0.0,,,,N LOUDEN,W RATLIFF RD,,300.0,S,39.15556828,-86.63957,LOCAL/CITY ROAD,N,RURAL,N,N,N,,DAYLIGHT,CLOUDY,WET,,NO JUNCTION INVOLVED,STRAIGHT/GRADE,ASPHALT,RAN OFF ROAD RIGHT,RAN OFF ROAD,NORTHLOUDENRDWESTRATLIFFRD,NONE,2019-07-01 14:47:00
BLOOMINGTON PD,BLOOMINGTON,1,0.0,0.0,0.0,0.0,,,,S HAWTHORNE,E 2ND ST,,200.0,N,39.18221698,-86.5202,LOCAL/CITY ROAD,N,URBAN,N,N,N,,DAYLIGHT,CLEAR,DRY,,NO JUNCTION INVOLVED,STRAIGHT/LEVEL,ASPHALT,RAN OFF ROAD RIGHT,RAN OFF ROAD,2NDSTHAWTHORNEST,NONE,2019-07-01 10:22:00
MONROE SD,BLOOMINGTON,2,0.0,3.0,0.0,0.0,,,,SR 45,N SKIRVIN RD,,275.0,W,39.22723171,-86.43490557,STATE ROAD,N,RURAL,N,N,N,,DAYLIGHT,CLEAR,DRY,,NO JUNCTION INVOLVED,STRAIGHT/LEVEL,ASPHALT,FAILURE TO YIELD RIGHT OF WAY,RIGHT ANGLE,NSKIRVINLNSR45E,NONE,2019-07-01 08:47:00
MONROE SD,BLOOMINGTON,1,0.0,0.0,0.0,1.0,,,,SR 48,S CAVE RD,,1200.0,E,39.16376722,-86.6249447,STATE ROAD,N,URBAN,N,N,N,,DAWN/DUSK,CLEAR,DRY,,NO JUNCTION INVOLVED,CURVE/GRADE,ASPHALT,ANIMAL/OBJECT IN ROADWAY,COLLISION WITH DEER,CAVERDSR48E,NONE,2019-07-01 05:59:00
BLOOMINGTON PD,BLOOMINGTON,3,0.0,0.0,0.0,0.0,,,,N KINSER,SR 45/46,,,,39.186544,-86.537888,LOCAL/CITY ROAD,Y,URBAN,N,N,N,,DAYLIGHT,CLEAR,DRY,,FOUR-WAY INTERSECTION,STRAIGHT/LEVEL,ASPHALT,FOLLOWING TOO CLOSELY,REAR END,4546HWYNKINSERPIKE,TRAFFIC CONTROL SIGNAL,2019-07-02 16:40:00
INDIANA UNIV BLOOMINGTON PD,BLOOMINGTON,2,1.0,2.0,0.0,0.0,,,,SR 45/46,N DUNN ST,,,,39.18629,-86.52841,STATE ROAD,N,URBAN,N,N,N,,DAYLIGHT,CLEAR,DRY,,FOUR-WAY INTERSECTION,STRAIGHT/LEVEL,ASPHALT,DRIVER ASLEEP OR FATIGUED,REAR END,DUNNSTSR46,TRAFFIC CONTROL SIGNAL,2019-07-02 12:30:00
MONROE SD,BLOOMINGTON,2,0.0,0.0,0.0,0.0,,,,N SMITH,W WOODYARD RD,,,,0.0,0.0,LOCAL/CITY ROAD,N,URBAN,N,N,N,,DAYLIGHT,CLEAR,DRY,,T-INTERSECTION,STRAIGHT/GRADE,ASPHALT,FOLLOWING TOO CLOSELY,REAR END,SMITHPIKEWOODYARDRD,STOP SIGN,2019-07-02 17:52:00
MONROE SD,BLOOMINGTON,1,0.0,0.0,0.0,0.0,,,,S OLD SR 37,S DELLSVILLE RD,,50.0,N,39.07141393,-86.54152,LOCAL/CITY ROAD,N,RURAL,N,N,N,,DAYLIGHT,CLEAR,DRY,,NO JUNCTION INVOLVED,CURVE/LEVEL,ASPHALT,RAN OFF ROAD RIGHT,RAN OFF ROAD,SDELLSVILLERDSOLDSTATEROAD37RD,NONE,2019-07-02 13:42:00
BLOOMINGTON PD,BLOOMINGTON,2,0.0,,0.0,0.0,3470.0,,,W 3RD,,,,,39.228944,-86.627504,UNKNOWN,Y,URBAN,N,N,N,,DAYLIGHT,CLEAR,DRY,,NO JUNCTION INVOLVED,STRAIGHT/LEVEL,ASPHALT,FAILURE TO YIELD RIGHT OF WAY,RIGHT ANGLE,WEST3RDST,STOP SIGN,2019-07-02 11:39:00
ISP BLOOMINGTON 33,BLOOMINGTON,2,0.0,0.0,0.0,0.0,,,,W FOUNTAIN,W 11TH ST,,,,0.0,0.0,LOCAL/CITY ROAD,N,URBAN,N,N,N,,DAYLIGHT,CLEAR,DRY,,Y-INTERSECTION,STRAIGHT/LEVEL,ASPHALT,FAILURE TO YIELD RIGHT OF WAY,LEFT TURN,11THSTFOUNTAINDR,LANE CONTROL,2019-07-02 13:35:00
MONROE SD,BLOOMINGTON,2,0.0,0.0,0.0,0.0,,,,W WOODYARD,W WALCOTT LN,,1000.0,S,39.201488,-86.601968,COUNTY ROAD,N,RURAL,N,N,N,,DAYLIGHT,CLEAR,DRY,,NO JUNCTION INVOLVED,CURVE/GRADE,ASPHALT,LEFT OF CENTER,HEAD ON BETWEEN TWO MOTOR VEHICLES,WESTWALCOTTLNWESTWOODYARDRD,NONE,2019-07-02 08:29:00
BLOOMINGTON PD,BLOOMINGTON,2,0.0,0.0,0.0,0.0,,,,SR 46,KINGSTON DR S,,,,39.16424,-86.492944,LOCAL/CITY ROAD,N,URBAN,N,N,N,,DAYLIGHT,RAIN,WET,,FOUR-WAY INTERSECTION,STRAIGHT/GRADE,ASPHALT,UNSAFE LANE MOVEMENT,RAN OFF ROAD,E3RDSTSKINGSTONDR,TRAFFIC CONTROL SIGNAL,2019-07-03 16:59:00
BLOOMINGTON PD,BLOOMINGTON,2,0.0,1.0,0.0,0.0,,,,S WALNUT,E GRIMES LN,,,,39.15344,-86.5336,LOCAL/CITY ROAD,N,URBAN,N,N,N,,DAYLIGHT,CLEAR,DRY,,FOUR-WAY INTERSECTION,STRAIGHT/LEVEL,ASPHALT,DRIVER DISTRACTED - EXPLAIN IN NARRATIVE,REAR END,EGRIMESLNSWALNUTST,TRAFFIC CONTROL SIGNAL,2019-07-03 14:05:00
BLOOMINGTON PD,BLOOMINGTON,1,0.0,0.0,0.0,0.0,,,,S WALNUT,E KIRKWOOD AVE,,,,39.16664,-86.5336,LOCAL/CITY ROAD,N,URBAN,N,N,N,,DAYLIGHT,CLEAR,DRY,,FOUR-WAY INTERSECTION,STRAIGHT/GRADE,ASPHALT,IMPROPER TURNING,RAN OFF ROAD,KIRKWOODAVEWALNUTST,TRAFFIC CONTROL SIGNAL,2019-07-03 09:15:00
BLOOMINGTON PD,BLOOMINGTON,3,0.0,0.0,0.0,0.0,,,,N WALNUT,W OLD SR 37,,300.0,S,39.20704,-86.534704,LOCAL/CITY ROAD,N,URBAN,N,N,N,,DAYLIGHT,CLEAR,DRY,,FOUR-WAY INTERSECTION,STRAIGHT/GRADE,ASPHALT,FOLLOWING TOO CLOSELY,REAR END,NWALNUTSTOLDSTATEROAD37RD,NONE,2019-07-03 16:51:00
BLOOMINGTON PD,BLOOMINGTON,2,0.0,0.0,0.0,0.0,,,,W 1ST,S COLLEGE AVE,,,,39.17688,-86.534736,LOCAL/CITY ROAD,N,URBAN,N,N,N,,DARK (NOT LIGHTED),CLEAR,DRY,,FOUR-WAY INTERSECTION,STRAIGHT/LEVEL,ASPHALT,OTHER (DRIVER) - EXPLAIN IN NARRATIVE,OPPOSITE DIRECTION SIDESWIPE,1STSTCOLLEGEAVE,TRAFFIC CONTROL SIGNAL,2019-07-03 00:52:00
BLOOMINGTON PD,BLOOMINGTON,3,0.0,1.0,0.0,0.0,,,,SR 45/46,N MONROE ST,,500.0,E,39.186944,-86.5468,LOCAL/CITY ROAD,N,URBAN,N,N,N,,DARK (NOT LIGHTED),CLEAR,WET,,NO JUNCTION INVOLVED,STRAIGHT/LEVEL,ASPHALT,FOLLOWING TOO CLOSELY,REAR END,NMONROESTWSTATEROAD4546BYP,NONE,2019-07-03 22:47:00
ISP BLOOMINGTON 33,BLOOMINGTON,1,0.0,0.0,0.0,0.0,,,,I-69 S,,,,,0.0,0.0,INTERSTATE,N,RURAL,N,N,N,,DAYLIGHT,RAIN,WET,,NO JUNCTION INVOLVED,STRAIGHT/LEVEL,ASPHALT,RAN OFF ROAD RIGHT,RAN OFF ROAD,I69125,LANE CONTROL,2019-07-03 17:56:00
MONROE SD,BLOOMINGTON,1,0.0,0.0,0.0,0.0,,,,S LEONARD SPRINGS,,,600.0,N,39.17761509,-86.59514,LOCAL/CITY ROAD,N,RURAL,N,N,N,,DAWN/DUSK,RAIN,WET,,NO JUNCTION INVOLVED,CURVE/GRADE,ASPHALT,SPEED TOO FAST FOR WEATHER CONDITIONS,RAN OFF ROAD,LIZZYLNSLEONARDSPRINGSRD,NONE,2019-07-03 17:50:00
BLOOMINGTON PD,BLOOMINGTON,1,0.0,0.0,0.0,0.0,,,,S SARE,E ROGERS RD,,100.0,S,39.13584,-86.496288,LOCAL/CITY ROAD,N,URBAN,N,N,N,,DARK (NOT LIGHTED),CLEAR,DRY,,NO JUNCTION INVOLVED,CURVE/GRADE,ASPHALT,RAN OFF ROAD RIGHT,RAN OFF ROAD,ROGERSRDSSARERD,NONE,2019-07-03 04:51:00
BLOOMINGTON PD,BLOOMINGTON,2,0.0,0.0,0.0,0.0,,,,W 3RD,,,,,0.0,0.0,LOCAL/CITY ROAD,N,URBAN,N,N,N,,DAYLIGHT,CLEAR,DRY,,T-INTERSECTION,STRAIGHT/GRADE,ASPHALT,IMPROPER TURNING,LEFT TURN,I69OPASW3RDST,TRAFFIC CONTROL SIGNAL,2019-07-03 15:43:00
BLOOMINGTON PD,BLOOMINGTON,2,0.0,0.0,0.0,0.0,,,,W FOUNTAIN,N CRESCENT RD,,100.0,S,0.0,0.0,LOCAL/CITY ROAD,N,URBAN,N,N,N,,DAYLIGHT,CLEAR,DRY,,NO JUNCTION INVOLVED,STRAIGHT/GRADE,ASPHALT,FAILURE TO YIELD RIGHT OF WAY,LEFT TURN,CRESENTRDFOUNTAINDR,LANE CONTROL,2019-07-03 12:34:00
MONROE SD,BLOOMINGTON,2,0.0,0.0,0.0,0.0,,,,W MAPLE GROVE,N MATTHEWS DR,,,,39.245408,-86.6204,LOCAL/CITY ROAD,N,RURAL,N,N,N,,DAWN/DUSK,RAIN,WET,,FOUR-WAY INTERSECTION,STRAIGHT/LEVEL,ASPHALT,DISREGARD SIGNAL/REG SIGN,OTHER - EXPLAIN IN NARRATIVE,NMATTHEWSDRWMAPLEGROVERD,STOP SIGN,2019-07-03 19:45:00
MONROE SD,BLOOMINGTON,2,0.0,0.0,0.0,0.0,,,,SR 45,INDUSTRIAL BLVD,,,,39.1436,-86.58031,STATE ROAD,N,RURAL,N,N,N,,DAWN/DUSK,CLEAR,DRY,,FOUR-WAY INTERSECTION,STRAIGHT/LEVEL,ASPHALT,OTHER (DRIVER) - EXPLAIN IN NARRATIVE,REAR END,INDUSTRIALBLVDSR45W,TRAFFIC CONTROL SIGNAL,2019-07-04 07:11:00
MONROE SD,BLOOMINGTON,1,0.0,0.0,0.0,0.0,,,,SR 48,N OARD RD,,,,39.164848,-86.62,STATE ROAD,N,RURAL,N,N,N,,DARK (NOT LIGHTED),CLEAR,DRY,,T-INTERSECTION,STRAIGHT/LEVEL,ASPHALT,RAN OFF ROAD RIGHT,RAN OFF ROAD,OARDRDSR48E,NONE,2019-07-04 05:21:00
BLOOMINGTON PD,BLOOMINGTON,2,0.0,0.0,0.0,0.0,,,,S WALNUT,E GRIMES LN,,,,39.15344,-86.5336,LOCAL/CITY ROAD,N,URBAN,N,N,N,,DAYLIGHT,CLEAR,DRY,,FOUR-WAY INTERSECTION,STRAIGHT/LEVEL,ASPHALT,FOLLOWING TOO CLOSELY,REAR END,EGRIMESLNSWALNUTST,TRAFFIC CONTROL SIGNAL,2019-07-05 14:00:00
MONROE SD,BLOOMINGTON,1,0.0,0.0,0.0,0.0,,,,S COLLEGE,W 3RD ST,,,,39.16464,-86.534816,LOCAL/CITY ROAD,N,URBAN,N,N,N,,DARK (LIGHTED),CLEAR,DRY,,NO JUNCTION INVOLVED,STRAIGHT/LEVEL,ASPHALT,RAN OFF ROAD RIGHT,RAN OFF ROAD,3RDSTCOLLEGEAVE,NONE,2019-07-05 04:35:00
BLOOMINGTON PD,BLOOMINGTON,2,0.0,0.0,0.0,0.0,,,,W 7TH,N COLLEGE AVE,,,,39.168656,-86.534784,LOCAL/CITY ROAD,Y,URBAN,N,N,N,,DAYLIGHT,CLEAR,DRY,,FOUR-WAY INTERSECTION,STRAIGHT/LEVEL,ASPHALT,DISREGARD SIGNAL/REG SIGN,RIGHT ANGLE,7THSTNCOLLEGEAVE,TRAFFIC CONTROL SIGNAL,2019-07-05 15:51:00
MONROE SD,BLOOMINGTON,1,0.0,1.0,0.0,0.0,,,,E SAMPLE,N WAYPORT RD,,1320.0,E,39.26577609,-86.52091166,LOCAL/CITY ROAD,N,RURAL,N,N,N,,DAYLIGHT,CLOUDY,WET,,NO JUNCTION INVOLVED,CURVE/GRADE,ASPHALT,SPEED TOO FAST FOR WEATHER CONDITIONS,RAN OFF ROAD,ESAMPLERDNWAYPORTRD,NONE,2019-07-05 17:22:00
BLOOMINGTON PD,BLOOMINGTON,2,0.0,0.0,0.0,0.0,,,,E 4TH,S DUNN ST,,200.0,W,39.165648,-86.528144,LOCAL/CITY ROAD,Y,URBAN,N,N,N,,,,,,NO JUNCTION INVOLVED,STRAIGHT/LEVEL,ASPHALT,,,E4THSTSDUNNST,NONE,2019-07-05 08:00:00
MONROE SD,BLOOMINGTON,1,0.0,0.0,0.0,0.0,,,,E ROBINSON,W OLD SR 37,,450.0,N,39.28795694,-86.49927,LOCAL/CITY ROAD,N,RURAL,N,N,N,,DAYLIGHT,CLEAR,DRY,,NO JUNCTION INVOLVED,STRAIGHT/LEVEL,ASPHALT,RAN OFF ROAD RIGHT,RAN OFF ROAD,EROBINSONRDOLDSTATE37NRD,NONE,2019-07-05 06:45:00
ISP BLOOMINGTON 33,BLOOMINGTON,2,0.0,0.0,0.0,0.0,,,,I-69 S,,,,,0.0,0.0,INTERSTATE,N,RURAL,N,N,N,,DAYLIGHT,RAIN,WET,,NO JUNCTION INVOLVED,STRAIGHT/LEVEL,ASPHALT,SPEED TOO FAST FOR WEATHER CONDITIONS,RIGHT ANGLE,I69125,LANE CONTROL,2019-07-05 16:37:00
MONROE SD,BLOOMINGTON,2,0.0,1.0,0.0,0.0,,,,S HANDY,S AIRLINE RD,,100.0,S,39.08287477,-86.48688,COUNTY ROAD,N,RURAL,N,N,N,,DAYLIGHT,CLEAR,DRY,,Y-INTERSECTION,CURVE/LEVEL,ASPHALT,LEFT OF CENTER,HEAD ON BETWEEN TWO MOTOR VEHICLES,SAIRLINERDSHANDYRD,NONE,2019-07-05 17:26:00
MONROE SD,BLOOMINGTON,1,0.0,0.0,0.0,0.0,,,,S WALNUT ST PIKE,E CRESTLINE DR,,210.0,N,39.116352,-86.526496,LOCAL/CITY ROAD,N,RURAL,N,N,N,,DAWN/DUSK,CLOUDY,WET,,NO JUNCTION INVOLVED,STRAIGHT/LEVEL,CONCRETE,RAN OFF ROAD RIGHT,RAN OFF ROAD,ECRESTLINEDRSWALNUTSTREETPIKE,NONE,2019-07-05 21:08:00
ELLETTSVILLE PD,ELLETTSVILLE,2,0.0,0.0,0.0,0.0,,,,SR 46,N 1ST ST,,100.0,E,39.23125467,-86.62103537,STATE ROAD,N,URBAN,N,N,N,,DAYLIGHT,RAIN,WET,,NO JUNCTION INVOLVED,STRAIGHT/LEVEL,ASPHALT,IMPROPER TURNING,LEFT TURN,FIRSTSTSR46W,NONE,2019-07-05 16:56:00
BLOOMINGTON PD,BLOOMINGTON,2,0.0,0.0,0.0,0.0,,,,W 3RD,S MULLER PKWY,,,,39.1645,-86.5627,LOCAL/CITY ROAD,N,URBAN,N,N,N,,DAYLIGHT,CLEAR,DRY,,T-INTERSECTION,STRAIGHT/LEVEL,ASPHALT,FAILURE TO YIELD RIGHT OF WAY,SAME DIRECTION SIDESWIPE,SOUTHMULLERPKWYWEST3RDST,NONE,2019-07-05 13:22:00
BLOOMINGTON PD,BLOOMINGTON,2,0.0,0.0,0.0,0.0,,,,W 2ND,S COLLEGE AVE,,,,39.16138,-86.53493,LOCAL/CITY ROAD,N,URBAN,N,N,N,,DAYLIGHT,CLOUDY,DRY,,FOUR-WAY INTERSECTION,STRAIGHT/LEVEL,ASPHALT,FOLLOWING TOO CLOSELY,REAR END,SOUTHCOLLEGEAVEWEST2NDST,TRAFFIC CONTROL SIGNAL,2019-07-06 17:20:00
ELLETTSVILLE PD,ELLETTSVILLE,2,0.0,0.0,0.0,0.0,,,,SR 46,N SMITH PIKE,,,,39.20997,-86.58271,STATE ROAD,N,URBAN,N,N,N,,DAYLIGHT,CLEAR,DRY,,T-INTERSECTION,STRAIGHT/LEVEL,ASPHALT,DRIVER ASLEEP OR FATIGUED,REAR END,SMITHPIKERDSR46W,TRAFFIC CONTROL SIGNAL,2019-07-06 07:38:00
BLOOMINGTON PD,BLOOMINGTON,1,0.0,0.0,0.0,1.0,,,,N WALNUT,W OLD SR 37,,,,39.20704,-86.534704,LOCAL/CITY ROAD,N,URBAN,N,N,N,,DARK (NOT LIGHTED),CLEAR,DRY,,FOUR-WAY INTERSECTION,STRAIGHT/GRADE,ASPHALT,ANIMAL/OBJECT IN ROADWAY,COLLISION WITH DEER,NORTHWALNUTSTOLDSTATEROAD37RD,TRAFFIC CONTROL SIGNAL,2019-07-06 02:40:00
BLOOMINGTON PD,BLOOMINGTON,1,0.0,0.0,0.0,0.0,,,,SR 46,SR 446,,,,39.164448,-86.471888,UNKNOWN,N,URBAN,N,N,N,,DAYLIGHT,CLEAR,DRY,,T-INTERSECTION,STRAIGHT/LEVEL,ASPHALT,RAN OFF ROAD RIGHT,RAN OFF ROAD,E3RDSTSSTATEROAD446RD,NONE,2019-07-06 15:40:00
MONROE SD,BLOOMINGTON,1,0.0,0.0,0.0,0.0,7469.0,,,N CANYON,,,,,39.13304,-86.522288,LOCAL/CITY ROAD,N,RURAL,N,N,N,,DAYLIGHT,CLEAR,DRY,,T-INTERSECTION,CURVE/LEVEL,ASPHALT,DRIVER ILLNESS,RAN OFF ROAD,NCANYONCT,NONE,2019-07-06 13:55:00
BLOOMINGTON PD,BLOOMINGTON,1,0.0,0.0,0.0,0.0,,,,N HEADLEY,E TREADWELL LN,,100.0,N,39.19008,-86.514288,LOCAL/CITY ROAD,N,URBAN,N,N,N,,DARK (NOT LIGHTED),CLEAR,DRY,,NO JUNCTION INVOLVED,CURVE/LEVEL,ASPHALT,ANIMAL/OBJECT IN ROADWAY,RAN OFF ROAD,ETREADWELLLNNHEADLEYRD,NONE,2019-07-06 00:48:00
BLOOMINGTON PD,BLOOMINGTON,2,0.0,0.0,0.0,0.0,,,,S ROCKPORT,W TAPP RD,,,,39.03354222,-86.61119288,LOCAL/CITY ROAD,Y,URBAN,N,N,N,,DAYLIGHT,CLEAR,DRY,,FOUR-WAY INTERSECTION,STRAIGHT/LEVEL,ASPHALT,FOLLOWING TOO CLOSELY,REAR END,SOUTHROCKPORTRDWESTTAPPRD,TRAFFIC CONTROL SIGNAL,2019-07-06 13:41:00
BLOOMINGTON PD,BLOOMINGTON,2,0.0,0.0,0.0,0.0,,,,E 1ST,S HAWTHORNE DR,,100.0,W,39.159344,-86.520096,LOCAL/CITY ROAD,N,URBAN,Y,N,N,,DAYLIGHT,CLEAR,DRY,,NO JUNCTION INVOLVED,STRAIGHT/GRADE,ASPHALT,OVERCORRECTING/OVERSTEERING,SAME DIRECTION SIDESWIPE,E1STSTSHAWTHORNEDR,NONE,2019-07-07 13:35:00
MONROE SD,BLOOMINGTON,2,0.0,1.0,0.0,0.0,,,,I-69 S,,,0.0,N,41.35203651,-85.08767543,INTERSTATE,N,RURAL,N,Y,N,,DAYLIGHT,CLEAR,DRY,,NO JUNCTION INVOLVED,STRAIGHT/LEVEL,ASPHALT,UNSAFE SPEED,REAR END,I69S128,NONE,2019-07-07 19:18:00
MONROE SD,BLOOMINGTON,2,0.0,0.0,0.0,0.0,,,,S OLD SR 37,S KETCHAM RUNAROUND,,,,39.07115,-86.54444,LOCAL/CITY ROAD,N,RURAL,N,N,N,,DAYLIGHT,CLEAR,DRY,,T-INTERSECTION,CURVE/LEVEL,ASPHALT,FAILURE TO YIELD RIGHT OF WAY,RIGHT ANGLE,OLDSR37RDSKETCHAMROUNDABOUTRD,STOP SIGN,2019-07-07 13:50:00
MONROE SD,BLOOMINGTON,1,0.0,0.0,0.0,0.0,,,,SR 37,W ACUFF RD,,2156.0,S,0.0,0.0,INTERSTATE,N,RURAL,N,N,N,,DAYLIGHT,CLEAR,DRY,,NO JUNCTION INVOLVED,STRAIGHT/LEVEL,ASPHALT,RAN OFF ROAD RIGHT,RAN OFF ROAD,ACUFFRDSR37,NONE,2019-07-07 19:40:00
BLOOMINGTON PD,BLOOMINGTON,2,0.0,0.0,0.0,0.0,,,,E 3RD,S SWAIN AVE,,,,39.16424,-86.5152,LOCAL/CITY ROAD,N,URBAN,N,N,N,,DAYLIGHT,CLEAR,DRY,,NO JUNCTION INVOLVED,STRAIGHT/LEVEL,ASPHALT,UNSAFE LANE MOVEMENT,SAME DIRECTION SIDESWIPE,E3RDSTSSWAINAVE,LANE CONTROL,2019-07-08 10:35:00
INDIANA UNIV BLOOMINGTON PD,BLOOMINGTON,2,0.0,0.0,0.0,0.0,,,,E 3RD,S WOODSCREST DR,,,,39.16427,-86.50241,LOCAL/CITY ROAD,N,URBAN,N,N,N,,DAYLIGHT,CLEAR,DRY,,FOUR-WAY INTERSECTION,STRAIGHT/LEVEL,ASPHALT,FAILURE TO YIELD RIGHT OF WAY,REAR END,THIRDSTWOODCRESTDR,TRAFFIC CONTROL SIGNAL,2019-07-08 19:29:00
BLOOMINGTON PD,BLOOMINGTON,3,0.0,2.0,0.0,0.0,,,,SR 45,INDUSTRIAL BLVD,,200.0,E,39.14387261,-86.57995526,STATE ROAD,N,URBAN,N,N,N,,DAYLIGHT,CLEAR,DRY,,FOUR-WAY INTERSECTION,STRAIGHT/LEVEL,ASPHALT,DRIVER DISTRACTED - EXPLAIN IN NARRATIVE,REAR END,SR45WWINDUSTRIALBLVD,TRAFFIC CONTROL SIGNAL,2019-07-08 17:50:00
MONROE SD,BLOOMINGTON,2,0.0,0.0,0.0,0.0,,,,SR 37,S VICTOR PIKE,,,,39.105552,-86.551104,STATE ROAD,N,RURAL,N,N,N,,DAYLIGHT,CLEAR,DRY,,FOUR-WAY INTERSECTION,STRAIGHT/GRADE,ASPHALT,FOLLOWING TOO CLOSELY,REAR END,SR37SVICTORPIKE,TRAFFIC CONTROL SIGNAL,2019-07-08 17:25:00
ISP BLOOMINGTON 33,BLOOMINGTON,2,0.0,0.0,0.0,0.0,,,,I-69 S,,,,,0.0,0.0,INTERSTATE,Y,RURAL,N,N,N,,DAYLIGHT,CLEAR,DRY,,NO JUNCTION INVOLVED,STRAIGHT/LEVEL,ASPHALT,IMPROPER LANE USAGE,SAME DIRECTION SIDESWIPE,I69115.0,LANE CONTROL,2019-07-08 08:55:00
MONROE SD,BLOOMINGTON,1,0.0,1.0,0.0,0.0,,,,MAEFIELD,N UNION VALLEY RD,,100.0,E,39.22101,-86.59269865,LOCAL/CITY ROAD,N,URBAN,N,N,N,,DAYLIGHT,CLEAR,DRY,,NO JUNCTION INVOLVED,STRAIGHT/LEVEL,ASPHALT,RAN OFF ROAD RIGHT,RAN OFF ROAD,NUNIONVALLEYRDWMAEFIELDST,NONE,2019-07-08 20:13:00
MONROE SD,BLOOMINGTON,2,0.0,1.0,0.0,0.0,,,,S CURRY,W GIFFORD RD,,200.0,N,39.156896,-86.582704,COUNTY ROAD,N,RURAL,N,N,N,,DAYLIGHT,CLEAR,DRY,,NO JUNCTION INVOLVED,STRAIGHT/LEVEL,ASPHALT,UNSAFE LANE MOVEMENT,SAME DIRECTION SIDESWIPE,SCURRYPIKEWGIFFORDRD,LANE CONTROL,2019-07-08 09:10:00
INDIANA UNIV BLOOMINGTON PD,BLOOMINGTON,2,0.0,0.0,0.0,0.0,,,,SR 45/46,E MATLOCK RD,,,,39.18629,-86.52982,STATE ROAD,N,URBAN,N,N,N,,DAYLIGHT,CLEAR,DRY,,FOUR-WAY INTERSECTION,STRAIGHT/LEVEL,ASPHALT,FOLLOWING TOO CLOSELY,REAR END,MATLOCKRDSR46,TRAFFIC CONTROL SIGNAL,2019-07-08 12:10:00
ELLETTSVILLE PD,ELLETTSVILLE,2,0.0,0.0,0.0,0.0,,,,SR 46,N LOVE LN,,,,39.219152,-86.602304,STATE ROAD,N,URBAN,N,N,N,,DAYLIGHT,CLEAR,DRY,,NO JUNCTION INVOLVED,STRAIGHT/LEVEL,ASPHALT,FOLLOWING TOO CLOSELY,REAR END,LOVELNSR46W,LANE CONTROL,2019-07-08 09:51:00