Agency,City,Vehicles Involved,Trailers Involved,Number Injured,Number Dead,Number Deer,House Number,Roadway Interchange,Roadway Ramp,Roadway Id,Intersecting Road,Interchange,Feet From,Direction,Latitude,Longitude,Roadway Class,Hit and Run?,Locality,School Zone?,Rumble Strips?,Construction?,Construction Type,Light Condition,Weather Conditions,Surface Condition,Type of Median,Roadway Junction Type,Road Character,Roadway Surface,Primary Factor,Manner of Collision,Unique Location Id,Traffic Control,DateTime
BLOOMINGTON PD,BLOOMINGTON,2,0.0,0.0,0.0,0.0,,,,W 12TH,N ILLINOIS ST,,100.0,W,39.174352,-86.55075286,LOCAL/CITY ROAD,Y,URBAN,N,N,N,,DARK (LIGHTED),CLOUDY,DRY,,NO JUNCTION INVOLVED,STRAIGHT/GRADE,ASPHALT,UNSAFE SPEED,SAME DIRECTION SIDESWIPE,12THSTILLINOISST,NONE,2019-07-08 22:37:00
ELLETTSVILLE PD,ELLETTSVILLE,1,0.0,0.0,1.0,0.0,,,,W NESTLE DOWN,N MARGIE CT,,45.0,E,39.22827,-86.59678389,LOCAL/CITY ROAD,N,URBAN,N,N,N,,DAYLIGHT,CLEAR,DRY,,NO JUNCTION INVOLVED,CURVE/LEVEL,ASPHALT,DRIVER ILLNESS,RAN OFF ROAD,MAGGIECTNESTLEDOWNDR,LANE CONTROL,2019-07-08 07:34:00
BLOOMINGTON PD,BLOOMINGTON,2,0.0,1.0,0.0,0.0,,,,E WINSLOW,S WALNUT ST,,,,39.13597,-86.53111,LOCAL/CITY ROAD,N,URBAN,N,N,N,,DAYLIGHT,CLEAR,DRY,,FOUR-WAY INTERSECTION,STRAIGHT/LEVEL,ASPHALT,FAILURE TO YIELD RIGHT OF WAY,RIGHT ANGLE,EWINSLOWRDSWALNUTST,TRAFFIC CONTROL SIGNAL,2019-07-09 13:15:00
INDIANA UNIV BLOOMINGTON PD,BLOOMINGTON,2,0.0,0.0,0.0,0.0,,,,E 10TH,N WALNUT GROVE ST,,,,39.17162,-86.52099,LOCAL/CITY ROAD,N,URBAN,N,N,N,,DAYLIGHT,CLEAR,DRY,,NO JUNCTION INVOLVED,STRAIGHT/LEVEL,ASPHALT,OVERCORRECTING/OVERSTEERING,RIGHT ANGLE,TENTHSTWALNUTGROVEST,NONE,2019-07-09 09:26:00
BLOOMINGTON PD,BLOOMINGTON,3,0.0,0.0,0.0,0.0,,,,W KIRKWOOD,S ROGERS ST,,50.0,W,39.166672,-86.538608,LOCAL/CITY ROAD,N,URBAN,Y,N,N,,DAYLIGHT,CLEAR,DRY,,NO JUNCTION INVOLVED,STRAIGHT/LEVEL,ASPHALT,FOLLOWING TOO CLOSELY,REAR END,SROGERSSTWKIRKWOODAVE,NONE,2019-07-09 16:25:00
BLOOMINGTON PD,BLOOMINGTON,2,0.0,0.0,0.0,0.0,,,,S COLLEGE MALL,E 2ND ST,,,,39.16144,-86.534848,LOCAL/CITY ROAD,N,URBAN,N,N,N,,DAYLIGHT,CLEAR,DRY,,FOUR-WAY INTERSECTION,STRAIGHT/LEVEL,ASPHALT,FOLLOWING TOO CLOSELY,REAR END,EAST2NDSTSOUTHCOLLEGEMALL,TRAFFIC CONTROL SIGNAL,2019-07-09 11:52:00
BLOOMINGTON PD,BLOOMINGTON,2,0.0,0.0,0.0,0.0,,,,W COUNTRY CLUB,S BANTA AVE,,75.0,E,39.136304,-86.544592,LOCAL/CITY ROAD,N,URBAN,N,N,Y,LANE CLOSURE,DAYLIGHT,CLEAR,DRY,,NO JUNCTION INVOLVED,STRAIGHT/GRADE,ASPHALT,DRIVER DISTRACTED - EXPLAIN IN NARRATIVE,REAR END,SBANTAAVEWCOUNTRYCLUBDR,LANE CONTROL,2019-07-09 09:23:00
MONROE SD,BLOOMINGTON,1,0.0,0.0,0.0,0.0,,,,W HOWARD,,,2500.0,N,0.0,0.0,LOCAL/CITY ROAD,N,RURAL,N,N,N,,DARK (NOT LIGHTED),CLEAR,DRY,,NO JUNCTION INVOLVED,CURVE/HILLCREST,ASPHALT,UNSAFE SPEED,RAN OFF ROAD,HOWARDRDSTRD43HWY,NONE,2019-07-09 00:01:00
INDIANA UNIV BLOOMINGTON PD,BLOOMINGTON,2,0.0,0.0,0.0,0.0,,,,SR 45,SR 45/46,,,,39.171648,-86.502096,STATE ROAD,N,URBAN,N,N,N,,DAYLIGHT,CLEAR,DRY,,FOUR-WAY INTERSECTION,CURVE/LEVEL,ASPHALT,DRIVER DISTRACTED - EXPLAIN IN NARRATIVE,REAR END,10THSTSR46E,TRAFFIC CONTROL SIGNAL,2019-07-10 10:04:00
ISP BLOOMINGTON 33,BLOOMINGTON,2,0.0,1.0,0.0,0.0,,,,SR 48,S CURRY PIKE,,,,39.16464,-86.58296,STATE ROAD,N,URBAN,N,N,N,,DAYLIGHT,CLEAR,DRY,,NO JUNCTION INVOLVED,STRAIGHT/LEVEL,ASPHALT,UNSAFE SPEED,REAR END,CURRYPIKESR48,LANE CONTROL,2019-07-10 15:35:00
BLOOMINGTON PD,BLOOMINGTON,2,0.0,0.0,0.0,0.0,,,,S WALNUT,W KIRKWOOD AVE,,,,39.16658,-86.53361,LOCAL/CITY ROAD,N,URBAN,N,N,N,,DAYLIGHT,CLEAR,DRY,,FOUR-WAY INTERSECTION,STRAIGHT/LEVEL,ASPHALT,IMPROPER TURNING,LEFT TURN,KIRKWOODAVESWALNUTST,TRAFFIC CONTROL SIGNAL,2019-07-10 11:10:00
MONROE SD,BLOOMINGTON,2,0.0,1.0,0.0,0.0,,,,N CURRY,W JONATHAN DR,,200.0,S,39.14720909,-86.58295,LOCAL/CITY ROAD,N,URBAN,N,N,N,,DAYLIGHT,CLEAR,DRY,,NO JUNCTION INVOLVED,STRAIGHT/LEVEL,ASPHALT,FOLLOWING TOO CLOSELY,REAR END,NCURRYPIKEWJOHNATHANDR,NONE,2019-07-10 13:18:00
BLOOMINGTON PD,BLOOMINGTON,2,0.0,0.0,0.0,0.0,,,,S WALNUT,E HILLSIDE DR,,,,39.150544,-86.5336,LOCAL/CITY ROAD,N,URBAN,N,Y,N,,DAYLIGHT,CLEAR,DRY,,FOUR-WAY INTERSECTION,STRAIGHT/LEVEL,ASPHALT,FOLLOWING TOO CLOSELY,REAR END,EHILLSIDEDRSWALNUTST,TRAFFIC CONTROL SIGNAL,2019-07-10 14:25:00
BLOOMINGTON PD,BLOOMINGTON,1,0.0,0.0,0.0,0.0,,,,E 14TH,N FORREST AVE,,,,39.17604,-86.52245,LOCAL/CITY ROAD,N,URBAN,N,N,N,,DAYLIGHT,CLEAR,DRY,,NO JUNCTION INVOLVED,STRAIGHT/GRADE,ASPHALT,UNSAFE BACKING,OTHER - EXPLAIN IN NARRATIVE,FORRESTAVEFOURTEENTHST,NONE,2019-07-10 15:00:00
INDIANA UNIV BLOOMINGTON PD,BLOOMINGTON,1,0.0,0.0,0.0,0.0,,,,E 17TH,N WALNUT GROVE ST,,75.0,E,39.17895596,-86.52082339,UNKNOWN,N,URBAN,N,N,N,,DAYLIGHT,CLEAR,DRY,,NO JUNCTION INVOLVED,STRAIGHT/LEVEL,ASPHALT,IMPROPER TURNING,OTHER - EXPLAIN IN NARRATIVE,EAST17THSTWALNUTGROVEST,NONE,2019-07-11 11:00:00
MONROE SD,BLOOMINGTON,2,0.0,0.0,0.0,0.0,,,,N CURRY,W GRAND AVE,,,,39.16649,-86.58296,LOCAL/CITY ROAD,N,RURAL,N,N,N,,DAYLIGHT,CLEAR,DRY,,T-INTERSECTION,STRAIGHT/LEVEL,ASPHALT,FAILURE TO YIELD RIGHT OF WAY,RIGHT ANGLE,GRANDAVENCURRYPIKE,NONE,2019-07-11 17:12:00
BLOOMINGTON PD,BLOOMINGTON,2,0.0,0.0,0.0,0.0,,,,N WALNUT,E 9TH ST,,,,39.170544,-86.533536,LOCAL/CITY ROAD,N,URBAN,N,N,N,,DAYLIGHT,CLEAR,DRY,,FOUR-WAY INTERSECTION,STRAIGHT/GRADE,ASPHALT,UNSAFE LANE MOVEMENT,LEFT TURN,E9THSTNWALNUTST,NONE,2019-07-11 16:25:00
MONROE SD,BLOOMINGTON,1,0.0,0.0,0.0,0.0,7200.0,,,S BREEDEN,,,1000.0,S,39.076048,-86.674496,COUNTY ROAD,N,RURAL,N,N,N,,DARK (NOT LIGHTED),CLEAR,DRY,,NO JUNCTION INVOLVED,CURVE/LEVEL,ASPHALT,RAN OFF ROAD RIGHT,RAN OFF ROAD,7200SBREEDENRDTOMPHILLIPSRD,NONE,2019-07-11 22:55:00
MONROE SD,BLOOMINGTON,2,0.0,0.0,0.0,0.0,,,,SR 46,,,300.0,E,39.20961792,-86.58238493,STATE ROAD,Y,RURAL,N,N,N,,DAYLIGHT,CLEAR,DRY,,NO JUNCTION INVOLVED,STRAIGHT/LEVEL,ASPHALT,IMPROPER TURNING,RIGHT TURN,NSMITHPIKESR46W,NONE,2019-07-11 15:29:00
BLOOMINGTON PD,BLOOMINGTON,2,0.0,0.0,0.0,0.0,,,,W 6TH,N ADAMS ST,,,,39.167728,-86.5496,LOCAL/CITY ROAD,Y,URBAN,N,N,N,,DAYLIGHT,CLEAR,DRY,,FOUR-WAY INTERSECTION,STRAIGHT/LEVEL,ASPHALT,FOLLOWING TOO CLOSELY,REAR END,NADAMSSTW6THST,NONE,2019-07-11 10:58:00
BLOOMINGTON PD,BLOOMINGTON,2,0.0,1.0,0.0,0.0,,,,E 3RD,S COLLEGE MALL RD,,,,39.16424,-86.4984,LOCAL/CITY ROAD,N,URBAN,N,N,N,,DAYLIGHT,CLEAR,DRY,,FOUR-WAY INTERSECTION,STRAIGHT/LEVEL,ASPHALT,DRIVER DISTRACTED - EXPLAIN IN NARRATIVE,REAR END,3RDSTCOLLEGEMALLRD,TRAFFIC CONTROL SIGNAL,2019-07-12 11:45:00
BLOOMINGTON PD,BLOOMINGTON,1,0.0,0.0,0.0,0.0,,,,N ADAMS,ILLINOS CENTRAL RAILROAD BRIDGE,,150.0,S,0.0,0.0,LOCAL/CITY ROAD,N,URBAN,N,N,N,,DAYLIGHT,CLEAR,DRY,,NO JUNCTION INVOLVED,STRAIGHT/LEVEL,ASPHALT,DISREGARD SIGNAL/REG SIGN,OTHER - EXPLAIN IN NARRATIVE,NADAMSSTWFOUNTAINST,NONE,2019-07-12 13:28:00
MONROE SD,BLOOMINGTON,2,0.0,0.0,0.0,0.0,,,,N UNION VALLEY,W LOST MANS LN,,,,39.222848,-86.592704,LOCAL/CITY ROAD,N,RURAL,N,N,N,,DAYLIGHT,CLEAR,DRY,,NO JUNCTION INVOLVED,STRAIGHT/GRADE,ASPHALT,FAILURE TO YIELD RIGHT OF WAY,LEFT TURN,NUNIONVALLEYRDWLOSTMANSLN,LANE CONTROL,2019-07-12 12:22:00
BLOOMINGTON PD,BLOOMINGTON,2,0.0,1.0,0.0,0.0,,,,W 2ND,S EUCLID AVE,,100.0,W,39.16142,-86.54336134,LOCAL/CITY ROAD,N,URBAN,N,N,N,,DAYLIGHT,CLEAR,DRY,,NO JUNCTION INVOLVED,STRAIGHT/GRADE,ASPHALT,FOLLOWING TOO CLOSELY,REAR END,2NDSTEUCLIDAVE,LANE CONTROL,2019-07-12 07:52:00
INDIANA UNIV BLOOMINGTON PD,BLOOMINGTON,2,0.0,0.0,0.0,0.0,,,,N HEADLEY,,,1500.0,N,39.19111166,-86.5117616,LOCAL/CITY ROAD,N,URBAN,N,N,N,,DAWN/DUSK,CLEAR,DRY,,NO JUNCTION INVOLVED,CURVE/GRADE,ASPHALT,IMPROPER PASSING,SAME DIRECTION SIDESWIPE,HEADLEYRDMAPLECRESTDR,NONE,2019-07-13 21:10:00
MONROE SD,BLOOMINGTON,1,0.0,1.0,0.0,0.0,,,,SR 446,,,1250.0,N,39.18877724,-86.40941,STATE ROAD,N,RURAL,N,N,N,,DARK (NOT LIGHTED),CLEAR,DRY,,NO JUNCTION INVOLVED,CURVE/GRADE,ASPHALT,DRIVER ASLEEP OR FATIGUED,RAN OFF ROAD,SR446SWALDRIPCRK,LANE CONTROL,2019-07-13 03:35:00
BLOOMINGTON PD,BLOOMINGTON,2,0.0,2.0,0.0,0.0,,,,W 3RD,,,,,0.0,0.0,LOCAL/CITY ROAD,N,URBAN,N,N,N,,DAYLIGHT,CLEAR,DRY,,RAMP,STRAIGHT/LEVEL,CONCRETE,DISREGARD SIGNAL/REG SIGN,LEFT TURN,I69NWEST3RDST,TRAFFIC CONTROL SIGNAL,2019-07-13 17:06:00
BLOOMINGTON PD,BLOOMINGTON,2,0.0,0.0,0.0,0.0,,,,S WALNUT ST PIKE,E WINSLOW RD,,,,39.13599,-86.52881,LOCAL/CITY ROAD,N,URBAN,N,N,N,,DAYLIGHT,CLEAR,DRY,,FOUR-WAY INTERSECTION,STRAIGHT/LEVEL,ASPHALT,FAILURE TO YIELD RIGHT OF WAY,RIGHT ANGLE,EWINSLOWRDSWALNUTSTPIKE,STOP SIGN,2019-07-14 17:27:00
BLOOMINGTON PD,BLOOMINGTON,2,0.0,0.0,0.0,0.0,,,,E WINSLOW,S ALLENDALE RD,,,,39.136,-86.51592,LOCAL/CITY ROAD,N,URBAN,N,N,N,,DAWN/DUSK,CLEAR,DRY,,T-INTERSECTION,STRAIGHT/LEVEL,ASPHALT,FOLLOWING TOO CLOSELY,REAR END,ALLENDALEDRWINSLOWRD,STOP SIGN,2019-07-14 06:30:00
BLOOMINGTON PD,BLOOMINGTON,1,0.0,0.0,0.0,0.0,,,,N ADAMS,ILLINOS CENTRAL RAILROAD BRIDGE,,100.0,N,39.16884964,-86.5495696,LOCAL/CITY ROAD,N,URBAN,N,N,N,,DAYLIGHT,CLEAR,DRY,,NO JUNCTION INVOLVED,STRAIGHT/GRADE,ASPHALT,DISREGARD SIGNAL/REG SIGN,OTHER - EXPLAIN IN NARRATIVE,7THSTADAMSST,LANE CONTROL,2019-07-14 08:40:00
MONROE SD,BLOOMINGTON,2,0.0,0.0,0.0,0.0,,,,N MT GILEAD,E BOSHEARS RD,,600.0,E,39.18584,-86.46582187,COUNTY ROAD,Y,RURAL,N,N,N,,DAYLIGHT,CLEAR,DRY,,NO JUNCTION INVOLVED,STRAIGHT/LEVEL,ASPHALT,IMPROPER LANE USAGE,OPPOSITE DIRECTION SIDESWIPE,EBOSHEARSRDNMTGILEADRD,NONE,2019-07-14 18:53:00
MONROE SD,BLOOMINGTON,1,0.0,1.0,0.0,0.0,,,,N OLD SR 37,E WYLIE RD,,1689.0,S,39.07090868,-86.50099,LOCAL/CITY ROAD,N,RURAL,N,N,N,,DARK (NOT LIGHTED),CLEAR,DRY,,NO JUNCTION INVOLVED,CURVE/GRADE,ASPHALT,RAN OFF ROAD RIGHT,RAN OFF ROAD,NOLDSR37RDWYLIERD,LANE CONTROL,2019-07-14 05:16:00
MONROE SD,BLOOMINGTON,2,0.0,0.0,0.0,0.0,,,,S CURRY,W LOROY AVE,,1000.0,S,39.160848,-86.582816,LOCAL/CITY ROAD,N,URBAN,N,N,N,,DAYLIGHT,CLEAR,DRY,,NO JUNCTION INVOLVED,STRAIGHT/LEVEL,ASPHALT,UNSAFE LANE MOVEMENT,RAN OFF ROAD,SCURRYPIKEWLOROYAVE,LANE CONTROL,2019-07-14 10:53:00
BLOOMINGTON PD,BLOOMINGTON,2,0.0,0.0,0.0,0.0,,,,S DUNN,E 4TH ST,,,,39.16556,-86.52823,LOCAL/CITY ROAD,N,URBAN,N,N,N,,DAYLIGHT,CLEAR,DRY,,FOUR-WAY INTERSECTION,STRAIGHT/LEVEL,ASPHALT,FAILURE TO YIELD RIGHT OF WAY,LEFT/RIGHT TURN,E4THSTSDUNNST,STOP SIGN,2019-07-14 11:50:00
MONROE SD,BLOOMINGTON,1,0.0,0.0,0.0,0.0,,,,W OLD SR 37,E WYLIE RD,,500.0,N,39.30288737,-86.50099,LOCAL/CITY ROAD,Y,RURAL,N,N,N,,DAYLIGHT,CLEAR,DRY,,NO JUNCTION INVOLVED,CURVE/HILLCREST,ASPHALT,RAN OFF ROAD RIGHT,RAN OFF ROAD,OLDSTATEROAD37HWYWYLIERD,LANE CONTROL,2019-07-14 14:30:00
BLOOMINGTON PD,BLOOMINGTON,3,0.0,2.0,0.0,0.0,,,,S CURRY,SR 48,,100.0,N,39.164544,-86.560096,LOCAL/CITY ROAD,N,URBAN,N,N,N,,DAYLIGHT,CLEAR,DRY,,FOUR-WAY INTERSECTION,STRAIGHT/LEVEL,CONCRETE,FOLLOWING TOO CLOSELY,REAR END,SOUTHCURRYPIKEWEST3RDST,TRAFFIC CONTROL SIGNAL,2019-07-15 23:20:00
BLOOMINGTON PD,BLOOMINGTON,1,0.0,0.0,0.0,0.0,2424.0,,,N DUNN,,,,,39.19002776,-86.52844408,UNKNOWN,Y,URBAN,N,N,N,,DAYLIGHT,CLEAR,DRY,,NO JUNCTION INVOLVED,STRAIGHT/LEVEL,OTHER - EXPLAIN IN NARRATIVE,UNSAFE BACKING,OTHER - EXPLAIN IN NARRATIVE,NDUNNST,NONE,2019-07-15 16:45:00
MONROE SD,BLOOMINGTON,1,0.0,0.0,0.0,0.0,,,,SR 446,E MERRITT DR,,320.0,N,39.12653614,-86.42322,STATE ROAD,N,RURAL,N,N,N,,DARK (NOT LIGHTED),CLOUDY,WET,,NO JUNCTION INVOLVED,CURVE/HILLCREST,CONCRETE,SPEED TOO FAST FOR WEATHER CONDITIONS,RAN OFF ROAD,EMERRITTDRSR446S,NONE,2019-07-15 21:28:00
BLOOMINGTON PD,BLOOMINGTON,2,0.0,1.0,0.0,0.0,,,,W FOUNTAIN,N CRESCENT RD,,,,0.0,0.0,LOCAL/CITY ROAD,N,URBAN,N,N,N,,DAYLIGHT,CLEAR,DRY,,T-INTERSECTION,CURVE/LEVEL,ASPHALT,FAILURE TO YIELD RIGHT OF WAY,LEFT TURN,NCRESCENTRDWFOUNTAINDR,STOP SIGN,2019-07-15 14:42:00
BLOOMINGTON PD,BLOOMINGTON,2,0.0,0.0,0.0,0.0,,,,S CURRY,SR 48,,,,39.16464,-86.58296,LOCAL/CITY ROAD,N,URBAN,N,N,N,,DARK (NOT LIGHTED),RAIN,WET,,FOUR-WAY INTERSECTION,STRAIGHT/LEVEL,ASPHALT,FAILURE TO YIELD RIGHT OF WAY,HEAD ON BETWEEN TWO MOTOR VEHICLES,SOUTHCURRYPIKEWEST3RDST,TRAFFIC CONTROL SIGNAL,2019-07-16 22:33:00
BLOOMINGTON PD,BLOOMINGTON,2,0.0,0.0,0.0,0.0,,,,SR 45/46,E 17TH ST,,,,39.17984,-86.507088,STATE ROAD,Y,URBAN,N,N,N,,DAYLIGHT,CLOUDY,DRY,,T-INTERSECTION,CURVE/LEVEL,ASPHALT,FAILURE TO YIELD RIGHT OF WAY,REAR END,17THSTSR46E,TRAFFIC CONTROL SIGNAL,2019-07-16 06:55:00
MONROE SD,BLOOMINGTON,2,0.0,0.0,0.0,0.0,,,,N CURRY,W WOODYARD RD,,,,39.190672,-86.582992,COUNTY ROAD,N,RURAL,N,N,N,,DAYLIGHT,CLEAR,DRY,,FOUR-WAY INTERSECTION,STRAIGHT/LEVEL,ASPHALT,FAILURE TO YIELD RIGHT OF WAY,RIGHT TURN,NCURRYPIKEWWOODYARDRD,TRAFFIC CONTROL SIGNAL,2019-07-16 18:11:00
MONROE SD,BLOOMINGTON,1,0.0,1.0,0.0,0.0,,37,1,I-69 S,,,,,0.0,0.0,INTERSTATE,N,RURAL,N,N,N,,DAYLIGHT,CLOUDY,WET,,NO JUNCTION INVOLVED,CURVE/GRADE,ASPHALT,ROADWAY SURFACE CONDITION,RAN OFF ROAD,I69S,LANE CONTROL,2019-07-16 07:45:00
MONROE SD,BLOOMINGTON,2,0.0,0.0,0.0,0.0,,,,S VICTOR,,,,,39.105552,-86.551104,LOCAL/CITY ROAD,N,RURAL,N,N,N,,DAWN/DUSK,CLEAR,DRY,,FOUR-WAY INTERSECTION,STRAIGHT/LEVEL,ASPHALT,FOLLOWING TOO CLOSELY,REAR END,SVICTORPIKESR37N,NONE,2019-07-16 20:54:00
ISP BLOOMINGTON 33,BLOOMINGTON,2,0.0,0.0,0.0,0.0,,,,I-69 N,N SR 37 BUSINESS,Y,0.0,,0.0,0.0,INTERSTATE,N,RURAL,N,N,N,,DAYLIGHT,CLOUDY,WET,,NO JUNCTION INVOLVED,STRAIGHT/LEVEL,ASPHALT,UNSAFE LANE MOVEMENT,SAME DIRECTION SIDESWIPE,I69123.5,LANE CONTROL,2019-07-17 11:55:00
MONROE SD,BLOOMINGTON,2,0.0,0.0,0.0,0.0,,,,N BOTTOM,E WILEYRD,,500.0,S,39.19703694,-86.54779432,COUNTY ROAD,N,RURAL,N,N,N,,DAYLIGHT,CLEAR,DRY,,NO JUNCTION INVOLVED,CURVE/LEVEL,ASPHALT,LEFT OF CENTER,OPPOSITE DIRECTION SIDESWIPE,EWILEYRDNBOTTOMROADRD,NONE,2019-07-17 13:02:00
BLOOMINGTON PD,BLOOMINGTON,3,0.0,1.0,0.0,0.0,,,,N WALNUT,E KIRKWOOD AVE,,,,39.16664,-86.5336,LOCAL/CITY ROAD,N,URBAN,N,N,N,,DAYLIGHT,CLEAR,DRY,,FOUR-WAY INTERSECTION,STRAIGHT/LEVEL,CONCRETE,FOLLOWING TOO CLOSELY,REAR END,EKIRKWOODAVENWALNUTST,TRAFFIC CONTROL SIGNAL,2019-07-17 12:27:00
MONROE SD,BLOOMINGTON,2,0.0,0.0,0.0,0.0,,,,W COBBLESTONE,S STONECHASE CROSSING RD,,,,0.0,0.0,LOCAL/CITY ROAD,N,URBAN,N,N,N,,DAYLIGHT,RAIN,WET,,T-INTERSECTION,CURVE/GRADE,ASPHALT,UNSAFE BACKING,BACKING CRASH,COBBLESTONESTSTONECHASEXING,NONE,2019-07-17 11:35:00
BLOOMINGTON PD,BLOOMINGTON,2,0.0,0.0,0.0,0.0,,,,S LIBERTY,SR 45,,,,39.148755,-86.570905,LOCAL/CITY ROAD,Y,URBAN,N,N,N,,DAYLIGHT,CLEAR,DRY,,FOUR-WAY INTERSECTION,CURVE/LEVEL,ASPHALT,FOLLOWING TOO CLOSELY,REAR END,BLOOMFIELDRDLIBERTYDR,TRAFFIC CONTROL SIGNAL,2019-07-18 08:03:00
ELLETTSVILLE PD,ELLETTSVILLE,2,1.0,0.0,0.0,0.0,,,,SR 46,N SMITH PIKE,,100.0,W,39.21030898,-86.58348225,STATE ROAD,N,URBAN,N,N,N,,DAYLIGHT,CLEAR,DRY,,NO JUNCTION INVOLVED,STRAIGHT/LEVEL,ASPHALT,DRIVER DISTRACTED - EXPLAIN IN NARRATIVE,REAR END,NORTHSMITHPIKESR46W,LANE CONTROL,2019-07-18 18:00:00
INDIANA UNIV BLOOMINGTON PD,BLOOMINGTON,2,0.0,0.0,0.0,0.0,,,,E 3RD,S HIGHLAND AVE,,123.0,E,39.16427,-86.51773064,LOCAL/CITY ROAD,N,URBAN,N,N,N,,DAYLIGHT,CLEAR,DRY,,NO JUNCTION INVOLVED,STRAIGHT/LEVEL,ASPHALT,UNSAFE LANE MOVEMENT,SAME DIRECTION SIDESWIPE,HIGHLANDAVETHIRDST,LANE CONTROL,2019-07-18 19:45:00
ELLETTSVILLE PD,ELLETTSVILLE,2,0.0,0.0,0.0,0.0,,,,SR 46,N HARTSTRAIT RD,,,,39.22766,-86.61594,STATE ROAD,N,URBAN,N,N,N,,DARK (NOT LIGHTED),CLEAR,DRY,,FOUR-WAY INTERSECTION,STRAIGHT/LEVEL,ASPHALT,DISREGARD SIGNAL/REG SIGN,RIGHT ANGLE,HARTSTRAITRDSR46W,TRAFFIC CONTROL SIGNAL,2019-07-18 21:31:00
INDIANA UNIV BLOOMINGTON PD,BLOOMINGTON,2,0.0,0.0,0.0,0.0,1001.0,,,E 17TH,,,,,39.17896,-86.521088,UNKNOWN,N,URBAN,N,N,N,,DAYLIGHT,CLEAR,DRY,,NO JUNCTION INVOLVED,STRAIGHT/LEVEL,ASPHALT,UNSAFE BACKING,BACKING CRASH,EAST17THST,NONE,2019-07-18 15:48:00
BLOOMINGTON PD,BLOOMINGTON,2,0.0,1.0,0.0,0.0,,,,E GRAHAM,S MADISON ST,,,,0.0,0.0,LOCAL/CITY ROAD,N,URBAN,N,N,N,,DAYLIGHT,CLEAR,DRY,,FOUR-WAY INTERSECTION,STRAIGHT/LEVEL,ASPHALT,DISREGARD SIGNAL/REG SIGN,RIGHT ANGLE,EGRAHAMDRSMADISONST,STOP SIGN,2019-07-18 08:34:00
MONROE SD,BLOOMINGTON,1,0.0,0.0,0.0,0.0,,,,N UNION VALLEY,W MEADOWVALE DR,,,,39.22714,-86.59272,LOCAL/CITY ROAD,N,RURAL,N,N,N,,DAYLIGHT,CLEAR,DRY,,FOUR-WAY INTERSECTION,STRAIGHT/GRADE,ASPHALT,RAN OFF ROAD RIGHT,RAN OFF ROAD,MEADOWVALEDRUNIONVALLEYRD,NONE,2019-07-18 18:04:00
BLOOMINGTON PD,BLOOMINGTON,2,0.0,0.0,0.0,0.0,,,,RIDGEMONT,,,250.0,W,39.14922,-86.51740837,LOCAL/CITY ROAD,Y,URBAN,N,N,N,,DAYLIGHT,CLEAR,DRY,,NO JUNCTION INVOLVED,STRAIGHT/LEVEL,ASPHALT,FOLLOWING TOO CLOSELY,REAR END,HIGHLANDAVERIDGEMONTCT,NONE,2019-07-18 09:45:00
MONROE SD,BLOOMINGTON,2,0.0,0.0,0.0,0.0,,,,S CURRY,W LOROY AVE,,,,39.160848,-86.582816,LOCAL/CITY ROAD,N,URBAN,N,N,Y,INTERMITTENT OR MOVING WORK,DAYLIGHT,CLOUDY,DRY,,T-INTERSECTION,STRAIGHT/LEVEL,ASPHALT,UNSAFE LANE MOVEMENT,SAME DIRECTION SIDESWIPE,CURRYPIKELOROYAVE,LANE CONTROL,2019-07-18 12:21:00
BLOOMINGTON PD,BLOOMINGTON,2,0.0,0.0,0.0,0.0,,,,SR 46,E 3RD ST,,,,39.16422,-86.48275,LOCAL/CITY ROAD,N,URBAN,N,N,N,,DAYLIGHT,CLEAR,DRY,,FOUR-WAY INTERSECTION,CURVE/LEVEL,ASPHALT,FOLLOWING TOO CLOSELY,REAR END,E3RDSTIN46HWY,TRAFFIC CONTROL SIGNAL,2019-07-19 11:50:00
INDIANA UNIV BLOOMINGTON PD,BLOOMINGTON,2,0.0,0.0,0.0,0.0,,,,E 3RD,S SWAIN AVE,,,,39.16425,-86.51526,LOCAL/CITY ROAD,N,URBAN,N,N,N,,DAYLIGHT,CLEAR,DRY,,T-INTERSECTION,STRAIGHT/LEVEL,ASPHALT,IMPROPER TURNING,LEFT TURN,SWAINAVETHIRDST,LANE CONTROL,2019-07-19 17:40:00
BLOOMINGTON PD,BLOOMINGTON,2,0.0,0.0,0.0,0.0,,,,W 2ND,S PATTERSON DR,,,,39.16076,-86.54849,LOCAL/CITY ROAD,N,URBAN,N,N,N,,DARK (LIGHTED),CLEAR,DRY,,FOUR-WAY INTERSECTION,STRAIGHT/LEVEL,ASPHALT,FAILURE TO YIELD RIGHT OF WAY,RIGHT ANGLE,SPATTERSONAVEW2NDST,TRAFFIC CONTROL SIGNAL,2019-07-19 05:43:00
BLOOMINGTON PD,BLOOMINGTON,2,0.0,0.0,0.0,0.0,,,,N WALNUT,E 17TH ST,,,,39.178944,-86.533392,LOCAL/CITY ROAD,N,URBAN,N,N,N,,DAYLIGHT,CLEAR,DRY,,FOUR-WAY INTERSECTION,STRAIGHT/LEVEL,ASPHALT,UNSAFE LANE MOVEMENT,SAME DIRECTION SIDESWIPE,E17THSTNWALNUTST,NONE,2019-07-19 18:00:00