Agency,City,Vehicles Involved,Trailers Involved,Number Injured,Number Dead,Number Deer,House Number,Roadway Interchange,Roadway Ramp,Roadway Id,Intersecting Road,Interchange,Feet From,Direction,Latitude,Longitude,Roadway Class,Hit and Run?,Locality,School Zone?,Rumble Strips?,Construction?,Construction Type,Light Condition,Weather Conditions,Surface Condition,Type of Median,Roadway Junction Type,Road Character,Roadway Surface,Primary Factor,Manner of Collision,Unique Location Id,Traffic Control,DateTime
INDIANA UNIV BLOOMINGTON PD,BLOOMINGTON,2,0.0,0.0,0.0,0.0,,,,S HENDERSON,E ATWATER AVE,,,,39.16314,-86.52727,LOCAL/CITY ROAD,N,URBAN,N,N,N,,DAYLIGHT,CLEAR,DRY,,FOUR-WAY INTERSECTION,STRAIGHT/LEVEL,ASPHALT,DISREGARD SIGNAL/REG SIGN,RIGHT ANGLE,ATWATERAVEHENDERSONAVE,TRAFFIC CONTROL SIGNAL,2019-08-18 15:15:00
MONROE SD,BLOOMINGTON,2,0.0,2.0,0.0,0.0,,,,S WALNUT,S ORCHARD LN,,200.0,S,39.11584,-86.5312,COUNTY ROAD,N,RURAL,N,N,N,,DAYLIGHT,CLEAR,DRY,,NO JUNCTION INVOLVED,STRAIGHT/GRADE,ASPHALT,LEFT OF CENTER,HEAD ON BETWEEN TWO MOTOR VEHICLES,SOLDSTATE37RDSORCHARDLN,LANE CONTROL,2019-08-18 11:25:00
MONROE SD,ELLETTSVILLE,2,0.0,0.0,0.0,0.0,,,,SR 46,W ARLINGTON RD,,,,39.20763,-86.57988,STATE ROAD,N,RURAL,N,N,N,,DAYLIGHT,CLEAR,DRY,,T-INTERSECTION,CURVE/LEVEL,ASPHALT,FOLLOWING TOO CLOSELY,REAR END,NARLINIGTONRDSR46W,TRAFFIC CONTROL SIGNAL,2019-08-18 16:49:00
MONROE SD,BLOOMINGTON,1,0.0,0.0,0.0,0.0,,,,SR 48,W VERNAL PIKE,,500.0,W,39.16871806,-86.66283373,STATE ROAD,N,RURAL,N,N,N,,DARK (NOT LIGHTED),CLEAR,WET,,T-INTERSECTION,CURVE/LEVEL,ASPHALT,UNSAFE SPEED,RAN OFF ROAD,SR48WWVERNALPIKE,NONE,2019-08-18 21:30:00
MONROE SD,BLOOMINGTON,1,0.0,0.0,0.0,1.0,,,,SR 37,E DILLMAN RD,,1300.0,N,39.23017629,-86.54416,STATE ROAD,N,RURAL,N,N,N,,DAWN/DUSK,CLEAR,DRY,,NO JUNCTION INVOLVED,CURVE/GRADE,ASPHALT,ANIMAL/OBJECT IN ROADWAY,COLLISION WITH DEER,EASTDILMANRDSR37S,NONE,2019-08-18 06:40:00
MONROE SD,BLOOMINGTON,2,0.0,0.0,0.0,0.0,,,,I-69,W FULLERTON PIKE,,500.0,S,39.1212155,-86.57021033,STATE ROAD,N,URBAN,N,N,N,,DAYLIGHT,CLEAR,DRY,,RAMP,STRAIGHT/LEVEL,ASPHALT,UNSAFE LANE MOVEMENT,OTHER - EXPLAIN IN NARRATIVE,FULLERTONPIKESR37N,NONE,2019-08-18 13:20:00
MONROE SD,BLOOMINGTON,1,0.0,0.0,0.0,0.0,,,,SR 45,S DUNLAP RD,,200.0,W,39.11902366,-86.61946886,STATE ROAD,N,RURAL,N,N,N,,DARK (NOT LIGHTED),CLEAR,DRY,,T-INTERSECTION,CURVE/LEVEL,ASPHALT,ANIMAL/OBJECT IN ROADWAY,COLLISION WITH ANIMAL OTHER,SDUNLAPRDSR45W,NONE,2019-08-18 21:46:00
BLOOMINGTON PD,BLOOMINGTON,4,0.0,0.0,0.0,0.0,,,,SR 46,E EASTGATE LN,,100.0,S,39.16998405,-86.50126402,STATE ROAD,N,URBAN,N,N,N,,DAYLIGHT,CLEAR,DRY,,NO JUNCTION INVOLVED,STRAIGHT/GRADE,ASPHALT,FOLLOWING TOO CLOSELY,REAR END,EASTGATELNSR46S,NONE,2019-08-19 11:31:00
ELLETTSVILLE PD,ELLETTSVILLE,3,0.0,0.0,0.0,0.0,,,,SR 46,N HARTSTRAIT RD,,150.0,W,39.22766,-86.615927,STATE ROAD,N,URBAN,N,N,N,,DAYLIGHT,CLEAR,DRY,,T-INTERSECTION,STRAIGHT/LEVEL,ASPHALT,DRIVER DISTRACTED - EXPLAIN IN NARRATIVE,REAR END,HARTSTRAITRDSR46W,TRAFFIC CONTROL SIGNAL,2019-08-19 17:10:00
ELLETTSVILLE PD,ELLETTSVILLE,2,0.0,3.0,0.0,0.0,,,,SR 46,N LAKEVIEW DR,,50.0,W,39.22123484,-86.60574082,STATE ROAD,N,URBAN,N,N,N,,DAYLIGHT,CLEAR,DRY,,NO JUNCTION INVOLVED,STRAIGHT/GRADE,ASPHALT,FAILURE TO YIELD RIGHT OF WAY,RIGHT ANGLE,NLAKEVIEWDRSR46W,NONE,2019-08-19 03:34:00
MONROE SD,BLOOMINGTON,1,0.0,0.0,0.0,0.0,,,,SR 48,W VERNAL PIKE,,3500.0,W,39.16958455,-86.67299335,STATE ROAD,N,RURAL,N,N,N,,DAYLIGHT,CLEAR,DRY,,NO JUNCTION INVOLVED,STRAIGHT/LEVEL,ASPHALT,RAN OFF ROAD RIGHT,RAN OFF ROAD,SR48WWVERNALPIKE,NONE,2019-08-19 17:57:00
BLOOMINGTON PD,BLOOMINGTON,1,0.0,1.0,0.0,0.0,,,,S COLLEGE MALL,E COVENANTER DR,,,,39.155152,-86.497888,LOCAL/CITY ROAD,N,URBAN,N,N,N,,DAYLIGHT,CLEAR,DRY,,FOUR-WAY INTERSECTION,STRAIGHT/LEVEL,ASPHALT,FAILURE TO YIELD RIGHT OF WAY,RIGHT ANGLE,COLLEGEMALLRDCOVENANTERDR,TRAFFIC CONTROL SIGNAL,2019-08-19 09:23:00
MONROE SD,BLOOMINGTON,2,0.0,0.0,0.0,0.0,,,,SR 37,E SMITHVILLE RD,,,,39.071056,-86.5356,STATE ROAD,N,RURAL,N,Y,Y,LANE CLOSURE,DAYLIGHT,CLEAR,DRY,,NO JUNCTION INVOLVED,STRAIGHT/LEVEL,ASPHALT,FOLLOWING TOO CLOSELY,REAR END,ESMITHVILLERDSR37S,NONE,2019-08-19 08:54:00
MONROE SD,BLOOMINGTON,2,0.0,0.0,0.0,0.0,,,,E SMITHVILLE,S FAIRFAX RD,,,,39.071152,-86.503088,LOCAL/CITY ROAD,N,RURAL,N,N,N,,DAYLIGHT,CLEAR,DRY,,FOUR-WAY INTERSECTION,STRAIGHT/LEVEL,ASPHALT,FOLLOWING TOO CLOSELY,REAR END,ESMITHVILLERDSFAIRFAXRD,STOP SIGN,2019-08-19 20:14:00
MONROE SD,BLOOMINGTON,1,0.0,0.0,0.0,0.0,,,,I-69 N,,,250.0,N,41.28828669,-85.08707972,INTERSTATE,N,RURAL,N,N,N,,DAYLIGHT,CLEAR,DRY,,NO JUNCTION INVOLVED,STRAIGHT/LEVEL,ASPHALT,OTHER (ENVIRONMENTAL) - EXPLAIN IN NARR,COLLISION WITH OBJECT IN ROAD,I69N123.5,NONE,2019-08-19 15:13:00
BLOOMINGTON PD,BLOOMINGTON,2,0.0,0.0,0.0,0.0,,,,W COUNTRYSIDE,S ZONA CT,,,,39.14317,-86.54632,LOCAL/CITY ROAD,N,URBAN,N,N,N,,DAYLIGHT,CLEAR,DRY,,T-INTERSECTION,STRAIGHT/LEVEL,ASPHALT,UNSAFE BACKING,BACKING CRASH,SZONACTWCOUNTRYSIDELN,NONE,2019-08-19 10:43:00
BLOOMINGTON PD,BLOOMINGTON,3,0.0,2.0,0.0,0.0,,,,E 3RD,S COLLEGE MALL RD,,,,39.16424,-86.4984,LOCAL/CITY ROAD,N,URBAN,N,N,N,,DAYLIGHT,RAIN,WET,,FOUR-WAY INTERSECTION,STRAIGHT/LEVEL,ASPHALT,FOLLOWING TOO CLOSELY,REAR END,E3RDSTSCOLLEGEMALLRD,TRAFFIC CONTROL SIGNAL,2019-08-20 16:00:00
BLOOMINGTON PD,BLOOMINGTON,2,0.0,1.0,0.0,0.0,,,,SR 45/46,N KINSER PIKE,,,,39.186544,-86.537888,STATE ROAD,N,URBAN,N,N,N,,DAYLIGHT,RAIN,WET,,NO JUNCTION INVOLVED,STRAIGHT/LEVEL,ASPHALT,SPEED TOO FAST FOR WEATHER CONDITIONS,REAR END,NKINSERPIKESR46E,TRAFFIC CONTROL SIGNAL,2019-08-20 16:10:00
BLOOMINGTON PD,BLOOMINGTON,2,0.0,0.0,0.0,0.0,,,,E WINSLOW,S WALNUT ST PIKE,,,,39.136144,-86.528688,LOCAL/CITY ROAD,N,URBAN,N,N,Y,INTERMITTENT OR MOVING WORK,DAYLIGHT,RAIN,WET,,FOUR-WAY INTERSECTION,STRAIGHT/GRADE,ASPHALT,FOLLOWING TOO CLOSELY,REAR END,EWINSLOWRDSWALNUTSTREETPIKE,NONE,2019-08-20 15:31:00
INDIANA UNIV BLOOMINGTON PD,BLOOMINGTON,2,0.0,0.0,0.0,0.0,,,,N UNION,E 10TH ST,,,,39.17157,-86.50945,LOCAL/CITY ROAD,N,URBAN,N,N,N,,DAYLIGHT,CLEAR,DRY,,NO JUNCTION INVOLVED,STRAIGHT/LEVEL,ASPHALT,UNSAFE BACKING,BACKING CRASH,TENTHSTUNIONST,NONE,2019-08-20 13:25:00
BLOOMINGTON PD,BLOOMINGTON,2,0.0,0.0,0.0,0.0,,,,S WALNUT,E 4TH ST,,100.0,S,39.165648,-86.5336,LOCAL/CITY ROAD,Y,URBAN,N,N,N,,DAYLIGHT,RAIN,WET,,FOUR-WAY INTERSECTION,STRAIGHT/LEVEL,ASPHALT,UNSAFE LANE MOVEMENT,REAR END,E4THSTSWALNUTST,TRAFFIC CONTROL SIGNAL,2019-08-20 15:19:00
BLOOMINGTON PD,BLOOMINGTON,2,0.0,0.0,0.0,0.0,,,,N COLLEGE,W 7TH ST,,,,39.168656,-86.534784,LOCAL/CITY ROAD,N,URBAN,N,N,N,,DAYLIGHT,RAIN,WET,,FOUR-WAY INTERSECTION,STRAIGHT/LEVEL,ASPHALT,UNSAFE LANE MOVEMENT,LEFT/RIGHT TURN,E7THSTNCOLLEGEAVE,TRAFFIC CONTROL SIGNAL,2019-08-20 14:26:00
BLOOMINGTON PD,BLOOMINGTON,2,0.0,0.0,0.0,0.0,,,,E 3RD,S OVERHILL DR,,,,39.164272,-86.501488,LOCAL/CITY ROAD,N,URBAN,N,N,N,,DAYLIGHT,CLEAR,WET,,T-INTERSECTION,STRAIGHT/LEVEL,ASPHALT,FAILURE TO YIELD RIGHT OF WAY,RIGHT ANGLE,E3RDSTSOVERHILLDR,NONE,2019-08-20 18:12:00
BLOOMINGTON PD,BLOOMINGTON,2,0.0,1.0,0.0,0.0,,,,SR 46,E 7TH ST,,,,39.167648,-86.500096,STATE ROAD,N,URBAN,N,N,N,,DAYLIGHT,CLOUDY,DRY,,NO JUNCTION INVOLVED,STRAIGHT/LEVEL,ASPHALT,FOLLOWING TOO CLOSELY,REAR END,7THSTSR46E,NONE,2019-08-20 12:25:00
INDIANA UNIV BLOOMINGTON PD,BLOOMINGTON,2,0.0,0.0,0.0,0.0,,,,E 3RD,E SWAIN AVE,,50.0,W,0.0,0.0,LOCAL/CITY ROAD,N,URBAN,N,N,N,,DAYLIGHT,CLOUDY,WET,,NO JUNCTION INVOLVED,STRAIGHT/LEVEL,ASPHALT,UNSAFE LANE MOVEMENT,LEFT TURN,3RDSTSWAINAVE,NONE,2019-08-20 17:20:00
MONROE SD,BLOOMINGTON,1,0.0,0.0,0.0,0.0,,,,E SMITHVILLE,S ZIKES RD,,900.0,W,39.071344,-86.5252,LOCAL/CITY ROAD,N,URBAN,N,N,N,,DAYLIGHT,CLEAR,WET,,NO JUNCTION INVOLVED,CURVE/GRADE,ASPHALT,RAN OFF ROAD RIGHT,RAN OFF ROAD,ESMITHVILLERDSZIKESRD,NONE,2019-08-20 17:44:00
BLOOMINGTON PD,BLOOMINGTON,2,0.0,0.0,0.0,0.0,,,,S CURRY,INDUSTRIAL BLVD,,,,39.14393,-86.58262,LOCAL/CITY ROAD,N,URBAN,N,N,N,,DAYLIGHT,CLOUDY,WET,,T-INTERSECTION,STRAIGHT/LEVEL,ASPHALT,FOLLOWING TOO CLOSELY,REAR END,SCURRYPIKEWINDUSTRIALBLVD,NONE,2019-08-20 17:00:00
BLOOMINGTON PD,BLOOMINGTON,2,0.0,0.0,0.0,0.0,,,,S ROGERS,W DODDS ST,,400.0,S,39.11517993,-86.5387,LOCAL/CITY ROAD,N,URBAN,N,N,N,,DAYLIGHT,CLEAR,WET,,T-INTERSECTION,STRAIGHT/LEVEL,ASPHALT,SPEED TOO FAST FOR WEATHER CONDITIONS,REAR END,SROGERSSTWDODDSST,NONE,2019-08-20 16:57:00
BLOOMINGTON PD,BLOOMINGTON,1,0.0,0.0,0.0,0.0,3291.0,,,S WALNUT ST PIKE,,,,,39.165648,-86.5336,LOCAL/CITY ROAD,N,URBAN,N,N,N,,DAYLIGHT,CLEAR,DRY,,NO JUNCTION INVOLVED,STRAIGHT/GRADE,CONCRETE,RAN OFF ROAD RIGHT,RAN OFF ROAD,SWALNUTSTPIKE,NONE,2019-08-20 18:54:00
MONROE SD,BLOOMINGTON,3,0.0,1.0,0.0,0.0,,,,W RATLIFF,N HARTSTRAIT RD,,,,39.20911,-86.61138,LOCAL/CITY ROAD,N,URBAN,N,N,N,,DAYLIGHT,RAIN,WET,,T-INTERSECTION,STRAIGHT/HILLCREST,ASPHALT,FOLLOWING TOO CLOSELY,REAR END,NHARTSTRAITRDWRATLIFFRD,NONE,2019-08-20 14:58:00
MONROE SD,BLOOMINGTON,1,0.0,0.0,0.0,0.0,,,,W VERNAL,N THOMAS RD,,630.0,E,39.18904,-86.630096,LOCAL/CITY ROAD,N,RURAL,N,N,N,,DAYLIGHT,CLEAR,WET,,NO JUNCTION INVOLVED,CURVE/LEVEL,CONCRETE,SPEED TOO FAST FOR WEATHER CONDITIONS,RAN OFF ROAD,NTHOMASRDWVERNALPIKE,NONE,2019-08-20 17:08:00
INDIANA UNIV BLOOMINGTON PD,BLOOMINGTON,2,0.0,0.0,0.0,0.0,,,,SR 45/46,E 10TH ST,,,,39.171648,-86.502096,STATE ROAD,N,URBAN,N,N,N,,DAYLIGHT,CLEAR,DRY,,FOUR-WAY INTERSECTION,STRAIGHT/LEVEL,ASPHALT,FOLLOWING TOO CLOSELY,REAR END,10THSTSR46S,TRAFFIC CONTROL SIGNAL,2019-08-21 15:05:00
INDIANA UNIV BLOOMINGTON PD,BLOOMINGTON,2,0.0,0.0,0.0,0.0,,,,E 3RD,S ARBUTUS DR,,150.0,N,39.18013153,-86.51217,UNKNOWN,N,URBAN,Y,N,N,,DAYLIGHT,CLEAR,DRY,,NO JUNCTION INVOLVED,CURVE/LEVEL,ASPHALT,UNSAFE BACKING,BACKING CRASH,E3RDSTSARBUTUSDR,NONE,2019-08-21 14:30:00
INDIANA UNIV BLOOMINGTON PD,BLOOMINGTON,2,0.0,0.0,0.0,0.0,,,,E 9TH,N PARK AVE,,50.0,W,39.17044,-86.52463567,LOCAL/CITY ROAD,N,URBAN,N,N,N,,DAWN/DUSK,CLEAR,DRY,,NO JUNCTION INVOLVED,STRAIGHT/LEVEL,OTHER - EXPLAIN IN NARRATIVE,IMPROPER PASSING,SAME DIRECTION SIDESWIPE,NINTHSTPARKAVE,NONE,2019-08-21 20:35:00
BLOOMINGTON PD,BLOOMINGTON,2,0.0,1.0,0.0,0.0,,,,E UNIVERSITY,S HENDERSON ST,,,,39.15212,-86.52696499,LOCAL/CITY ROAD,N,URBAN,N,N,N,,DAYLIGHT,CLEAR,DRY,,T-INTERSECTION,STRAIGHT/LEVEL,ASPHALT,FAILURE TO YIELD RIGHT OF WAY,RIGHT ANGLE,EUNIVERSITYSTSHENDERSONST,STOP SIGN,2019-08-21 16:53:00
ELLETTSVILLE PD,ELLETTSVILLE,2,0.0,0.0,0.0,0.0,,,,S 1ST,E RITTER ST,,,,39.229424,-86.623584,LOCAL/CITY ROAD,N,URBAN,N,N,N,,DAYLIGHT,CLEAR,DRY,,NO JUNCTION INVOLVED,STRAIGHT/GRADE,ASPHALT,FAILURE TO YIELD RIGHT OF WAY,RIGHT ANGLE,FIRSTSTRITTERST,NONE,2019-08-21 14:08:00
MONROE SD,BLOOMINGTON,2,0.0,0.0,0.0,0.0,,,,SR 48,S FIELDSTONE BLVD,,,,39.164848,-86.602112,STATE ROAD,N,URBAN,N,N,N,,DAYLIGHT,CLEAR,DRY,,T-INTERSECTION,STRAIGHT/LEVEL,ASPHALT,FAILURE TO YIELD RIGHT OF WAY,RIGHT ANGLE,FIELDSTONEBLVDSR48W,LANE CONTROL,2019-08-21 23:59:00
BLOOMINGTON PD,BLOOMINGTON,2,0.0,0.0,0.0,0.0,,,,SR 46,S PETE ELLIS DR,,,,39.16424,-86.495088,LOCAL/CITY ROAD,N,URBAN,N,N,N,,DAYLIGHT,CLOUDY,DRY,,FOUR-WAY INTERSECTION,STRAIGHT/GRADE,ASPHALT,FOLLOWING TOO CLOSELY,RAN OFF ROAD,E3RDSTSPETEELLISDR,TRAFFIC CONTROL SIGNAL,2019-08-22 14:05:00
INDIANA UNIV BLOOMINGTON PD,BLOOMINGTON,2,0.0,1.0,0.0,0.0,,,,SR 45/46,SR 45,,,,39.18629503,-86.53072499,US ROUTE,N,URBAN,N,N,N,,DAYLIGHT,RAIN,WET,,FOUR-WAY INTERSECTION,STRAIGHT/LEVEL,ASPHALT,FOLLOWING TOO CLOSELY,REAR END,SR45SR46,TRAFFIC CONTROL SIGNAL,2019-08-22 20:10:00
BLOOMINGTON PD,BLOOMINGTON,2,0.0,1.0,0.0,0.0,,,,E 3RD,S COLLEGE MALL RD,,,,39.16424,-86.4984,LOCAL/CITY ROAD,N,URBAN,N,N,N,,DAYLIGHT,CLOUDY,DRY,,FOUR-WAY INTERSECTION,STRAIGHT/LEVEL,ASPHALT,FOLLOWING TOO CLOSELY,REAR END,3RDSTCOLLEGEMALLRD,TRAFFIC CONTROL SIGNAL,2019-08-22 12:42:00
BLOOMINGTON PD,BLOOMINGTON,2,0.0,0.0,0.0,0.0,,,,N WALNUT,SR 45/46,,100.0,S,39.17579968,-86.53454,LOCAL/CITY ROAD,N,URBAN,N,N,N,,DAYLIGHT,CLOUDY,DRY,,NO JUNCTION INVOLVED,STRAIGHT/LEVEL,ASPHALT,FAILURE TO YIELD RIGHT OF WAY,RIGHT ANGLE,4546BYPNWALNUTST,NONE,2019-08-22 11:59:00
INDIANA UNIV BLOOMINGTON PD,BLOOMINGTON,2,0.0,0.0,0.0,0.0,,,,S SWAIN,E 3RD ST,,,,39.16425,-86.51526,LOCAL/CITY ROAD,N,URBAN,N,N,N,,DAYLIGHT,CLOUDY,WET,,T-INTERSECTION,STRAIGHT/LEVEL,ASPHALT,IMPROPER TURNING,LEFT TURN,SWAINAVETHIRDST,NONE,2019-08-22 19:45:00
BLOOMINGTON PD,BLOOMINGTON,2,0.0,1.0,0.0,0.0,,,,SR 48,S GATES DR,,,,39.16459,-86.5762,LOCAL/CITY ROAD,N,URBAN,N,N,N,,DAYLIGHT,CLOUDY,DRY,,FOUR-WAY INTERSECTION,STRAIGHT/LEVEL,ASPHALT,DRIVER ILLNESS,SAME DIRECTION SIDESWIPE,SGATESDRW3RDST,TRAFFIC CONTROL SIGNAL,2019-08-22 11:45:00
BLOOMINGTON PD,BLOOMINGTON,2,0.0,0.0,0.0,0.0,,,,S WALNUT,E GRIMES LN,,,,0.0,0.0,LOCAL/CITY ROAD,N,URBAN,N,N,N,,DAYLIGHT,CLOUDY,DRY,,FOUR-WAY INTERSECTION,STRAIGHT/LEVEL,ASPHALT,FAILURE TO YIELD RIGHT OF WAY,RIGHT ANGLE,GRIMESAVEWALNUTST,TRAFFIC CONTROL SIGNAL,2019-08-22 12:20:00
INDIANA UNIV BLOOMINGTON PD,BLOOMINGTON,2,0.0,0.0,0.0,0.0,,,,E 3RD,S FESS AVE,,100.0,E,39.16429,-86.52587865,LOCAL/CITY ROAD,N,URBAN,N,N,N,,DAYLIGHT,CLOUDY,WET,,NO JUNCTION INVOLVED,STRAIGHT/LEVEL,ASPHALT,FOLLOWING TOO CLOSELY,REAR END,FESSAVETHIRDST,NONE,2019-08-22 19:18:00
BLOOMINGTON PD,BLOOMINGTON,1,0.0,1.0,0.0,0.0,,,,S PATTERSON,W 2ND ST,,125.0,S,39.14754324,-86.54849,LOCAL/CITY ROAD,N,URBAN,N,N,N,,DARK (LIGHTED),CLOUDY,WET,,NO JUNCTION INVOLVED,STRAIGHT/LEVEL,ASPHALT,PEDESTRIAN ACTION,COLLISION WITH OBJECT IN ROAD,2NDSTPATTERSONDR,LANE CONTROL,2019-08-22 22:17:00
ELLETTSVILLE PD,ELLETTSVILLE,2,0.0,0.0,0.0,0.0,,,,SR 46,N OUTBACK RD,,,,39.21507,-86.592785,STATE ROAD,N,URBAN,N,N,N,,DARK (NOT LIGHTED),CLEAR,WET,,FOUR-WAY INTERSECTION,STRAIGHT/LEVEL,ASPHALT,FAILURE TO YIELD RIGHT OF WAY,LEFT TURN,NORTHOUTBACKCTSR46W,TRAFFIC CONTROL SIGNAL,2019-08-22 20:57:00
MONROE SD,BLOOMINGTON,2,0.0,0.0,0.0,0.0,,,,N SMITH,W WOODYARD RD,,,,0.0,0.0,COUNTY ROAD,N,RURAL,N,N,N,,DAYLIGHT,CLEAR,DRY,,NO JUNCTION INVOLVED,STRAIGHT/LEVEL,ASPHALT,OTHER (DRIVER) - EXPLAIN IN NARRATIVE,REAR END,SMITHPIKEPIKEWOODYARDRD,NONE,2019-08-22 18:33:00
ISP BLOOMINGTON 33,ELLETTSVILLE,3,0.0,0.0,0.0,0.0,,,,SR 46,W ARLINGTON RD,,,,39.187184,-86.551408,STATE ROAD,N,RURAL,N,N,N,,DAYLIGHT,RAIN,WET,,FOUR-WAY INTERSECTION,STRAIGHT/LEVEL,ASPHALT,FOLLOWING TOO CLOSELY,REAR END,ARLINGTONRDSR46,TRAFFIC CONTROL SIGNAL,2019-08-22 14:50:00
MONROE SD,BLOOMINGTON,1,0.0,0.0,0.0,0.0,,,,E SAMPLE,W OLD SR 37,,4000.0,W,39.25864,-86.5012,LOCAL/CITY ROAD,N,RURAL,N,N,N,,DAYLIGHT,CLOUDY,WET,,NO JUNCTION INVOLVED,CURVE/GRADE,ASPHALT,RAN OFF ROAD RIGHT,RAN OFF ROAD,ESAMPLERDNOLDSR37RD,NONE,2019-08-22 15:18:00
BLOOMINGTON PD,BLOOMINGTON,2,0.0,0.0,0.0,0.0,,,,E MOORES,S COLLEGE MALL RD,,60.0,W,39.150448,-86.498,LOCAL/CITY ROAD,Y,URBAN,N,N,N,,DAYLIGHT,CLOUDY,WET,,FOUR-WAY INTERSECTION,STRAIGHT/GRADE,ASPHALT,UNSAFE LANE MOVEMENT,SAME DIRECTION SIDESWIPE,EMOORESPIKESCOLLEGEMALLRD,NONE,2019-08-22 18:55:00
BLOOMINGTON PD,BLOOMINGTON,1,0.0,1.0,0.0,0.0,,,,E 7TH,N INDIANA AVE,,,,39.16864,-86.526944,LOCAL/CITY ROAD,N,URBAN,N,N,N,,DAYLIGHT,CLOUDY,DRY,,FOUR-WAY INTERSECTION,STRAIGHT/LEVEL,ASPHALT,IMPROPER TURNING,LEFT TURN,7THSTINDIANAAVE,STOP SIGN,2019-08-22 09:49:00
ELLETTSVILLE PD,ELLETTSVILLE,1,0.0,0.0,0.0,0.0,,,,E MIAMI,S SHAWNEE DR,,150.0,E,39.220816,-86.622288,LOCAL/CITY ROAD,N,URBAN,N,N,N,,DARK (NOT LIGHTED),CLEAR,DRY,,NO JUNCTION INVOLVED,STRAIGHT/LEVEL,ASPHALT,RAN OFF ROAD RIGHT,RAN OFF ROAD,MIAMISTSHAWNEEDR,OTHER,2019-08-22 00:27:00
MONROE SD,ELLETTSVILLE,2,0.0,0.0,0.0,0.0,,,,N UNION VALLEY,W MCNEELY ST,,,,39.2375,-86.59278,LOCAL/CITY ROAD,N,RURAL,N,N,N,,DAWN/DUSK,CLOUDY,WET,,T-INTERSECTION,STRAIGHT/HILLCREST,ASPHALT,SPEED TOO FAST FOR WEATHER CONDITIONS,RIGHT ANGLE,NUNIONVALLEYRDWMCNEELYST,STOP SIGN,2019-08-22 07:39:00
BLOOMINGTON PD,BLOOMINGTON,1,0.0,0.0,0.0,0.0,3004.0,,,S ACADIA,ACADIA CT,,,,39.13603958,-86.518496,UNKNOWN,Y,URBAN,N,N,N,,DAYLIGHT,RAIN,WET,,T-INTERSECTION,NON-ROADWAY CRASH,ASPHALT,ROADWAY SURFACE CONDITION,RAN OFF ROAD,SACADIACT,STOP SIGN,2019-08-22 18:35:00
BLOOMINGTON PD,BLOOMINGTON,2,0.0,0.0,0.0,0.0,,,,S ROGERS,W DODDS ST,,,,39.15747,-86.5387,LOCAL/CITY ROAD,N,URBAN,N,N,N,,DAYLIGHT,CLOUDY,DRY,,FOUR-WAY INTERSECTION,STRAIGHT/LEVEL,ASPHALT,FOLLOWING TOO CLOSELY,REAR END,DODDSSTROGERSST,STOP SIGN,2019-08-22 09:43:00
MONROE SD,BLOOMINGTON,1,0.0,0.0,0.0,0.0,,,,SR 46,W FLATWOODS RD,,500.0,W,39.25373018,-86.6545366,STATE ROAD,N,RURAL,N,N,N,,DAYLIGHT,CLOUDY,DRY,,NO JUNCTION INVOLVED,CURVE/GRADE,ASPHALT,RAN OFF ROAD RIGHT,RAN OFF ROAD,FLATWOODSRDSR46W,NONE,2019-08-22 16:39:00
INDIANA UNIV BLOOMINGTON PD,BLOOMINGTON,2,0.0,0.0,0.0,0.0,,,,SR 45/46,E 10TH ST,,,,39.18629503,-86.53072499,STATE ROAD,N,URBAN,N,N,N,,DAYLIGHT,CLEAR,DRY,,FOUR-WAY INTERSECTION,STRAIGHT/LEVEL,ASPHALT,FOLLOWING TOO CLOSELY,REAR END,SR45SR46,TRAFFIC CONTROL SIGNAL,2019-08-23 13:50:00
INDIANA UNIV BLOOMINGTON PD,BLOOMINGTON,2,0.0,0.0,0.0,0.0,,,,E 3RD,S JORDAN AVE,,,,39.16426,-86.51642,LOCAL/CITY ROAD,N,URBAN,N,N,N,,DAYLIGHT,CLEAR,DRY,,FOUR-WAY INTERSECTION,STRAIGHT/LEVEL,ASPHALT,IMPROPER TURNING,LEFT TURN,JORDANAVETHIRDST,LANE CONTROL,2019-08-23 17:40:00
BLOOMINGTON PD,BLOOMINGTON,2,0.0,0.0,0.0,0.0,,,,N COLLEGE,W 7TH ST,,,,39.168656,-86.534784,LOCAL/CITY ROAD,N,URBAN,N,N,N,,DAYLIGHT,CLEAR,DRY,,FOUR-WAY INTERSECTION,STRAIGHT/LEVEL,ASPHALT,DISREGARD SIGNAL/REG SIGN,RIGHT ANGLE,NCOLLEGEAVEW7THST,TRAFFIC CONTROL SIGNAL,2019-08-23 14:31:00
BLOOMINGTON PD,BLOOMINGTON,2,0.0,1.0,0.0,0.0,,,,SR 46,E 7TH ST,,,,39.167648,-86.500096,STATE ROAD,N,URBAN,N,N,N,,DAYLIGHT,CLEAR,DRY,,NO JUNCTION INVOLVED,STRAIGHT/GRADE,ASPHALT,FOLLOWING TOO CLOSELY,REAR END,7THSTSR46E,NONE,2019-08-23 12:00:00
MONROE SD,BLOOMINGTON,2,1.0,0.0,0.0,0.0,,,,SR 37,S ZIKES RD,,150.0,N,39.04986797,-86.53588243,STATE ROAD,N,RURAL,N,Y,Y,LANE CLOSURE,DAYLIGHT,CLEAR,DRY,,NO JUNCTION INVOLVED,STRAIGHT/LEVEL,ASPHALT,FAILURE TO YIELD RIGHT OF WAY,SAME DIRECTION SIDESWIPE,SOUTHZIKESRDSR37S,LANE CONTROL,2019-08-23 17:00:00