Agency,City,Vehicles Involved,Trailers Involved,Number Injured,Number Dead,Number Deer,House Number,Roadway Interchange,Roadway Ramp,Roadway Id,Intersecting Road,Interchange,Feet From,Direction,Latitude,Longitude,Roadway Class,Hit and Run?,Locality,School Zone?,Rumble Strips?,Construction?,Construction Type,Light Condition,Weather Conditions,Surface Condition,Type of Median,Roadway Junction Type,Road Character,Roadway Surface,Primary Factor,Manner of Collision,Unique Location Id,Traffic Control,DateTime
BLOOMINGTON PD,BLOOMINGTON,2,0.0,0.0,0.0,0.0,,,,E 2ND,S HENDERSON ST,,,,39.16136,-86.52722,LOCAL/CITY ROAD,N,URBAN,N,N,N,,DAYLIGHT,CLEAR,DRY,,T-INTERSECTION,STRAIGHT/GRADE,ASPHALT,WRONG WAY ON ONE WAY,RIGHT ANGLE,2NDSTHENDERSONST,LANE CONTROL,2019-08-23 16:51:00
MONROE SD,BLOOMINGTON,2,0.0,0.0,0.0,0.0,,,,N UNION VALLEY,W LYNWEST DR,,,,39.21584,-86.5928,COUNTY ROAD,N,RURAL,N,N,N,,DAYLIGHT,CLEAR,DRY,,FOUR-WAY INTERSECTION,STRAIGHT/GRADE,ASPHALT,FAILURE TO YIELD RIGHT OF WAY,RIGHT ANGLE,LYNWESTDRUNIONVALLEYRD,NONE,2019-08-23 15:59:00
ISP BLOOMINGTON 33,BLOOMINGTON,2,0.0,0.0,0.0,0.0,,,,S SARE,S CATHCART RD,,,,39.14882,-86.49906,LOCAL/CITY ROAD,N,URBAN,N,N,N,,DAWN/DUSK,CLEAR,DRY,,T-INTERSECTION,STRAIGHT/GRADE,ASPHALT,FAILURE TO YIELD RIGHT OF WAY,RIGHT ANGLE,EASTCATHCARTSTSOUTHSARERD,LANE CONTROL,2019-08-23 20:24:00
BLOOMINGTON PD,BLOOMINGTON,4,0.0,2.0,0.0,0.0,,,,SR 45/46,,,1000.0,W,39.18692,-86.54656345,LOCAL/CITY ROAD,N,URBAN,N,N,Y,LANE CLOSURE,DAYLIGHT,CLEAR,DRY,,NO JUNCTION INVOLVED,STRAIGHT/LEVEL,CONCRETE,FOLLOWING TOO CLOSELY,REAR END,NORTHSTONELAKEDRWESTSTATEROAD4546BYP,NONE,2019-08-23 16:17:00
MONROE SD,BLOOMINGTON,2,0.0,0.0,0.0,0.0,,,,W CEDAR CHASE,W RED ROCK RD,,2400.0,W,39.131712,-86.58536,LOCAL/CITY ROAD,N,URBAN,N,N,N,,DAYLIGHT,CLOUDY,DRY,,NO JUNCTION INVOLVED,STRAIGHT/LEVEL,ASPHALT,UNSAFE BACKING,BACKING CRASH,WCEDARCHASEDRWREDROCKRD,NONE,2019-08-23 19:31:00
BLOOMINGTON PD,BLOOMINGTON,1,0.0,1.0,0.0,0.0,,,,W OLD SR 37,W GOURLEY PIKE,,500.0,N,39.23807999,-86.53521,LOCAL/CITY ROAD,N,URBAN,N,N,Y,LANE CLOSURE,DAYLIGHT,CLEAR,LOOSE MATERIAL ON ROAD,,NO JUNCTION INVOLVED,STRAIGHT/GRADE,GRAVEL,RAN OFF ROAD RIGHT,RAN OFF ROAD,OLDSR37RDWGOURLEYPIKE,NONE,2019-08-23 16:13:00
INDIANA UNIV BLOOMINGTON PD,BLOOMINGTON,2,0.0,0.0,0.0,0.0,,,,E 3RD,S SWAIN AVE,,,,39.16425,-86.51526,LOCAL/CITY ROAD,N,URBAN,N,N,N,,DAYLIGHT,CLEAR,DRY,,T-INTERSECTION,STRAIGHT/GRADE,ASPHALT,UNSAFE LANE MOVEMENT,SAME DIRECTION SIDESWIPE,SWAINAVETHIRDST,NONE,2019-08-24 11:31:00
INDIANA UNIV BLOOMINGTON PD,BLOOMINGTON,2,0.0,0.0,0.0,0.0,,,,E 17TH,N JORDAN AVE,,508.0,W,39.17885275,-86.5128806,LOCAL/CITY ROAD,N,URBAN,N,N,N,,DAYLIGHT,CLEAR,DRY,,NO JUNCTION INVOLVED,STRAIGHT/LEVEL,ASPHALT,UNSAFE LANE MOVEMENT,LEFT TURN,EAST17THSTJORDANAVE,NONE,2019-08-24 20:00:00
MONROE SD,BLOOMINGTON,2,0.0,0.0,0.0,0.0,,,,SR 46,N CENTENNIAL DR,,,,39.20997,-86.58271,STATE ROAD,N,RURAL,N,N,N,,DAYLIGHT,CLEAR,DRY,,FOUR-WAY INTERSECTION,STRAIGHT/GRADE,CONCRETE,DRIVER ASLEEP OR FATIGUED,REAR END,NCENTENNIALDRSR46W,TRAFFIC CONTROL SIGNAL,2019-08-24 14:58:00
ISP BLOOMINGTON 33,BLOOMINGTON,2,0.0,0.0,0.0,0.0,,,,W KIRKWOOD,S ADAMS ST,,,,0.0,0.0,LOCAL/CITY ROAD,N,URBAN,N,N,N,,DAYLIGHT,CLEAR,DRY,,FOUR-WAY INTERSECTION,CURVE/LEVEL,ASPHALT,UNSAFE LANE MOVEMENT,SAME DIRECTION SIDESWIPE,3RDSTKIRKWOODAVE,TRAFFIC CONTROL SIGNAL,2019-08-24 10:57:00
BLOOMINGTON PD,BLOOMINGTON,2,0.0,1.0,0.0,0.0,,,,E 4TH,B-LINE TRAIL,,,,0.0,0.0,LOCAL/CITY ROAD,N,URBAN,N,N,N,,DAYLIGHT,CLEAR,DRY,,FOUR-WAY INTERSECTION,STRAIGHT/GRADE,ASPHALT,FAILURE TO YIELD RIGHT OF WAY,RIGHT ANGLE,4THSTBLINETRL,STOP SIGN,2019-08-24 20:00:00
ISP BLOOMINGTON 33,BLOOMINGTON,3,0.0,1.0,0.0,0.0,,,,N WALNUT,W 15TH ST,,50.0,N,39.17698532,-86.53342179,LOCAL/CITY ROAD,N,URBAN,N,N,N,,DARK (LIGHTED),CLEAR,DRY,,NO JUNCTION INVOLVED,STRAIGHT/LEVEL,CONCRETE,IMPROPER LANE USAGE,REAR END,15THSTWALNUTST,LANE CONTROL,2019-08-24 22:56:00
INDIANA UNIV BLOOMINGTON PD,BLOOMINGTON,1,0.0,0.0,0.0,0.0,,,,SR 45,N PETE ELLIS DR,,,,39.171504,-86.495312,LOCAL/CITY ROAD,N,URBAN,N,N,N,,DARK (LIGHTED),CLEAR,DRY,,FOUR-WAY INTERSECTION,STRAIGHT/LEVEL,ASPHALT,ROADWAY SURFACE CONDITION,COLLISION WITH OBJECT IN ROAD,10THSTRANGERD,TRAFFIC CONTROL SIGNAL,2019-08-25 03:24:00
BLOOMINGTON PD,BLOOMINGTON,2,0.0,1.0,0.0,0.0,,,,SR 46,E 7TH ST,,,,39.167648,-86.500096,STATE ROAD,N,URBAN,Y,N,N,,DAYLIGHT,CLEAR,DRY,,T-INTERSECTION,STRAIGHT/GRADE,ASPHALT,FOLLOWING TOO CLOSELY,REAR END,7THSTSR46E,NONE,2019-08-25 12:50:00
BLOOMINGTON PD,BLOOMINGTON,2,0.0,1.0,0.0,0.0,,,,W COUNTRY CLUB,S ROGERS ST,,,,39.13608,-86.538096,LOCAL/CITY ROAD,N,URBAN,N,N,N,,DARK (LIGHTED),CLEAR,DRY,,FOUR-WAY INTERSECTION,STRAIGHT/GRADE,ASPHALT,FAILURE TO YIELD RIGHT OF WAY,RIGHT ANGLE,COUNTRYCLUBDRROGERSST,TRAFFIC CONTROL SIGNAL,2019-08-25 06:32:00
INDIANA UNIV BLOOMINGTON PD,BLOOMINGTON,2,0.0,0.0,0.0,0.0,,,,SR 45/46,E 10TH ST,,250.0,N,39.176848,-86.478192,STATE ROAD,N,URBAN,N,N,N,,DAYLIGHT,RAIN,WET,,FOUR-WAY INTERSECTION,STRAIGHT/GRADE,ASPHALT,SPEED TOO FAST FOR WEATHER CONDITIONS,REAR END,10THSTSR4546S,TRAFFIC CONTROL SIGNAL,2019-08-26 14:21:00
BLOOMINGTON PD,BLOOMINGTON,2,0.0,0.0,0.0,0.0,,,,S WALNUT,E 3RD ST,,,,39.16464,-86.5336,LOCAL/CITY ROAD,N,URBAN,N,N,N,,DAYLIGHT,RAIN,WET,,FOUR-WAY INTERSECTION,STRAIGHT/GRADE,ASPHALT,FOLLOWING TOO CLOSELY,REAR END,3RDSTWALNUTST,TRAFFIC CONTROL SIGNAL,2019-08-26 12:13:00
BLOOMINGTON PD,BLOOMINGTON,2,0.0,0.0,0.0,0.0,,,,S WALNUT,E WINSLOW RD,,200.0,N,39.15710342,-86.53111,LOCAL/CITY ROAD,N,URBAN,N,N,N,,DAYLIGHT,RAIN,WET,,NO JUNCTION INVOLVED,STRAIGHT/GRADE,CONCRETE,FAILURE TO YIELD RIGHT OF WAY,LEFT TURN,EASTWINSLOWRDSOUTHWALNUTST,NONE,2019-08-26 15:08:00
BLOOMINGTON PD,BLOOMINGTON,2,0.0,2.0,0.0,0.0,,,,S WALNUT,E NORTH DR,,,,39.14411,-86.53181,LOCAL/CITY ROAD,N,URBAN,Y,N,N,,DAYLIGHT,RAIN,WET,,FOUR-WAY INTERSECTION,STRAIGHT/LEVEL,ASPHALT,DISREGARD SIGNAL/REG SIGN,LEFT TURN,NORTHDRSWALNUTST,TRAFFIC CONTROL SIGNAL,2019-08-26 12:49:00
MONROE SD,BLOOMINGTON,2,0.0,0.0,0.0,0.0,,,,S FAIRFAX,S WALNUT ST PIKE,,,,39.10719,-86.52648,COUNTY ROAD,N,RURAL,N,N,N,,DAYLIGHT,CLEAR,DRY,NONE,T-INTERSECTION,STRAIGHT/GRADE,ASPHALT,FOLLOWING TOO CLOSELY,REAR END,FAIRFAXRDWALNUTSTREETPIKE,NONE,2019-08-26 17:18:00
INDIANA UNIV BLOOMINGTON PD,BLOOMINGTON,2,0.0,0.0,0.0,0.0,,,,E 7TH,N GRANT ST,,50.0,E,39.16864,-86.52951958,LOCAL/CITY ROAD,Y,URBAN,N,N,N,,DAYLIGHT,RAIN,WET,,NO JUNCTION INVOLVED,STRAIGHT/LEVEL,ASPHALT,OTHER (DRIVER) - EXPLAIN IN NARRATIVE,SAME DIRECTION SIDESWIPE,7THSTGRANTST,NONE,2019-08-26 12:10:00
BLOOMINGTON PD,BLOOMINGTON,2,0.0,0.0,0.0,0.0,824.0,,,E UNIVERSITY,S WOODLAWN AVE,,100.0,W,39.16016,-86.52307,LOCAL/CITY ROAD,Y,URBAN,N,N,N,,,CLOUDY,WET,,NO JUNCTION INVOLVED,STRAIGHT/LEVEL,ASPHALT,IMPROPER LANE USAGE,REAR END,824EUNIVERSITYSTSOUTHWOODLAWNAVE,NONE,2019-08-26 00:00:00
MONROE SD,BLOOMINGTON,1,0.0,0.0,0.0,0.0,,,,I-69 N,,,500.0,S,0.0,0.0,INTERSTATE,N,RURAL,N,N,N,,DARK (NOT LIGHTED),RAIN,WET,,NO JUNCTION INVOLVED,CURVE/LEVEL,ASPHALT,RAN OFF ROAD RIGHT,RAN OFF ROAD,I69N127.5,NONE,2019-08-26 05:17:00
INDIANA UNIV BLOOMINGTON PD,BLOOMINGTON,2,0.0,0.0,0.0,0.0,,,,N FEE,E LAW LN,,,,39.174048,-86.518896,LOCAL/CITY ROAD,N,URBAN,N,N,N,,DAYLIGHT,RAIN,WET,,T-INTERSECTION,STRAIGHT/GRADE,ASPHALT,FAILURE TO YIELD RIGHT OF WAY,LEFT TURN,FEELNLAWLN,STOP SIGN,2019-08-26 15:40:00
MONROE SD,BLOOMINGTON,2,0.0,1.0,0.0,0.0,,,,S FAIRFAX,E MOFFETT LN,,,,39.0999,-86.51783,COUNTY ROAD,N,URBAN,N,N,N,,DAYLIGHT,RAIN,WET,,T-INTERSECTION,CURVE/GRADE,ASPHALT,FOLLOWING TOO CLOSELY,REAR END,EASTMOFFETTLNSOUTHFAIRFAXRD,NONE,2019-08-26 13:54:00
BLOOMINGTON PD,BLOOMINGTON,2,0.0,0.0,0.0,0.0,,,,S SARE,E DAVID DR,,75.0,S,39.13064444,-86.49656,LOCAL/CITY ROAD,N,URBAN,N,N,N,,DAYLIGHT,CLOUDY,WET,,NO JUNCTION INVOLVED,STRAIGHT/GRADE,ASPHALT,FOLLOWING TOO CLOSELY,REAR END,DAVIDDRSARERD,NONE,2019-08-26 10:30:00
BLOOMINGTON PD,BLOOMINGTON,1,0.0,1.0,0.0,0.0,,,,W DODDS,S MORTON ST,,,,39.15745,-86.53633,LOCAL/CITY ROAD,N,URBAN,N,N,N,,DARK (NOT LIGHTED),CLEAR,DRY,,FOUR-WAY INTERSECTION,STRAIGHT/LEVEL,CONCRETE,FAILURE TO YIELD RIGHT OF WAY,RIGHT ANGLE,SOUTHMORTONSTWESTDODDSST,STOP SIGN,2019-08-26 21:19:00
BLOOMINGTON PD,BLOOMINGTON,2,0.0,0.0,0.0,0.0,,,,SR 45/46,N KINSER PIKE,,,,39.207515,-86.54746001,LOCAL/CITY ROAD,N,URBAN,N,N,N,,DAWN/DUSK,RAIN,WATER (STANDING OR MOVING),,FOUR-WAY INTERSECTION,STRAIGHT/GRADE,ASPHALT,FOLLOWING TOO CLOSELY,REAR END,46BYPASSBYPKINSERPIKE,NONE,2019-08-27 08:05:00
BLOOMINGTON PD,BLOOMINGTON,2,0.0,1.0,0.0,0.0,,,,SR 48,S GATES DR,,,,39.16459,-86.5762,LOCAL/CITY ROAD,N,URBAN,N,N,N,,DAYLIGHT,CLEAR,DRY,,FOUR-WAY INTERSECTION,STRAIGHT/LEVEL,ASPHALT,FOLLOWING TOO CLOSELY,REAR END,GATESDRW3RDST,TRAFFIC CONTROL SIGNAL,2019-08-27 13:41:00
BLOOMINGTON PD,BLOOMINGTON,2,0.0,0.0,0.0,0.0,,,,W GRIMES,S WALNUT ST,,,,39.15335,-86.53371,LOCAL/CITY ROAD,Y,,N,N,N,,DARK (LIGHTED),CLEAR,DRY,,FOUR-WAY INTERSECTION,STRAIGHT/LEVEL,ASPHALT,FOLLOWING TOO CLOSELY,REAR END,SOUTHWALNUTSTWESTGRIMESLN,TRAFFIC CONTROL SIGNAL,2019-08-27 20:53:00
INDIANA UNIV BLOOMINGTON PD,BLOOMINGTON,2,0.0,0.0,0.0,0.0,,,,E 17TH,N JORDAN AVE,,,,39.178848,-86.511088,LOCAL/CITY ROAD,N,URBAN,N,N,N,,DAYLIGHT,CLEAR,DRY,,T-INTERSECTION,STRAIGHT/LEVEL,ASPHALT,BRAKE FAILURE OR DEFECTIVE,REAR END,17THSTJORDANAVE,STOP SIGN,2019-08-27 18:07:00
BLOOMINGTON PD,BLOOMINGTON,3,0.0,0.0,0.0,0.0,,,,S ROGERS,W 2ND ST,,100.0,N,39.17196358,-86.5387,LOCAL/CITY ROAD,N,URBAN,N,N,N,,DAYLIGHT,RAIN,WET,,NO JUNCTION INVOLVED,STRAIGHT/GRADE,ASPHALT,SPEED TOO FAST FOR WEATHER CONDITIONS,REAR END,2NDSTROGERSST,NONE,2019-08-27 12:35:00
BLOOMINGTON PD,BLOOMINGTON,2,0.0,1.0,0.0,0.0,,,,W JONATHAN,N CURRY PIKE,,,,39.16836,-86.58295,LOCAL/CITY ROAD,N,URBAN,N,N,N,,DAYLIGHT,CLEAR,DRY,,T-INTERSECTION,STRAIGHT/LEVEL,CONCRETE,FAILURE TO YIELD RIGHT OF WAY,LEFT TURN,SOUTHCURRYPIKEWESTJONATHANDR,TRAFFIC CONTROL SIGNAL,2019-08-27 13:48:00
BLOOMINGTON PD,BLOOMINGTON,2,0.0,0.0,0.0,0.0,,,,S SARE,E CANADA DR,,,,39.12659,-86.50431,LOCAL/CITY ROAD,N,URBAN,N,N,N,,DARK (NOT LIGHTED),CLEAR,DRY,,FOUR-WAY INTERSECTION,STRAIGHT/LEVEL,ASPHALT,FOLLOWING TOO CLOSELY,REAR END,CANADADRSSARERD,STOP SIGN,2019-08-27 12:05:00
INDIANA UNIV BLOOMINGTON PD,BLOOMINGTON,3,0.0,0.0,0.0,0.0,,,,SR 45/46,N MILO B SAMPSON LN,,,,0.0,0.0,STATE ROAD,N,URBAN,N,N,N,,DAYLIGHT,CLEAR,DRY,,T-INTERSECTION,STRAIGHT/LEVEL,ASPHALT,FAILURE TO YIELD RIGHT OF WAY,LEFT TURN,MILOBSAMPSONLNSR4546W,STOP SIGN,2019-08-27 14:50:00
ELLETTSVILLE PD,ELLETTSVILLE,2,0.0,0.0,0.0,0.0,,,,N SALE,SR 46,,50.0,S,39.23384,-86.624704,LOCAL/CITY ROAD,N,URBAN,N,N,N,,DAYLIGHT,CLEAR,DRY,,FOUR-WAY INTERSECTION,STRAIGHT/GRADE,ASPHALT,DRIVER DISTRACTED - EXPLAIN IN NARRATIVE,REAR END,NSALESTWTEMPERANCEST,TRAFFIC CONTROL SIGNAL,2019-08-27 14:40:00
BLOOMINGTON PD,BLOOMINGTON,1,0.0,0.0,0.0,0.0,,,,E MOORES,S COLLEGE MALL RD,,,,39.15048,-86.49824,LOCAL/CITY ROAD,N,URBAN,N,N,N,,DAYLIGHT,RAIN,WET,,FOUR-WAY INTERSECTION,STRAIGHT/GRADE,ASPHALT,BRAKE FAILURE OR DEFECTIVE,RAN OFF ROAD,COLLEGEMALLRDMOORESPIKE,TRAFFIC CONTROL SIGNAL,2019-08-27 11:25:00
INDIANA UNIV BLOOMINGTON PD,BLOOMINGTON,2,0.0,1.0,0.0,0.0,,,,E ATWATER,N JORDAN AVE,,,,39.1631,-86.5164,LOCAL/CITY ROAD,N,URBAN,N,N,N,,DAYLIGHT,CLEAR,DRY,,FOUR-WAY INTERSECTION,STRAIGHT/LEVEL,ASPHALT,DISREGARD SIGNAL/REG SIGN,RIGHT ANGLE,ATWATERAVEJORDANAVE,TRAFFIC CONTROL SIGNAL,2019-08-27 18:53:00
BLOOMINGTON PD,BLOOMINGTON,1,0.0,1.0,0.0,0.0,,,,E HILLSIDE,S OLIVE ST,,,,39.150656,-86.5188,LOCAL/CITY ROAD,N,URBAN,N,N,N,,DAYLIGHT,RAIN,WET,,FOUR-WAY INTERSECTION,STRAIGHT/GRADE,ASPHALT,FAILURE TO YIELD RIGHT OF WAY,RIGHT ANGLE,HILLSIDEDROLIVEST,STOP SIGN,2019-08-27 08:35:00
MONROE SD,BLOOMINGTON,1,0.0,0.0,0.0,0.0,,,,E ROBINSON,NEHRT RD,,50.0,W,39.24065,-86.44322567,COUNTY ROAD,N,RURAL,N,N,N,,DAYLIGHT,RAIN,WET,,NO JUNCTION INVOLVED,CURVE/GRADE,ASPHALT,RAN OFF ROAD RIGHT,RAN OFF ROAD,EROBINSONRDRDNEHRTRD,LANE CONTROL,2019-08-27 07:32:00
MONROE SD,BLOOMINGTON,1,0.0,0.0,0.0,0.0,,123,S,I-69 N,,,400.0,S,0.0,0.0,INTERSTATE,N,RURAL,N,N,N,,DAYLIGHT,CLOUDY,WET,,RAMP,CURVE/GRADE,ASPHALT,RAN OFF ROAD RIGHT,RAN OFF ROAD,I69N,NONE,2019-08-27 12:47:00
ISP BLOOMINGTON 33,BLOOMINGTON,1,,1.0,0.0,0.0,,,,I-69 S,,,528.0,N,39.20933627,-86.55397548,INTERSTATE,,RURAL,N,N,N,,DAYLIGHT,CLEAR,DRY,,NO JUNCTION INVOLVED,,ASPHALT,IMPROPER LANE USAGE,RAN OFF ROAD,,,2019-08-27 14:53:00
MONROE SD,BLOOMINGTON,1,0.0,0.0,0.0,0.0,,,,I-69 S,,,500.0,S,41.31675078,-85.08760901,INTERSTATE,N,RURAL,N,Y,B,,DAYLIGHT,RAIN,WET,,NO JUNCTION INVOLVED,STRAIGHT/GRADE,ASPHALT,RAN OFF ROAD RIGHT,RAN OFF ROAD,I69S125.5,LANE CONTROL,2019-08-27 08:42:00
BLOOMINGTON PD,BLOOMINGTON,3,0.0,0.0,0.0,0.0,,,,N FAIRVIEW,W 11TH ST,,,,39.17327,-86.54116,UNKNOWN,N,URBAN,N,N,N,,DARK (LIGHTED),CLEAR,LOOSE MATERIAL ON ROAD,,NO JUNCTION INVOLVED,STRAIGHT/LEVEL,GRAVEL,ACCELERATOR FAILURE OR DEFECTIVE,REAR END,FAIRVIEWSTWELEVENTHST,NONE,2019-08-27 00:45:00
MONROE SD,BLOOMINGTON,1,0.0,0.0,0.0,0.0,,,,SR 45,N TUNNEL RD,,,,39.230048,-86.4316,STATE ROAD,N,RURAL,N,N,N,,DAYLIGHT,CLOUDY,WET,,T-INTERSECTION,CURVE/HILLCREST,ASPHALT,SPEED TOO FAST FOR WEATHER CONDITIONS,RAN OFF ROAD,NTUNNELRDSR45E,STOP SIGN,2019-08-27 14:12:00
ELLETTSVILLE PD,ELLETTSVILLE,1,0.0,0.0,0.0,0.0,,,,SR 46,W DEPOT ST,,,,39.16484784,-86.43224054,STATE ROAD,N,URBAN,N,N,N,,DAYLIGHT,RAIN,WET,,NO JUNCTION INVOLVED,CURVE/HILLCREST,ASPHALT,SPEED TOO FAST FOR WEATHER CONDITIONS,RAN OFF ROAD,DEPOTRDSR46W,LANE CONTROL,2019-08-27 09:10:00
BLOOMINGTON PD,BLOOMINGTON,2,0.0,0.0,0.0,0.0,,,,W 11TH,N MONROE ST,,,,39.173344,-86.547104,LOCAL/CITY ROAD,Y,URBAN,N,N,N,,DAYLIGHT,CLEAR,DRY,,FOUR-WAY INTERSECTION,STRAIGHT/GRADE,ASPHALT,DISREGARD SIGNAL/REG SIGN,RIGHT ANGLE,NMONROESTW11THST,STOP SIGN,2019-08-27 15:55:00
INDIANA UNIV BLOOMINGTON PD,BLOOMINGTON,2,0.0,0.0,0.0,0.0,,,,SR 45,SR 45/46,,,,39.171648,-86.502096,STATE ROAD,N,URBAN,N,N,N,,DAYLIGHT,CLEAR,DRY,,FOUR-WAY INTERSECTION,STRAIGHT/LEVEL,ASPHALT,FOLLOWING TOO CLOSELY,REAR END,E10THSTSR46,TRAFFIC CONTROL SIGNAL,2019-08-28 12:20:00
MONROE SD,BLOOMINGTON,2,0.0,0.0,0.0,0.0,,,,N CURRY,W JONATHAN DR,,,,39.16836,-86.58295,LOCAL/CITY ROAD,N,URBAN,N,N,N,,DAYLIGHT,CLEAR,DRY,,NO JUNCTION INVOLVED,STRAIGHT/LEVEL,ASPHALT,UNSAFE LANE MOVEMENT,SAME DIRECTION SIDESWIPE,NCURRYPIKEWJONATHANDR,TRAFFIC CONTROL SIGNAL,2019-08-28 16:26:00
BLOOMINGTON PD,BLOOMINGTON,2,0.0,0.0,0.0,0.0,,,,S COLLEGE,W 1ST ST,,50.0,S,39.17688,-86.534736,LOCAL/CITY ROAD,N,URBAN,N,N,N,,DAYLIGHT,CLEAR,DRY,,T-INTERSECTION,STRAIGHT/LEVEL,ASPHALT,UNSAFE LANE MOVEMENT,LEFT TURN,S1STSTSCOLLEGEAVE,LANE CONTROL,2019-08-28 11:13:00
ELLETTSVILLE PD,ELLETTSVILLE,2,0.0,0.0,0.0,0.0,,,,SR 46,N SALE ST,,100.0,W,39.23396399,-86.62501913,STATE ROAD,N,URBAN,N,N,N,,DAYLIGHT,CLEAR,DRY,,FOUR-WAY INTERSECTION,STRAIGHT/LEVEL,ASPHALT,UNSAFE LANE MOVEMENT,SAME DIRECTION SIDESWIPE,SALESTSR46W,NONE,2019-08-28 15:17:00
MONROE SD,BLOOMINGTON,3,0.0,1.0,0.0,0.0,,,,SR 46,W ARLINGTON RD,,,,39.209808,-86.582672,STATE ROAD,N,URBAN,N,N,N,,DAWN/DUSK,CLEAR,DRY,,FOUR-WAY INTERSECTION,STRAIGHT/LEVEL,ASPHALT,DISREGARD SIGNAL/REG SIGN,RIGHT ANGLE,ARLINGTONRDSR46W,TRAFFIC CONTROL SIGNAL,2019-08-28 07:00:00
BLOOMINGTON PD,BLOOMINGTON,3,0.0,0.0,0.0,0.0,,,,E MOORES,S SARE RD,,100.0,W,39.15048,-86.49823135,LOCAL/CITY ROAD,N,URBAN,N,N,N,,DAYLIGHT,CLEAR,DRY,,NO JUNCTION INVOLVED,STRAIGHT/HILLCREST,ASPHALT,BRAKE FAILURE OR DEFECTIVE,REAR END,EMOORESPIKESSARERD,NONE,2019-08-28 16:03:00
BLOOMINGTON PD,BLOOMINGTON,2,0.0,0.0,0.0,0.0,,,,E ATWATER,S PARK AVE,,,,39.163296,-86.524,LOCAL/CITY ROAD,N,URBAN,N,N,N,,DAYLIGHT,CLEAR,DRY,,T-INTERSECTION,STRAIGHT/LEVEL,ASPHALT,IMPROPER LANE USAGE,SAME DIRECTION SIDESWIPE,ATWATERAVEPARKAVE,LANE CONTROL,2019-08-28 10:48:00
MONROE SD,BLOOMINGTON,2,0.0,0.0,0.0,0.0,,,,S CRAMER,S WICKENS ST,,,,39.13114506,-86.55156061,LOCAL/CITY ROAD,N,URBAN,N,N,N,,DAYLIGHT,CLEAR,DRY,,FOUR-WAY INTERSECTION,STRAIGHT/LEVEL,ASPHALT,IMPROPER TURNING,LEFT TURN,SCRAMERCIRSWICKENSST,STOP SIGN,2019-08-28 08:28:00
MONROE SD,BLOOMINGTON,1,0.0,0.0,0.0,0.0,,,,SR 48,S GARRISON CHAPEL RD,,500.0,E,39.16347483,-86.64793474,STATE ROAD,N,RURAL,N,N,N,,DAYLIGHT,CLEAR,DRY,,T-INTERSECTION,CURVE/LEVEL,ASPHALT,UNSAFE SPEED,RAN OFF ROAD,SGARRISONCHAPELRDSR48W,NONE,2019-08-28 16:15:00
BLOOMINGTON PD,BLOOMINGTON,3,0.0,1.0,0.0,0.0,,,,W 3RD,S WESTPLEX AVE,,,,39.16441,-86.5539,LOCAL/CITY ROAD,N,URBAN,N,N,N,,DAYLIGHT,CLEAR,ICE,,FOUR-WAY INTERSECTION,STRAIGHT/GRADE,ASPHALT,FOLLOWING TOO CLOSELY,REAR END,SWESTPLEXAVEW3RDST,NONE,2019-08-28 16:22:00
MONROE SD,BLOOMINGTON,2,0.0,0.0,0.0,0.0,,,,SR 46,N CENTENNIAL DR,,,,39.20997,-86.58271,STATE ROAD,N,RURAL,N,N,N,,DAYLIGHT,CLEAR,DRY,,FOUR-WAY INTERSECTION,STRAIGHT/GRADE,CONCRETE,FOLLOWING TOO CLOSELY,REAR END,NCENTENNIALDRSR46W,TRAFFIC CONTROL SIGNAL,2019-08-29 16:15:00
BLOOMINGTON PD,BLOOMINGTON,2,0.0,1.0,0.0,0.0,,,,S COLLEGE MALL,E COVENANTER DR,,,,39.155152,-86.497888,LOCAL/CITY ROAD,N,URBAN,N,N,N,,DAYLIGHT,CLEAR,DRY,,FOUR-WAY INTERSECTION,STRAIGHT/LEVEL,ASPHALT,FAILURE TO YIELD RIGHT OF WAY,RIGHT ANGLE,ECOVENANTERDRSCOLLEGEMALLRD,TRAFFIC CONTROL SIGNAL,2019-08-29 20:17:00
INDIANA UNIV BLOOMINGTON PD,BLOOMINGTON,2,0.0,0.0,0.0,0.0,,,,E 3RD,S WOODLAWN AVE,,,,39.16425,-86.52262,LOCAL/CITY ROAD,N,URBAN,N,N,N,,DAWN/DUSK,CLEAR,DRY,,FOUR-WAY INTERSECTION,STRAIGHT/LEVEL,ASPHALT,IMPROPER TURNING,LEFT TURN,THIRDSTWOODLAWNAVE,TRAFFIC CONTROL SIGNAL,2019-08-29 20:05:00
BLOOMINGTON PD,BLOOMINGTON,2,0.0,0.0,0.0,0.0,,,,E 7TH,N INDIANA AVE,,,,39.16864,-86.526944,LOCAL/CITY ROAD,N,URBAN,N,N,N,,DAYLIGHT,CLEAR,DRY,,FOUR-WAY INTERSECTION,STRAIGHT/LEVEL,ASPHALT,IMPROPER TURNING,SAME DIRECTION SIDESWIPE,EAST7THSTNORTHINDIANAST,STOP SIGN,2019-08-29 14:42:00