Agency,City,Vehicles Involved,Trailers Involved,Number Injured,Number Dead,Number Deer,House Number,Roadway Interchange,Roadway Ramp,Roadway Id,Intersecting Road,Interchange,Feet From,Direction,Latitude,Longitude,Roadway Class,Hit and Run?,Locality,School Zone?,Rumble Strips?,Construction?,Construction Type,Light Condition,Weather Conditions,Surface Condition,Type of Median,Roadway Junction Type,Road Character,Roadway Surface,Primary Factor,Manner of Collision,Unique Location Id,Traffic Control,DateTime
INDIANA UNIV BLOOMINGTON PD,BLOOMINGTON,1,0.0,0.0,0.0,0.0,2721.0,,,E 10TH,N JEFFERSON ST,,,,39.17164278,-86.50184209,UNKNOWN,N,URBAN,N,N,N,,DAYLIGHT,CLOUDY,DRY,,NO JUNCTION INVOLVED,STRAIGHT/GRADE,ASPHALT,BRAKE FAILURE OR DEFECTIVE,OTHER - EXPLAIN IN NARRATIVE,E10THST,NONE,2019-09-06 16:50:00
MONROE SD,BLOOMINGTON,2,0.0,0.0,0.0,0.0,,,,N CURRY,W WOODYARD RD,,500.0,S,39.190672,-86.582992,LOCAL/CITY ROAD,N,URBAN,N,N,N,,DAYLIGHT,CLOUDY,DRY,,FOUR-WAY INTERSECTION,CURVE/LEVEL,ASPHALT,FOLLOWING TOO CLOSELY,REAR END,NCURRYPIKEWOODYARDRD,NONE,2019-09-06 13:55:00
BLOOMINGTON PD,BLOOMINGTON,2,0.0,0.0,0.0,0.0,,,,S WALNUT,E BURKS DR,,,,0.0,0.0,LOCAL/CITY ROAD,N,URBAN,N,N,N,,DAYLIGHT,CLEAR,DRY,,FOUR-WAY INTERSECTION,STRAIGHT/LEVEL,ASPHALT,OTHER (DRIVER) - EXPLAIN IN NARRATIVE,REAR TO REAR,EBURKSDRSWALNUTST,NONE,2019-09-06 14:19:00
MONROE SD,BLOOMINGTON,2,0.0,0.0,0.0,0.0,,,,SR 45/46,I-69,Y,2700.0,E,39.18650784,-86.53728821,STATE ROAD,N,URBAN,N,Y,Y,LANE CLOSURE,DAYLIGHT,CLEAR,DRY,,NO JUNCTION INVOLVED,STRAIGHT/LEVEL,CONCRETE,FOLLOWING TOO CLOSELY,REAR END,NMONROESTSR46W,NONE,2019-09-06 16:54:00
BLOOMINGTON PD,BLOOMINGTON,2,0.0,1.0,0.0,0.0,,,,W COUNTRY CLUB,S MADISON ST,,,,39.13601,-86.53712,LOCAL/CITY ROAD,N,URBAN,N,N,N,,DAYLIGHT,CLEAR,DRY,,T-INTERSECTION,STRAIGHT/LEVEL,CONCRETE,FOLLOWING TOO CLOSELY,REAR END,SOUTHMADISONSTWESTCOUNTRYCLUBDR,NONE,2019-09-06 16:40:00
BLOOMINGTON PD,BLOOMINGTON,2,0.0,0.0,0.0,0.0,,,,W GOURLEY,N KINSER PIKE,,,,0.0,0.0,LOCAL/CITY ROAD,Y,URBAN,N,N,N,,DAYLIGHT,CLEAR,DRY,,FOUR-WAY INTERSECTION,STRAIGHT/LEVEL,ASPHALT,FAILURE TO YIELD RIGHT OF WAY,LEFT TURN,NORTHKINSERPIKEWESTGOURLEYPIKE,STOP SIGN,2019-09-06 17:00:00
BLOOMINGTON PD,BLOOMINGTON,2,0.0,0.0,0.0,0.0,,,,W KIRKWOOD,S ROGERS ST,,,,39.16661,-86.5387,LOCAL/CITY ROAD,N,URBAN,N,N,N,,DAYLIGHT,BLOWING SAND/SOIL/SNOW,DRY,,NO JUNCTION INVOLVED,STRAIGHT/LEVEL,ASPHALT,FAILURE TO YIELD RIGHT OF WAY,RIGHT ANGLE,ROGERSSTWKIRKWOODAVE,LANE CONTROL,2019-09-06 11:18:00
BLOOMINGTON PD,BLOOMINGTON,2,0.0,3.0,0.0,0.0,,,,W KIRKWOOD,S ADAMS ST,,,,39.166816,-86.549488,LOCAL/CITY ROAD,N,URBAN,N,N,N,,DAYLIGHT,CLEAR,DRY,,FOUR-WAY INTERSECTION,STRAIGHT/GRADE,ASPHALT,IMPROPER LANE USAGE,LEFT TURN,SADAMSSTWKIRKWOODAVE,TRAFFIC CONTROL SIGNAL,2019-09-06 17:11:00
MONROE SD,BLOOMINGTON,2,0.0,1.0,0.0,0.0,,,,W OLD SR 37,E BETHEL LN,,,,39.21539,-86.52157,STATE ROAD,N,URBAN,N,N,N,,DAYLIGHT,CLEAR,DRY,,T-INTERSECTION,STRAIGHT/LEVEL,ASPHALT,FAILURE TO YIELD RIGHT OF WAY,RIGHT ANGLE,EBETHELLNSR37N,STOP SIGN,2019-09-06 07:41:00
INDIANA UNIV BLOOMINGTON PD,BLOOMINGTON,1,0.0,0.0,0.0,0.0,1900.0,,,E 10TH,,,,,39.171472,-86.509376,UNKNOWN,N,URBAN,N,N,N,,DAYLIGHT,CLEAR,DRY,,NO JUNCTION INVOLVED,STRAIGHT/LEVEL,ASPHALT,IMPROPER TURNING,COLLISION WITH OBJECT IN ROAD,E10THST,NONE,2019-09-06 16:35:00
ISP BLOOMINGTON 33,BLOOMINGTON,1,,0.0,0.0,1.0,,,,I-69 S,,,792.0,S,39.31307907,-86.5127395,INTERSTATE,,RURAL,N,N,N,,DAYLIGHT,CLEAR,DRY,,NO JUNCTION INVOLVED,,ASPHALT,ANIMAL/OBJECT IN ROADWAY,COLLISION WITH DEER,,,2019-09-06 11:20:00
BLOOMINGTON PD,BLOOMINGTON,2,0.0,0.0,0.0,0.0,3411.0,,,N KINGSLEY,W WINDING WAY,,100.0,N,39.197952,-86.543184,LOCAL/CITY ROAD,Y,,N,N,N,,,,,,NO JUNCTION INVOLVED,STRAIGHT/LEVEL,ASPHALT,,,3411NKINGSLEYDRWINDINGWAYDR,NONE,2019-09-06 11:00:00
BLOOMINGTON PD,BLOOMINGTON,1,0.0,0.0,0.0,0.0,880.0,,,S WOODSCREST,,,,,39.15778,-86.50133,LOCAL/CITY ROAD,N,URBAN,N,N,N,,DAYLIGHT,CLEAR,DRY,,NO JUNCTION INVOLVED,CURVE/LEVEL,ASPHALT,IMPROPER TURNING,RAN OFF ROAD,SOUTHWOODCRESTDR,NONE,2019-09-06 15:30:00
BLOOMINGTON PD,BLOOMINGTON,2,0.0,0.0,0.0,0.0,,,,SR 45/46,,,750.0,W,39.18686,-86.54659009,STATE ROAD,N,URBAN,N,N,N,,DAYLIGHT,CLOUDY,DRY,,NO JUNCTION INVOLVED,STRAIGHT/LEVEL,ASPHALT,FOLLOWING TOO CLOSELY,REAR END,SR45WWESTSTONELAKEDR,LANE CONTROL,2019-09-06 16:10:00
BLOOMINGTON PD,BLOOMINGTON,3,0.0,0.0,0.0,0.0,,,,SR 45/46,N KINSER PIKE,,100.0,W,39.18655971,-86.53824035,LOCAL/CITY ROAD,N,URBAN,N,N,N,,DAYLIGHT,CLEAR,DRY,,NO JUNCTION INVOLVED,STRAIGHT/GRADE,ASPHALT,FOLLOWING TOO CLOSELY,REAR END,NKINSERPIKEWSTATEROAD46HWY,TRAFFIC CONTROL SIGNAL,2019-09-07 14:00:00
BLOOMINGTON PD,BLOOMINGTON,3,0.0,1.0,0.0,0.0,,,,W 2ND,S PATTERSON DR,,300.0,E,39.16076,-86.54851596,LOCAL/CITY ROAD,N,URBAN,N,N,N,,DAYLIGHT,CLEAR,DRY,,FOUR-WAY INTERSECTION,STRAIGHT/LEVEL,ASPHALT,FOLLOWING TOO CLOSELY,REAR END,SPATTERSONDRW2NDST,NONE,2019-09-07 16:44:00
MONROE SD,BLOOMINGTON,1,0.0,0.0,0.0,0.0,,,,SR 46,N CURRY PIKE,,,,39.19369,-86.57139,STATE ROAD,Y,RURAL,N,N,Y,LANE CLOSURE,DAYLIGHT,CLEAR,DRY,,FOUR-WAY INTERSECTION,STRAIGHT/LEVEL,ASPHALT,FOLLOWING TOO CLOSELY,OTHER - EXPLAIN IN NARRATIVE,NCURRYPIKESR46E,TRAFFIC CONTROL SIGNAL,2019-09-07 17:46:00
ISP BLOOMINGTON 33,BLOOMINGTON,2,,0.0,0.0,0.0,,,,N JORDAN,,,370.0,E,39.18377819,-86.5184059,LOCAL/CITY ROAD,,URBAN,N,N,N,,DAYLIGHT,CLEAR,DRY,,NO JUNCTION INVOLVED,,ASPHALT,UNSAFE BACKING,BACKING CRASH,,,2019-09-07 16:35:00
MONROE SD,BLOOMINGTON,2,0.0,0.0,0.0,0.0,,,,W AIRPORT,S BUNGER RD,,300.0,W,39.136848,-86.606,COUNTY ROAD,N,RURAL,N,N,N,,DAYLIGHT,CLEAR,DRY,,T-INTERSECTION,STRAIGHT/LEVEL,ASPHALT,FOLLOWING TOO CLOSELY,REAR END,SBUNGERRDWAIRPORTRD,NONE,2019-09-07 17:49:00
BLOOMINGTON PD,BLOOMINGTON,3,0.0,1.0,0.0,0.0,,,,W BLOOMFIELD,S WEIMER RD,,,,39.15424,-86.56435,LOCAL/CITY ROAD,N,URBAN,N,N,N,,DAYLIGHT,CLEAR,DRY,,FOUR-WAY INTERSECTION,STRAIGHT/GRADE,ASPHALT,DRIVER DISTRACTED - EXPLAIN IN NARRATIVE,REAR END,BLOOMFIELDRDWEIMERRD,LANE CONTROL,2019-09-07 11:03:00
BLOOMINGTON PD,BLOOMINGTON,1,0.0,1.0,0.0,0.0,713.0,,,W DIXIE,S FAIRVIEW ST,,,,39.15632,-86.54168,UNKNOWN,Y,URBAN,N,N,N,,DAYLIGHT,CLEAR,DRY,,NO JUNCTION INVOLVED,STRAIGHT/LEVEL,ASPHALT,RAN OFF ROAD RIGHT,RAN OFF ROAD,WDIXIEST,NONE,2019-09-07 06:40:00
MONROE SD,BLOOMINGTON,1,0.0,0.0,0.0,0.0,,,,W ROCK EAST,S MT ZION RD,,1000.0,W,39.03595,-86.63789336,COUNTY ROAD,Y,RURAL,N,N,N,,UNKNOWN,CLEAR,DRY,,NO JUNCTION INVOLVED,CURVE/GRADE,ASPHALT,RAN OFF ROAD RIGHT,,MTZIONRDWROCKEASTRD,NONE,2019-09-07 09:53:00
MONROE SD,BLOOMINGTON,2,0.0,0.0,0.0,0.0,,,,W WOODYARD,N SMITH PIKE,,,,39.19067,-86.58315,COUNTY ROAD,N,RURAL,N,N,N,,DAYLIGHT,CLEAR,DRY,,T-INTERSECTION,STRAIGHT/LEVEL,ASPHALT,BRAKE FAILURE OR DEFECTIVE,REAR END,SMITHPIKEWOODYARDRD,STOP SIGN,2019-09-08 14:25:00
MONROE SD,BLOOMINGTON,2,0.0,1.0,0.0,0.0,,,,SR 37,W DILLMAN RD,,,,39.092976,-86.545648,STATE ROAD,N,URBAN,N,N,N,,DAYLIGHT,CLEAR,DRY,,FOUR-WAY INTERSECTION,STRAIGHT/LEVEL,ASPHALT,FAILURE TO YIELD RIGHT OF WAY,RIGHT ANGLE,SR37SWDILLMANRD,NONE,2019-09-08 02:37:00
INDIANA UNIV BLOOMINGTON PD,BLOOMINGTON,1,0.0,0.0,0.0,0.0,,,,E 10TH,,,208.0,E,0.0,0.0,LOCAL/CITY ROAD,Y,URBAN,N,N,N,,DARK (NOT LIGHTED),CLEAR,DRY,,NO JUNCTION INVOLVED,CURVE/LEVEL,ASPHALT,RAN OFF ROAD RIGHT,RAN OFF ROAD,TENTHSTUNIONVILLERD,NONE,2019-09-08 01:30:00
INDIANA UNIV BLOOMINGTON PD,BLOOMINGTON,1,0.0,1.0,0.0,0.0,,,,E 7TH,N JORDAN AVE,,,,39.168944,-86.516016,LOCAL/CITY ROAD,N,URBAN,N,N,N,,DAYLIGHT,CLEAR,DRY,,FOUR-WAY INTERSECTION,STRAIGHT/LEVEL,ASPHALT,DISREGARD SIGNAL/REG SIGN,RIGHT TURN,E7THSTJORDANAVE,STOP SIGN,2019-09-08 18:20:00
INDIANA UNIV BLOOMINGTON PD,BLOOMINGTON,1,0.0,1.0,0.0,0.0,,,,N INDIANA,E 9TH ST,,,,39.17045,-86.52699,LOCAL/CITY ROAD,N,URBAN,N,N,N,,DARK (NOT LIGHTED),CLEAR,DRY,,FOUR-WAY INTERSECTION,STRAIGHT/LEVEL,ASPHALT,FAILURE TO YIELD RIGHT OF WAY,LEFT TURN,INDIANAAVENINTHST,LANE CONTROL,2019-09-08 03:50:00
MONROE SD,BLOOMINGTON,1,0.0,1.0,0.0,0.0,,,,S FAIRFAX,E ALEXIS WAY,,20.0,S,0.0,0.0,COUNTY ROAD,N,URBAN,N,N,N,,DAYLIGHT,CLOUDY,DRY,,T-INTERSECTION,STRAIGHT/GRADE,ASPHALT,RAN OFF ROAD RIGHT,RAN OFF ROAD,EASTALEXISWAYSOUTHFAIRFAXRD,NONE,2019-09-08 14:06:00
BLOOMINGTON PD,BLOOMINGTON,2,0.0,0.0,0.0,0.0,,,,SR 46,S PETE ELLIS DR,,,,39.16424,-86.495088,LOCAL/CITY ROAD,N,URBAN,N,N,N,,DAYLIGHT,CLEAR,DRY,,FOUR-WAY INTERSECTION,STRAIGHT/LEVEL,ASPHALT,FAILURE TO YIELD RIGHT OF WAY,RIGHT ANGLE,E3RDSTSPETEELLISDR,NONE,2019-09-09 15:30:00
INDIANA UNIV BLOOMINGTON PD,BLOOMINGTON,2,0.0,0.0,0.0,0.0,,,,E 10TH,N SUNRISE DR,,200.0,E,39.17158,-86.5124973,LOCAL/CITY ROAD,N,URBAN,N,N,N,,DAYLIGHT,CLEAR,DRY,,NO JUNCTION INVOLVED,STRAIGHT/LEVEL,ASPHALT,UNSAFE LANE MOVEMENT,SAME DIRECTION SIDESWIPE,10THSTSUNRISEDR,NONE,2019-09-09 17:00:00
BLOOMINGTON PD,BLOOMINGTON,3,0.0,0.0,0.0,0.0,,,,SR 45/46,N FEE LN,,,,39.186032,-86.51984,LOCAL/CITY ROAD,N,URBAN,N,N,N,,DAYLIGHT,CLEAR,DRY,,FOUR-WAY INTERSECTION,STRAIGHT/LEVEL,CONCRETE,FOLLOWING TOO CLOSELY,REAR END,NORTHFEELNSTATEROAD4546BYP,TRAFFIC CONTROL SIGNAL,2019-09-09 17:50:00
INDIANA UNIV BLOOMINGTON PD,BLOOMINGTON,1,0.0,1.0,0.0,0.0,,,,N FEE,E 11TH ST,,,,39.17347,-86.528015,LOCAL/CITY ROAD,N,URBAN,N,N,N,,DAYLIGHT,CLEAR,DRY,,FOUR-WAY INTERSECTION,STRAIGHT/LEVEL,ASPHALT,FAILURE TO YIELD RIGHT OF WAY,LEFT TURN,11THSTFEELN,STOP SIGN,2019-09-09 15:50:00
INDIANA UNIV BLOOMINGTON PD,BLOOMINGTON,2,0.0,0.0,0.0,0.0,,,,E 3RD,S WOODLAWN AVE,,,,39.164352,-86.522592,LOCAL/CITY ROAD,N,URBAN,N,N,N,,DAYLIGHT,CLEAR,DRY,,T-INTERSECTION,STRAIGHT/LEVEL,ASPHALT,UNSAFE LANE MOVEMENT,SAME DIRECTION SIDESWIPE,3RDSTWOODLAWNAVE,TRAFFIC CONTROL SIGNAL,2019-09-09 14:46:00
MONROE SD,BLOOMINGTON,2,0.0,1.0,0.0,0.0,,,,N CURRY,,,1500.0,S,0.0,0.0,COUNTY ROAD,N,URBAN,N,N,N,,DAYLIGHT,CLEAR,DRY,,NO JUNCTION INVOLVED,STRAIGHT/LEVEL,ASPHALT,FOLLOWING TOO CLOSELY,REAR END,SOUTHCURRYPIKEWWOODYARDRD,LANE CONTROL,2019-09-09 15:23:00
BLOOMINGTON PD,BLOOMINGTON,2,0.0,0.0,0.0,0.0,,,,S MAPLE,W KIRKWOOD AVE,,,,39.16672,-86.542096,LOCAL/CITY ROAD,N,URBAN,N,N,N,,DARK (NOT LIGHTED),CLEAR,DRY,,FOUR-WAY INTERSECTION,STRAIGHT/LEVEL,ASPHALT,RAN OFF ROAD RIGHT,RAN OFF ROAD,SMAPLESTWKIRKWOODAVE,LANE CONTROL,2019-09-09 20:59:00
MONROE SD,BLOOMINGTON,1,0.0,0.0,0.0,1.0,,,,SR 45,S BREEDEN RD,,200.0,E,39.0868555,-86.67128253,STATE ROAD,N,RURAL,N,N,N,,DAYLIGHT,CLEAR,DRY,,NO JUNCTION INVOLVED,STRAIGHT/GRADE,ASPHALT,ANIMAL/OBJECT IN ROADWAY,COLLISION WITH DEER,SBREEDENRDSR45W,NONE,2019-09-09 07:42:00
BLOOMINGTON PD,BLOOMINGTON,2,0.0,0.0,0.0,0.0,,,,W 11TH,N WALNUT ST,,,,39.173248,-86.533488,,Y,URBAN,N,N,N,,,CLEAR,DRY,,T-INTERSECTION,STRAIGHT/LEVEL,CONCRETE,UNSAFE BACKING,BACKING CRASH,NWALNUTSTW11THST,STOP SIGN,2019-09-09 15:50:00
BLOOMINGTON PD,BLOOMINGTON,2,0.0,0.0,0.0,0.0,,,,S WALNUT,E GRIMES LN,,,,39.15335,-86.53371,LOCAL/CITY ROAD,N,URBAN,N,N,N,,DAYLIGHT,CLEAR,DRY,,FOUR-WAY INTERSECTION,STRAIGHT/LEVEL,ASPHALT,FAILURE TO YIELD RIGHT OF WAY,RIGHT ANGLE,EGRIMESLNSWALNUTST,TRAFFIC CONTROL SIGNAL,2019-09-10 15:53:00
MONROE SD,BLOOMINGTON,2,0.0,0.0,0.0,0.0,,,,N CURRY,W VERNAL PIKE,,,,39.179248,-86.5832,LOCAL/CITY ROAD,Y,RURAL,N,N,N,,DAYLIGHT,CLEAR,DRY,,FOUR-WAY INTERSECTION,STRAIGHT/LEVEL,ASPHALT,FAILURE TO YIELD RIGHT OF WAY,OTHER - EXPLAIN IN NARRATIVE,NCURRYPIKEWVERNALPIKE,TRAFFIC CONTROL SIGNAL,2019-09-10 16:56:00
MONROE SD,BLOOMINGTON,2,0.0,0.0,0.0,0.0,,,,N CURRY,W WOODYARD RD,,,,39.190672,-86.582992,LOCAL/CITY ROAD,N,URBAN,N,N,N,,DAYLIGHT,CLEAR,DRY,,FOUR-WAY INTERSECTION,STRAIGHT/LEVEL,ASPHALT,FAILURE TO YIELD RIGHT OF WAY,RIGHT TURN,NCURRYPIKEWWOODYARDRD,TRAFFIC CONTROL SIGNAL,2019-09-10 14:46:00
BLOOMINGTON PD,BLOOMINGTON,2,0.0,1.0,0.0,0.0,,,,S WALNUT,E MILLER DR,,150.0,N,39.16274449,-86.53265,LOCAL/CITY ROAD,N,URBAN,N,N,N,,DAYLIGHT,CLEAR,DRY,,NO JUNCTION INVOLVED,STRAIGHT/LEVEL,ASPHALT,FOLLOWING TOO CLOSELY,OTHER - EXPLAIN IN NARRATIVE,MILLERDRSOUTHWALNUTST,NONE,2019-09-10 16:19:00
BLOOMINGTON PD,BLOOMINGTON,1,0.0,0.0,0.0,2.0,,,,N DUNN,E VERNON AVE,,,,39.187648,-86.52848,LOCAL/CITY ROAD,N,URBAN,N,N,N,,DARK (NOT LIGHTED),CLEAR,DRY,,NO JUNCTION INVOLVED,STRAIGHT/HILLCREST,ASPHALT,ANIMAL/OBJECT IN ROADWAY,COLLISION WITH DEER,EASTVERNONAVENORTHDUNNST,NONE,2019-09-10 01:10:00
MONROE SD,BLOOMINGTON,2,0.0,1.0,0.0,0.0,,,,S OLD SR 37,E EMPIRE MILL RD,,200.0,N,39.08624,-86.542,LOCAL/CITY ROAD,N,URBAN,N,N,N,,DAYLIGHT,CLEAR,DRY,,NO JUNCTION INVOLVED,STRAIGHT/GRADE,ASPHALT,FOLLOWING TOO CLOSELY,REAR END,EEMPIREMILLRDSOLDSTATEROAD37RD,NONE,2019-09-10 17:14:00
ELLETTSVILLE PD,ELLETTSVILLE,2,0.0,0.0,0.0,0.0,,,,S SALE,W ASSOCIATION ST,,,,39.233056,-86.6256,LOCAL/CITY ROAD,N,URBAN,N,N,N,,DAYLIGHT,CLEAR,DRY,,NO JUNCTION INVOLVED,STRAIGHT/GRADE,ASPHALT,FOLLOWING TOO CLOSELY,REAR END,ASSOCIATIONSTSALEST,NONE,2019-09-10 08:51:00
BLOOMINGTON PD,BLOOMINGTON,2,0.0,1.0,0.0,0.0,,,,SR 45,N PETE ELLIS DR,,300.0,E,39.171504,-86.49425346,LOCAL/CITY ROAD,N,URBAN,N,N,N,,DAYLIGHT,CLEAR,DRY,,NO JUNCTION INVOLVED,STRAIGHT/LEVEL,ASPHALT,FOLLOWING TOO CLOSELY,REAR END,10THSTPETEELLISDR,NONE,2019-09-11 07:49:00
BLOOMINGTON PD,BLOOMINGTON,2,0.0,0.0,0.0,0.0,,,,E WINSLOW,S HENDERSON ST,,,,39.136144,-86.5268,LOCAL/CITY ROAD,Y,URBAN,N,N,N,,DAYLIGHT,CLEAR,DRY,,FOUR-WAY INTERSECTION,STRAIGHT/LEVEL,ASPHALT,IMPROPER PASSING,SAME DIRECTION SIDESWIPE,EASTWINSLOWRDSOUTHHENDERSONST,TRAFFIC CONTROL SIGNAL,2019-09-11 17:00:00
MONROE SD,BLOOMINGTON,3,0.0,0.0,0.0,0.0,,,,SR 46,N CURRY PIKE,,,,39.19369,-86.57139,STATE ROAD,N,RURAL,N,Y,Y,LANE CLOSURE,DAYLIGHT,CLEAR,DRY,,FOUR-WAY INTERSECTION,STRAIGHT/LEVEL,ASPHALT,FOLLOWING TOO CLOSELY,REAR END,NCURRYPIKESR46W,TRAFFIC CONTROL SIGNAL,2019-09-11 16:11:00
MONROE SD,BLOOMINGTON,2,0.0,0.0,0.0,0.0,,,,SR 46,N CURRY PIKE,,,,39.19369,-86.57139,STATE ROAD,N,URBAN,N,N,Y,LANE CLOSURE,DAYLIGHT,CLEAR,DRY,,FOUR-WAY INTERSECTION,STRAIGHT/LEVEL,ASPHALT,FOLLOWING TOO CLOSELY,REAR END,NCURRYPIKESR46W,TRAFFIC CONTROL SIGNAL,2019-09-11 08:38:00
ISP BLOOMINGTON 33,BLOOMINGTON,2,,0.0,0.0,0.0,,,,W GOURLEY,N KINSER PIKE,,53.0,E,39.18508556,-86.54141935,LOCAL/CITY ROAD,,URBAN,N,N,N,,DAYLIGHT,CLEAR,DRY,,T-INTERSECTION,,ASPHALT,LEFT OF CENTER,OPPOSITE DIRECTION SIDESWIPE,,,2019-09-11 13:15:00
MONROE SD,BLOOMINGTON,2,0.0,1.0,0.0,0.0,,,,S KIRBY,SR 48,,,,39.16504,-86.610704,LOCAL/CITY ROAD,N,URBAN,N,N,N,,DAYLIGHT,CLEAR,DRY,,FOUR-WAY INTERSECTION,STRAIGHT/LEVEL,ASPHALT,FAILURE TO YIELD RIGHT OF WAY,RIGHT ANGLE,SKIRBYRDWSTATEROAD48RD,TRAFFIC CONTROL SIGNAL,2019-09-11 14:51:00
BLOOMINGTON PD,BLOOMINGTON,3,0.0,0.0,0.0,0.0,,,,S WALNUT,W 1ST ST,,,,39.159344,-86.5336,LOCAL/CITY ROAD,N,URBAN,N,N,N,,DAYLIGHT,CLEAR,DRY,,NO JUNCTION INVOLVED,STRAIGHT/LEVEL,ASPHALT,BRAKE FAILURE OR DEFECTIVE,REAR END,1STSTSWALNUTST,TRAFFIC CONTROL SIGNAL,2019-09-11 12:20:00
ISP BLOOMINGTON 33,BLOOMINGTON,1,,0.0,0.0,0.0,,,,SR 37,,,0.0,S,39.02606514,-86.53447317,STATE ROAD,,RURAL,N,N,N,,DARK (NOT LIGHTED),CLOUDY,DRY,,NO JUNCTION INVOLVED,,ASPHALT,OTHER (ENVIRONMENTAL) - EXPLAIN IN NARR,COLLISION WITH OBJECT IN ROAD,,,2019-09-11 21:17:00
ISP BLOOMINGTON 33,BLOOMINGTON,1,,0.0,0.0,0.0,,,,SR 37,,,975.0,W,39.10676669,-86.55282444,STATE ROAD,,RURAL,N,N,Y,LANE CLOSURE,DAYLIGHT,CLEAR,DRY,,NO JUNCTION INVOLVED,,ASPHALT,,RAN OFF ROAD,,,2019-09-11 18:30:00
MONROE SD,BLOOMINGTON,2,0.0,0.0,0.0,0.0,,,,SR 45,S STANFORD RD,,400.0,E,39.09058919,-86.66527284,STATE ROAD,N,RURAL,N,N,N,,DAYLIGHT,CLEAR,DRY,,NO JUNCTION INVOLVED,STRAIGHT/LEVEL,ASPHALT,FOLLOWING TOO CLOSELY,REAR END,SOUTHSTANFORDRDSR45W,NONE,2019-09-11 16:30:00
MONROE SD,BLOOMINGTON,2,0.0,0.0,0.0,0.0,,,,SR 45,W ISON RD ,,200.0,W,39.12788,-86.60650267,STATE ROAD,N,RURAL,N,N,N,,DAYLIGHT,CLEAR,DRY,,NO JUNCTION INVOLVED,STRAIGHT/LEVEL,ASPHALT,FOLLOWING TOO CLOSELY,REAR END,SISONRDSR45W,NONE,2019-09-11 10:17:00
BLOOMINGTON PD,BLOOMINGTON,2,0.0,1.0,0.0,0.0,2966.0,,,KINGSTON DR S,SR 46,,,,39.16424,-86.492944,LOCAL/CITY ROAD,N,URBAN,N,N,N,,DAWN/DUSK,CLEAR,DRY,,FOUR-WAY INTERSECTION,STRAIGHT/LEVEL,ASPHALT,FAILURE TO YIELD RIGHT OF WAY,RIGHT ANGLE,2966E3RDSTSOUTHKINGSTONST,STOP SIGN,2019-09-12 18:52:00
BLOOMINGTON PD,BLOOMINGTON,3,0.0,5.0,0.0,0.0,,,,SR 45/46,N KINSER PIKE,,300.0,W,39.18659114,-86.53894503,LOCAL/CITY ROAD,N,URBAN,N,N,N,,DAYLIGHT,CLEAR,DRY,,NO JUNCTION INVOLVED,STRAIGHT/GRADE,ASPHALT,DRIVER DISTRACTED - EXPLAIN IN NARRATIVE,REAR END,NKINSERPKWYWSTATEROAD46HWY,NONE,2019-09-12 15:20:00
INDIANA UNIV BLOOMINGTON PD,BLOOMINGTON,2,0.0,0.0,0.0,0.0,,,,E 3RD,S HIGHLAND AVE,,,,,,LOCAL/CITY ROAD,N,URBAN,N,N,N,,DAYLIGHT,CLEAR,DRY,,T-INTERSECTION,STRAIGHT/LEVEL,ASPHALT,UNSAFE LANE MOVEMENT,SAME DIRECTION SIDESWIPE,HIGHLANDAVETHIRDST,LANE CONTROL,2019-09-12 17:50:00
BLOOMINGTON PD,BLOOMINGTON,2,0.0,0.0,0.0,0.0,,,,W OLD SR 37,N WALNUT ST,,200.0,E,39.20704,-86.534704,LOCAL/CITY ROAD,N,URBAN,N,N,N,,DAYLIGHT,CLEAR,DRY,,NO JUNCTION INVOLVED,STRAIGHT/GRADE,ASPHALT,IMPROPER TURNING,LEFT TURN,NOLDSR37RDWALNUTST,LANE CONTROL,2019-09-12 08:30:00
MONROE SD,BLOOMINGTON,1,0.0,0.0,0.0,0.0,,,,S WALNUT,S ORCHARD LN,,300.0,S,0.0,0.0,LOCAL/CITY ROAD,N,RURAL,N,N,Y,WORK ON SHOULDER,DAYLIGHT,CLEAR,DRY,,NO JUNCTION INVOLVED,STRAIGHT/LEVEL,ASPHALT,DRIVER DISTRACTED - EXPLAIN IN NARRATIVE,RAN OFF ROAD,SOLDSTATEROD37RDSORCHARDLN,NONE,2019-09-12 00:40:00
ELLETTSVILLE PD,ELLETTSVILLE,2,0.0,0.0,0.0,0.0,,,,EDGEWOOD,EDGEWOOD DR,,,,39.236288,-86.628336,UNKNOWN,N,RURAL,Y,N,N,,DAYLIGHT,CLEAR,DRY,,T-INTERSECTION,STRAIGHT/GRADE,ASPHALT,DRIVER DISTRACTED - EXPLAIN IN NARRATIVE,REAR END,EDGEWOODDREDGEWOODDR,NONE,2019-09-12 14:40:00
BLOOMINGTON PD,BLOOMINGTON,2,0.0,0.0,0.0,0.0,,,,N COLLEGE,W 8TH ST,,,,39.169552,-86.534784,LOCAL/CITY ROAD,N,URBAN,N,N,N,,DAYLIGHT,CLEAR,DRY,,FOUR-WAY INTERSECTION,STRAIGHT/LEVEL,ASPHALT,IMPROPER TURNING,LEFT TURN,COLLEGEAVEW8THST,NONE,2019-09-12 17:20:00