Agency,City,Vehicles Involved,Trailers Involved,Number Injured,Number Dead,Number Deer,House Number,Roadway Interchange,Roadway Ramp,Roadway Id,Intersecting Road,Interchange,Feet From,Direction,Latitude,Longitude,Roadway Class,Hit and Run?,Locality,School Zone?,Rumble Strips?,Construction?,Construction Type,Light Condition,Weather Conditions,Surface Condition,Type of Median,Roadway Junction Type,Road Character,Roadway Surface,Primary Factor,Manner of Collision,Unique Location Id,Traffic Control,DateTime
BLOOMINGTON PD,BLOOMINGTON,2,0.0,1.0,0.0,0.0,,,,W 17TH,N WILLIS DR,,,,39.179104,-86.544016,LOCAL/CITY ROAD,N,URBAN,N,N,N,,DAYLIGHT,CLEAR,DRY,,T-INTERSECTION,STRAIGHT/LEVEL,CONCRETE,FOLLOWING TOO CLOSELY,REAR END,NWILLISDRW17THST,STOP SIGN,2019-09-24 03:13:00
INDIANA UNIV BLOOMINGTON PD,BLOOMINGTON,1,0.0,0.0,0.0,0.0,,,,N FEE,E 10TH ST,,,,39.17161,-86.518985,LOCAL/CITY ROAD,N,URBAN,N,N,N,,DAYLIGHT,CLEAR,DRY,,T-INTERSECTION,STRAIGHT/LEVEL,ASPHALT,OTHER (DRIVER) - EXPLAIN IN NARRATIVE,OTHER - EXPLAIN IN NARRATIVE,FEELNTENTHST,TRAFFIC CONTROL SIGNAL,2019-09-24 11:15:00
MONROE SD,BLOOMINGTON,2,0.0,1.0,0.0,0.0,,,,N PROFILE,W GRAND AVE,,250.0,N,39.19302745,-86.59259,LOCAL/CITY ROAD,N,RURAL,N,N,N,,DAYLIGHT,CLEAR,DRY,,NO JUNCTION INVOLVED,STRAIGHT/LEVEL,ASPHALT,FAILURE TO YIELD RIGHT OF WAY,RIGHT ANGLE,NPROFILEPKWYWGRANDAVE,NONE,2019-09-24 03:45:00
MONROE SD,BLOOMINGTON,1,0.0,0.0,0.0,0.0,,,,N STONE MILL,W BAYLES RD,,300.0,S,39.18372545,-86.536835,COUNTY ROAD,N,RURAL,N,N,N,,DAYLIGHT,CLEAR,DRY,,T-INTERSECTION,STRAIGHT/LEVEL,GRAVEL,RAN OFF ROAD RIGHT,RAN OFF ROAD,EBAYLESRDNSTONEMILLRD,NONE,2019-09-24 15:12:00
MONROE SD,BLOOMINGTON,2,0.0,0.0,0.0,0.0,,,,SR 37,,,3000.0,N,39.10100964,-86.54769604,STATE ROAD,N,RURAL,N,N,Y,LANE CLOSURE,DAYLIGHT,CLEAR,DRY,,NO JUNCTION INVOLVED,STRAIGHT/GRADE,ASPHALT,FOLLOWING TOO CLOSELY,REAR END,EDILLMANRDSR37N,LANE CONTROL,2019-09-24 08:51:00
MONROE SD,BLOOMINGTON,1,0.0,0.0,0.0,0.0,,,,SR 46,S TWINLEAF TRACE,,309.0,W,39.15265,-86.37058831,STATE ROAD,N,RURAL,N,N,N,,DAYLIGHT,CLEAR,DRY,,NO JUNCTION INVOLVED,STRAIGHT/LEVEL,CONCRETE,DRIVER ASLEEP OR FATIGUED,RAN OFF ROAD,STWINLEAFTRSR46E,NONE,2019-09-24 16:17:00
BLOOMINGTON PD,BLOOMINGTON,2,0.0,0.0,0.0,0.0,,,,W DIXIE,S FAIRVIEW ST,,,,39.156752,-86.540976,LOCAL/CITY ROAD,Y,URBAN,N,N,N,,DAYLIGHT,CLEAR,DRY,,FOUR-WAY INTERSECTION,STRAIGHT/GRADE,ASPHALT,UNSAFE LANE MOVEMENT,REAR END,SFAIRVIEWSTWDIXIEST,NONE,2019-09-24 11:00:00
MONROE SD,BLOOMINGTON,1,0.0,1.0,0.0,0.0,,,,W THAT,S VICTOR PIKE,,1000.0,W,39.11484351,-86.54991367,LOCAL/CITY ROAD,N,RURAL,N,N,N,,DAYLIGHT,CLEAR,DRY,,NO JUNCTION INVOLVED,STRAIGHT/LEVEL,ASPHALT,RAN OFF ROAD RIGHT,RAN OFF ROAD,SVICTORPIKETHATRD,NONE,2019-09-24 19:28:00
BLOOMINGTON PD,BLOOMINGTON,2,0.0,0.0,0.0,0.0,,,,SR 48,S WELMIR DR,,,,39.16461,-86.57913,LOCAL/CITY ROAD,N,URBAN,N,N,N,,DAYLIGHT,CLEAR,DRY,,FOUR-WAY INTERSECTION,STRAIGHT/LEVEL,ASPHALT,FAILURE TO YIELD RIGHT OF WAY,RIGHT ANGLE,SLIBERTYDRW3RDST,TRAFFIC CONTROL SIGNAL,2019-09-25 17:14:00
INDIANA UNIV BLOOMINGTON PD,BLOOMINGTON,2,0.0,0.0,0.0,0.0,,,,N WOODLAWN,E 10TH ST,,,,39.17164,-86.52351,LOCAL/CITY ROAD,N,URBAN,N,N,N,,DAYLIGHT,CLEAR,DRY,,FOUR-WAY INTERSECTION,STRAIGHT/LEVEL,ASPHALT,IMPROPER PASSING,SAME DIRECTION SIDESWIPE,TENTHSTWOODLAWNAVE,TRAFFIC CONTROL SIGNAL,2019-09-25 18:35:00
MONROE SD,BLOOMINGTON,2,0.0,0.0,0.0,0.0,,,,SR 46,I-69 S,,,,39.19369,-86.571693,STATE ROAD,Y,RURAL,N,Y,Y,LANE CLOSURE,DAYLIGHT,CLEAR,DRY,,RAMP,STRAIGHT/LEVEL,ASPHALT,FAILURE TO YIELD RIGHT OF WAY,SAME DIRECTION SIDESWIPE,CURRYPIKESR46W,NONE,2019-09-25 16:45:00
MONROE SD,BLOOMINGTON,1,0.0,1.0,0.0,0.0,,,,SR 46,E BENDER RD,,500.0,W,39.16361443,-86.4397635,STATE ROAD,N,RURAL,N,N,N,,DARK (NOT LIGHTED),CLEAR,DRY,,NO JUNCTION INVOLVED,STRAIGHT/LEVEL,ASPHALT,RAN OFF ROAD RIGHT,RAN OFF ROAD,EASTBENDERRDSR46E,NONE,2019-09-25 00:45:00
MONROE SD,BLOOMINGTON,2,0.0,2.0,0.0,0.0,,,,SR 37,E SMITHVILLE RD,,,,39.071056,-86.5356,STATE ROAD,N,RURAL,N,N,N,,DAYLIGHT,CLEAR,DRY,,FOUR-WAY INTERSECTION,STRAIGHT/LEVEL,ASPHALT,FAILURE TO YIELD RIGHT OF WAY,RIGHT ANGLE,ESMITHVILLERDSR37N,YIELD SIGN,2019-09-25 14:55:00
INDIANA UNIV BLOOMINGTON PD,BLOOMINGTON,2,0.0,0.0,0.0,0.0,,,,N WALNUT GROVE,E 13TH ST,,,,39.17513,-86.52103,LOCAL/CITY ROAD,N,URBAN,N,N,N,,DAYLIGHT,CLEAR,DRY,,FOUR-WAY INTERSECTION,STRAIGHT/LEVEL,ASPHALT,FAILURE TO YIELD RIGHT OF WAY,RIGHT ANGLE,THIRTEENTHSTWALNUTGROVEST,STOP SIGN,2019-09-25 17:10:00
BLOOMINGTON PD,BLOOMINGTON,1,0.0,0.0,0.0,0.0,1104.0,,,S COVENANTER,,,,,39.15426431,-86.50878096,UNKNOWN,Y,URBAN,N,N,N,,DAYLIGHT,CLEAR,DRY,,NO JUNCTION INVOLVED,STRAIGHT/LEVEL,ASPHALT,UNSAFE BACKING,RAN OFF ROAD,SCOVENANTERDR,NONE,2019-09-25 14:35:00
INDIANA UNIV BLOOMINGTON PD,BLOOMINGTON,2,0.0,0.0,0.0,0.0,,,,S FESS,E ATWATER AVE,,,,39.16312,-86.5259,LOCAL/CITY ROAD,N,URBAN,N,N,N,,DAYLIGHT,CLEAR,DRY,,T-INTERSECTION,STRAIGHT/LEVEL,ASPHALT,IMPROPER TURNING,LEFT TURN,ATWATERAVEFESSAVE,STOP SIGN,2019-09-25 10:00:00
MONROE SD,BLOOMINGTON,2,0.0,0.0,0.0,0.0,,,,S VICTOR,W THAT RD,,,,39.11464,-86.5464,COUNTY ROAD,N,RURAL,N,N,N,,DAYLIGHT,CLEAR,DRY,,FOUR-WAY INTERSECTION,STRAIGHT/LEVEL,ASPHALT,FAILURE TO YIELD RIGHT OF WAY,RIGHT ANGLE,SVICTORPIKEWTHATRD,STOP SIGN,2019-09-25 17:27:00
MONROE SD,BLOOMINGTON,2,0.0,0.0,0.0,0.0,,,,SR 45,W ELWREN RD,,,,39.107648,-86.643696,STATE ROAD,N,RURAL,N,N,N,,DAYLIGHT,CLOUDY,DRY,,FOUR-WAY INTERSECTION,STRAIGHT/GRADE,ASPHALT,FAILURE TO YIELD RIGHT OF WAY,RIGHT ANGLE,ELWRENRDSR45W,STOP SIGN,2019-09-25 15:24:00
BLOOMINGTON PD,BLOOMINGTON,1,0.0,0.0,0.0,0.0,,,,W 3RD,S MUELLER AVE,,,,0.0,0.0,LOCAL/CITY ROAD,N,URBAN,N,N,N,,DAYLIGHT,CLEAR,DRY,,RAILROAD CROSSINGS,STRAIGHT/LEVEL,CONCRETE,RAN OFF ROAD RIGHT,RAN OFF ROAD,SMUELLERAVEW3RDST,RR CROSSING CROSSBUCKS ONLY,2019-09-25 15:45:00
BLOOMINGTON PD,BLOOMINGTON,2,0.0,0.0,0.0,0.0,828.0,,,W 7TH,,,,,39.16874057,-86.54252571,LOCAL/CITY ROAD,Y,URBAN,N,N,N,,UNKNOWN,CLEAR,DRY,,NO JUNCTION INVOLVED,STRAIGHT/LEVEL,ASPHALT,UNSAFE LANE MOVEMENT,SAME DIRECTION SIDESWIPE,W7THST,NONE,2019-09-25 08:00:00
BLOOMINGTON PD,BLOOMINGTON,1,0.0,0.0,1.0,0.0,,,,S WALNUT,E 3RD ST,,190.0,S,39.16411815,-86.5336,LOCAL/CITY ROAD,N,URBAN,N,N,N,,DAYLIGHT,CLEAR,DRY,,NO JUNCTION INVOLVED,STRAIGHT/LEVEL,ASPHALT,PEDESTRIAN ACTION,RIGHT TURN,E3RDSTWALNUTST,NONE,2019-09-26 11:44:00
MONROE SD,BLOOMINGTON,2,0.0,0.0,0.0,0.0,,,,S WALNUT,S FAIRFAX RD,,100.0,S,39.09670104,-86.53149,LOCAL/CITY ROAD,N,RURAL,N,N,N,,DAYLIGHT,CLEAR,DRY,,NO JUNCTION INVOLVED,STRAIGHT/GRADE,ASPHALT,DRIVER DISTRACTED - EXPLAIN IN NARRATIVE,REAR END,SFAIRFAXRDSOLDSR37RD,LANE CONTROL,2019-09-26 08:40:00
MONROE SD,BLOOMINGTON,1,0.0,0.0,0.0,1.0,,,,SR 46,E KINGS RD,,1500.0,E,39.16659,-86.45518968,STATE ROAD,N,RURAL,N,N,N,,DARK (NOT LIGHTED),CLEAR,DRY,,NO JUNCTION INVOLVED,CURVE/LEVEL,ASPHALT,ANIMAL/OBJECT IN ROADWAY,COLLISION WITH DEER,EASTKINGSRDSR46E,NONE,2019-09-26 05:53:00
BLOOMINGTON PD,BLOOMINGTON,2,0.0,0.0,0.0,0.0,,,,W KIRKWOOD,S ROGERS ST,,75.0,W,39.16667553,-86.53887258,LOCAL/CITY ROAD,N,URBAN,N,N,N,,DAYLIGHT,CLEAR,DRY,,NO JUNCTION INVOLVED,STRAIGHT/LEVEL,ASPHALT,FAILURE TO YIELD RIGHT OF WAY,RIGHT ANGLE,KIRKWOODAVEROGERSST,LANE CONTROL,2019-09-26 10:59:00
BLOOMINGTON PD,BLOOMINGTON,1,0.0,1.0,0.0,0.0,,,,E ATWATER,S MITCHELL ST,,,,39.163136,-86.514096,LOCAL/CITY ROAD,N,URBAN,N,N,N,,DAYLIGHT,CLEAR,DRY,,FOUR-WAY INTERSECTION,STRAIGHT/GRADE,ASPHALT,OTHER (DRIVER) - EXPLAIN IN NARRATIVE,NON-COLLISION,EATWATERAVESMITCHELLST,STOP SIGN,2019-09-26 17:24:00
BLOOMINGTON PD,BLOOMINGTON,1,0.0,0.0,0.0,0.0,501.0,,,N COLLEGE,,,,,39.170544,-86.534768,UNKNOWN,N,URBAN,N,N,N,,DAYLIGHT,CLEAR,DRY,,T-INTERSECTION,STRAIGHT/LEVEL,ASPHALT,OTHER (DRIVER) - EXPLAIN IN NARRATIVE,COLLISION WITH OBJECT IN ROAD,NCOLLEGEAVE,NONE,2019-09-26 16:50:00
BLOOMINGTON PD,BLOOMINGTON,2,0.0,0.0,0.0,0.0,,,,N MORTON,W 7TH ST,,,,39.168672,-86.536,LOCAL/CITY ROAD,N,URBAN,N,N,N,,DAYLIGHT,CLEAR,DRY,,FOUR-WAY INTERSECTION,STRAIGHT/LEVEL,ASPHALT,FOLLOWING TOO CLOSELY,REAR END,7THSTMORTONST,NONE,2019-09-26 11:00:00
INDIANA UNIV BLOOMINGTON PD,BLOOMINGTON,2,0.0,0.0,0.0,0.0,,,,N WALNUT GROVE,E COTTAGE GROVE AVE,,,,39.1725,-86.521,LOCAL/CITY ROAD,Y,URBAN,N,N,N,,DAYLIGHT,CLEAR,DRY,,NO JUNCTION INVOLVED,STRAIGHT/GRADE,ASPHALT,OVERCORRECTING/OVERSTEERING,OTHER - EXPLAIN IN NARRATIVE,COTTAGEGROVESTWALNUTGROVEST,NONE,2019-09-26 08:00:00
INDIANA UNIV BLOOMINGTON PD,BLOOMINGTON,2,0.0,0.0,0.0,0.0,,,,N WALNUT GROVE,E COTTAGE GROVE AVE,,,,39.1725,-86.521,LOCAL/CITY ROAD,N,URBAN,N,N,N,,DAYLIGHT,CLEAR,DRY,,NO JUNCTION INVOLVED,STRAIGHT/LEVEL,ASPHALT,IMPROPER TURNING,SAME DIRECTION SIDESWIPE,COTTAGEGROVESTWALNUTGROVEST,NONE,2019-09-26 14:15:00
BLOOMINGTON PD,BLOOMINGTON,2,0.0,0.0,0.0,0.0,,,,N WASHINGTON,E 7TH ST,,,,39.16854,-86.53233,LOCAL/CITY ROAD,N,URBAN,N,N,N,,DAYLIGHT,CLEAR,DRY,,NO JUNCTION INVOLVED,STRAIGHT/GRADE,ASPHALT,DRIVER DISTRACTED - EXPLAIN IN NARRATIVE,SAME DIRECTION SIDESWIPE,SEVENTHSTWASHINGTONST,NONE,2019-09-26 10:54:00
MONROE SD,BLOOMINGTON,2,0.0,0.0,0.0,0.0,,,,S HARMONY,S MT ZION RD,,,,39.05016,-86.60926,LOCAL/CITY ROAD,N,RURAL,N,N,N,,DAYLIGHT,CLEAR,DRY,,T-INTERSECTION,CURVE/LEVEL,ASPHALT,FOLLOWING TOO CLOSELY,REAR END,SHARMONYRDSMTZIONRD,NONE,2019-09-26 16:31:00
BLOOMINGTON PD,BLOOMINGTON,2,0.0,1.0,0.0,0.0,,,,SR 48,S CURRY PIKE,,300.0,W,39.16464,-86.58293403,STATE ROAD,N,URBAN,N,N,N,,DAYLIGHT,CLEAR,DRY,,NO JUNCTION INVOLVED,STRAIGHT/LEVEL,ASPHALT,FAILURE TO YIELD RIGHT OF WAY,RIGHT ANGLE,CURRYPIKESR48W,LANE CONTROL,2019-09-27 12:01:00
BLOOMINGTON PD,BLOOMINGTON,2,0.0,0.0,0.0,0.0,,,,E WINSLOW,S WALNUT ST PIKE,,,,39.136144,-86.528688,LOCAL/CITY ROAD,N,URBAN,N,N,Y,LANE CLOSURE,DAYLIGHT,CLEAR,DRY,,FOUR-WAY INTERSECTION,STRAIGHT/LEVEL,ASPHALT,FAILURE TO YIELD RIGHT OF WAY,RIGHT ANGLE,EWINSLOWRDSWALNUTSTREETPIKE,STOP SIGN,2019-09-27 14:20:00
MONROE SD,BLOOMINGTON,2,0.0,1.0,0.0,0.0,,,,SR 46,SR 446,,1000.0,E,39.135648,-86.462,STATE ROAD,N,URBAN,N,N,N,,DAYLIGHT,CLEAR,DRY,,T-INTERSECTION,STRAIGHT/LEVEL,ASPHALT,FOLLOWING TOO CLOSELY,REAR END,SR46ESTATEROAD446RD,NONE,2019-09-27 13:14:00
BLOOMINGTON PD,BLOOMINGTON,2,0.0,0.0,0.0,0.0,,,,W BLOOMFIELD,W ALLEN ST,,,,39.156144,-86.561296,LOCAL/CITY ROAD,N,URBAN,N,Y,N,,DAYLIGHT,CLEAR,DRY,,T-INTERSECTION,STRAIGHT/HILLCREST,ASPHALT,FAILURE TO YIELD RIGHT OF WAY,LEFT TURN,WALLENSTWBLOOMFIELDRD,STOP SIGN,2019-09-27 17:19:00
MONROE SD,BLOOMINGTON,2,0.0,1.0,0.0,0.0,,,,SR 37,S ZIKES RD,,500.0,S,38.9966933,-86.54102,STATE ROAD,N,RURAL,N,N,N,,DARK (NOT LIGHTED),CLEAR,DRY,,NO JUNCTION INVOLVED,STRAIGHT/LEVEL,ASPHALT,IMPROPER LANE USAGE,REAR END,SOUTHZIKESRDSR37S,NONE,2019-09-27 03:22:00
MONROE SD,BLOOMINGTON,1,0.0,0.0,0.0,0.0,,,,I-69 S,,,100.0,S,41.37294174,-85.07820502,INTERSTATE,N,RURAL,N,Y,N,,DARK (NOT LIGHTED),CLEAR,DRY,,NO JUNCTION INVOLVED,STRAIGHT/GRADE,ASPHALT,RAN OFF ROAD RIGHT,RAN OFF ROAD,I69S129.5,NONE,2019-09-27 20:50:00
ELLETTSVILLE PD,ELLETTSVILLE,2,0.0,0.0,0.0,0.0,,,,SR 46,N CONSTABLE DR,,,,39.25889,-86.65717,STATE ROAD,N,URBAN,N,N,N,,DAYLIGHT,CLEAR,DRY,,T-INTERSECTION,CURVE/GRADE,ASPHALT,UNSAFE LANE MOVEMENT,SAME DIRECTION SIDESWIPE,CONSTABLESTSR46W,NONE,2019-09-27 15:48:00
MONROE SD,BLOOMINGTON,1,0.0,1.0,0.0,0.0,,,,SR 46,N LOWER BIRDIE GALYAN RD,,,,39.16269,-86.41335,STATE ROAD,N,RURAL,N,N,N,,DAYLIGHT,CLEAR,DRY,,T-INTERSECTION,CURVE/GRADE,ASPHALT,RAN OFF ROAD RIGHT,RAN OFF ROAD,NLOWERBIRDIEGALYANRDSR46E,NONE,2019-09-28 09:55:00
ISP BLOOMINGTON 33,BLOOMINGTON,1,,1.0,0.0,0.0,,,,I-69 N,,,0.0,S,39.15821924,-86.5729816,INTERSTATE,,URBAN,N,N,N,,DAYLIGHT,CLEAR,DRY,,NO JUNCTION INVOLVED,,ASPHALT,DRIVER ILLNESS,SAME DIRECTION SIDESWIPE,,,2019-09-28 16:05:00
MONROE SD,BLOOMINGTON,1,0.0,1.0,0.0,1.0,,,,S WALNUT,W WAYSIDE DR,,300.0,N,39.2128496,-86.53149,STATE ROAD,N,RURAL,N,N,N,,DARK (NOT LIGHTED),CLEAR,DRY,,FOUR-WAY INTERSECTION,STRAIGHT/GRADE,ASPHALT,ANIMAL/OBJECT IN ROADWAY,COLLISION WITH DEER,FAIRFAXRDSR37S,NONE,2019-09-28 00:29:00
INDIANA UNIV BLOOMINGTON PD,BLOOMINGTON,3,0.0,2.0,0.0,0.0,,,,SR 45/46,,,2000.0,E,39.18596,-86.51983304,STATE ROAD,N,URBAN,N,N,N,,DARK (NOT LIGHTED),CLEAR,DRY,,NO JUNCTION INVOLVED,CURVE/LEVEL,ASPHALT,OBSTRUCTION NOT MARKED,REAR END,FEELNSR46,LANE CONTROL,2019-09-28 22:15:00
INDIANA UNIV BLOOMINGTON PD,BLOOMINGTON,2,0.0,0.0,0.0,0.0,,,,S HIGHLAND,E 3RD ST,,,,39.16427,-86.51772,LOCAL/CITY ROAD,N,URBAN,N,N,N,,DAYLIGHT,CLEAR,DRY,,T-INTERSECTION,STRAIGHT/LEVEL,ASPHALT,IMPROPER TURNING,LEFT TURN,HIGHLANDAVETHIRDST,NONE,2019-09-29 13:55:00
BLOOMINGTON PD,BLOOMINGTON,2,0.0,1.0,0.0,0.0,,,,W 17TH,N WILLIS DR,,,,39.179104,-86.544016,LOCAL/CITY ROAD,N,URBAN,N,N,N,,DARK (NOT LIGHTED),CLEAR,DRY,,T-INTERSECTION,STRAIGHT/HILLCREST,ASPHALT,FOLLOWING TOO CLOSELY,REAR END,NWILLISDRW17THST,NONE,2019-09-29 21:20:00
MONROE SD,BLOOMINGTON,1,0.0,0.0,0.0,1.0,,,,I-69 S,,,300.0,N,41.38017958,-85.07445188,INTERSTATE,N,RURAL,N,N,N,,DARK (NOT LIGHTED),CLEAR,DRY,,NO JUNCTION INVOLVED,STRAIGHT/GRADE,ASPHALT,ANIMAL/OBJECT IN ROADWAY,COLLISION WITH DEER,I69S130,NONE,2019-09-29 21:50:00
BLOOMINGTON PD,BLOOMINGTON,2,0.0,0.0,0.0,0.0,,,,W TAPP,S ROCKPORT RD,,,,39.13635,-86.54875,LOCAL/CITY ROAD,N,URBAN,N,N,N,,DAYLIGHT,CLEAR,DRY,,FOUR-WAY INTERSECTION,STRAIGHT/GRADE,ASPHALT,FOLLOWING TOO CLOSELY,REAR END,SROCKPORTRDWTAPPRD,NONE,2019-09-29 12:53:00
INDIANA UNIV BLOOMINGTON PD,BLOOMINGTON,2,0.0,0.0,0.0,0.0,,,,S JORDAN,E 3RD ST,,,,39.16426,-86.51642,LOCAL/CITY ROAD,Y,URBAN,N,N,N,,DAYLIGHT,CLEAR,DRY,,NO JUNCTION INVOLVED,STRAIGHT/LEVEL,ASPHALT,IMPROPER LANE USAGE,SAME DIRECTION SIDESWIPE,JORDANAVETHIRDST,NONE,2019-09-30 14:40:00
BLOOMINGTON PD,BLOOMINGTON,2,0.0,0.0,0.0,0.0,,,,E 3RD,S DUNN ST,,,,39.164448,-86.528096,LOCAL/CITY ROAD,N,URBAN,N,N,N,,DAYLIGHT,CLEAR,DRY,,FOUR-WAY INTERSECTION,STRAIGHT/HILLCREST,ASPHALT,FAILURE TO YIELD RIGHT OF WAY,RIGHT ANGLE,EAST3RDSTSOUTHDUNNST,TRAFFIC CONTROL SIGNAL,2019-09-30 09:54:00
BLOOMINGTON PD,BLOOMINGTON,2,0.0,0.0,0.0,0.0,,,,S WALNUT,W COUNTRY CLUB DR,,,,39.13597,-86.53111,LOCAL/CITY ROAD,N,URBAN,N,N,N,,DAYLIGHT,CLEAR,DRY,,FOUR-WAY INTERSECTION,STRAIGHT/LEVEL,ASPHALT,FAILURE TO YIELD RIGHT OF WAY,HEAD ON BETWEEN TWO MOTOR VEHICLES,COUNTRYCLUBDRSOUTHWALNUTST,TRAFFIC CONTROL SIGNAL,2019-09-30 17:40:00
MONROE SD,BLOOMINGTON,2,0.0,0.0,0.0,0.0,,,,S WALNUT,SR 37,,,,39.085632,-86.542304,STATE ROAD,N,RURAL,N,N,N,,DAYLIGHT,CLEAR,DRY,,FOUR-WAY INTERSECTION,STRAIGHT/GRADE,ASPHALT,FOLLOWING TOO CLOSELY,REAR END,OLDSTATEROAD37RDSR37S,TRAFFIC CONTROL SIGNAL,2019-09-30 15:53:00
INDIANA UNIV BLOOMINGTON PD,BLOOMINGTON,2,1.0,1.0,0.0,0.0,,,,SR 45/46,N FEE LN,,,,39.1863,-86.53191,STATE ROAD,N,URBAN,N,N,N,,DAYLIGHT,CLEAR,DRY,,FOUR-WAY INTERSECTION,STRAIGHT/LEVEL,ASPHALT,BRAKE FAILURE OR DEFECTIVE,REAR END,MATLOCKRDSR46,TRAFFIC CONTROL SIGNAL,2019-09-30 18:35:00
BLOOMINGTON PD,BLOOMINGTON,2,0.0,0.0,0.0,0.0,,,,S ADAMS,S PATTERSON DR,,100.0,N,39.17498939,-86.55188,LOCAL/CITY ROAD,N,URBAN,N,N,N,,DAYLIGHT,CLEAR,DRY,,NO JUNCTION INVOLVED,CURVE/GRADE,ASPHALT,FAILURE TO YIELD RIGHT OF WAY,LEFT TURN,ADAMSSTPATTERSONDR,LANE CONTROL,2019-09-30 12:07:00
BLOOMINGTON PD,BLOOMINGTON,2,0.0,1.0,0.0,0.0,,,,W 3RD,S PATTERSON DR,,,,0.0,0.0,LOCAL/CITY ROAD,N,URBAN,N,N,N,,DAYLIGHT,CLEAR,DRY,,T-INTERSECTION,STRAIGHT/LEVEL,ASPHALT,FOLLOWING TOO CLOSELY,REAR END,E3RDSTSPATTERSONDR,TRAFFIC CONTROL SIGNAL,2019-09-30 12:20:00
BLOOMINGTON PD,BLOOMINGTON,2,0.0,0.0,0.0,0.0,,,,E 10TH,N LINCOLN ST,,,,39.171712,-86.530992,LOCAL/CITY ROAD,N,URBAN,N,N,N,,DAYLIGHT,CLEAR,DRY,,FOUR-WAY INTERSECTION,STRAIGHT/LEVEL,ASPHALT,FAILURE TO YIELD RIGHT OF WAY,RIGHT ANGLE,E10THSTNLINCOLNST,STOP SIGN,2019-09-30 14:29:00
ISP BLOOMINGTON 33,BLOOMINGTON,1,,0.0,0.0,0.0,,,,E TOWER RIDGE,,,0.0,S,39.0125116,-86.37835211,COUNTY ROAD,,RURAL,N,N,N,,DAYLIGHT,CLEAR,LOOSE MATERIAL ON ROAD,,NO JUNCTION INVOLVED,,GRAVEL,,RAN OFF ROAD,,,2019-09-30 18:00:00
BLOOMINGTON PD,BLOOMINGTON,2,0.0,0.0,0.0,0.0,,,,S HENDERSON,E HILLSIDE DR,,,,39.15056,-86.52693,LOCAL/CITY ROAD,N,URBAN,N,N,N,,DAYLIGHT,CLEAR,DRY,,FOUR-WAY INTERSECTION,STRAIGHT/GRADE,ASPHALT,UNSAFE LANE MOVEMENT,SAME DIRECTION SIDESWIPE,HENDERSONSTHILLSIDEDR,LANE CONTROL,2019-09-30 08:38:00
MONROE SD,BLOOMINGTON,2,0.0,0.0,0.0,0.0,300.0,,,W CLEAR CREEK,S MADISON ST,,50.0,W,39.111785,-86.53652467,LOCAL/CITY ROAD,N,RURAL,Y,N,N,,DAYLIGHT,CLEAR,DRY,,NO JUNCTION INVOLVED,STRAIGHT/LEVEL,ASPHALT,UNSAFE BACKING,BACKING CRASH,SMADISONSTW300CLEARCREEKDR,NONE,2019-09-30 15:47:00
BLOOMINGTON PD,BLOOMINGTON,1,0.0,0.0,0.0,0.0,130.0,,,W GRIMES,,,,,39.15434533,-86.5360335,LOCAL/CITY ROAD,N,URBAN,N,N,N,,DAYLIGHT,CLEAR,DRY,,T-INTERSECTION,STRAIGHT/LEVEL,CONCRETE,IMPROPER TURNING,OTHER - EXPLAIN IN NARRATIVE,WGRIMESLN,NONE,2019-09-30 18:57:00
INDIANA UNIV BLOOMINGTON PD,BLOOMINGTON,1,0.0,0.0,0.0,0.0,,,,E 17TH,N INDIANA AVE,,,,39.179024,-86.5272,LOCAL/CITY ROAD,N,URBAN,N,N,N,,DAYLIGHT,CLEAR,DRY,,NO JUNCTION INVOLVED,STRAIGHT/GRADE,OTHER - EXPLAIN IN NARRATIVE,IMPROPER TURNING,COLLISION WITH OBJECT IN ROAD,EAST17THSTINDIANAAVE,NONE,2019-10-01 10:00:00
BLOOMINGTON PD,BLOOMINGTON,1,0.0,1.0,0.0,0.0,,,,W 1ST,S COLLEGE AVE,,,,39.17688,-86.534736,LOCAL/CITY ROAD,N,URBAN,N,N,N,,DAYLIGHT,CLEAR,DRY,,NO JUNCTION INVOLVED,STRAIGHT/LEVEL,ASPHALT,FAILURE TO YIELD RIGHT OF WAY,LEFT TURN,SCOLLEGEAVEW1STST,TRAFFIC CONTROL SIGNAL,2019-10-01 19:00:00
MONROE SD,BLOOMINGTON,2,0.0,0.0,0.0,0.0,,,,S FAIRFAX,S WALNUT ST PIKE,,,,39.10719,-86.52648,COUNTY ROAD,N,RURAL,N,N,N,,DAYLIGHT,CLEAR,DRY,,T-INTERSECTION,STRAIGHT/LEVEL,ASPHALT,IMPROPER TURNING,LEFT TURN,SFAIRFAXRDSWALNUTSTREETPIKE,STOP SIGN,2019-10-01 17:26:00
BLOOMINGTON PD,BLOOMINGTON,2,0.0,1.0,0.0,0.0,,,,N GATES,W JONATHAN DR,,,,39.16876,-86.57642,LOCAL/CITY ROAD,N,URBAN,N,N,N,,DAYLIGHT,CLEAR,DRY,,FOUR-WAY INTERSECTION,STRAIGHT/LEVEL,CONCRETE,FOLLOWING TOO CLOSELY,REAR END,WGATESDRWJONATHANDR,STOP SIGN,2019-10-01 14:25:00