Agency,City,Vehicles Involved,Trailers Involved,Number Injured,Number Dead,Number Deer,House Number,Roadway Interchange,Roadway Ramp,Roadway Id,Intersecting Road,Interchange,Feet From,Direction,Latitude,Longitude,Roadway Class,Hit and Run?,Locality,School Zone?,Rumble Strips?,Construction?,Construction Type,Light Condition,Weather Conditions,Surface Condition,Type of Median,Roadway Junction Type,Road Character,Roadway Surface,Primary Factor,Manner of Collision,Unique Location Id,Traffic Control,DateTime
BLOOMINGTON PD,BLOOMINGTON,2,1.0,0.0,0.0,0.0,,,,SR 45/46,W STONELAKE DR,,300.0,W,39.18699904,-86.54785641,STATE ROAD,N,URBAN,N,N,Y,X-OVER/LANE SHIFT,DAYLIGHT,CLEAR,DRY,,NO JUNCTION INVOLVED,STRAIGHT/LEVEL,CONCRETE,IMPROPER TURNING,LEFT TURN,MONROESTSR46E,LANE CONTROL,2019-10-18 11:25:00
MONROE SD,BLOOMINGTON,2,0.0,0.0,0.0,0.0,,,,SR 48,W PROFILE PKWY,,,,39.16474,-86.59259,STATE ROAD,N,RURAL,N,N,N,,DAYLIGHT,CLEAR,DRY,,FOUR-WAY INTERSECTION,STRAIGHT/LEVEL,ASPHALT,FAILURE TO YIELD RIGHT OF WAY,RIGHT ANGLE,PROFILEPKWYSR48,TRAFFIC CONTROL SIGNAL,2019-10-18 16:17:00
MONROE SD,BLOOMINGTON,2,0.0,1.0,0.0,0.0,,,,W REEVES,N STARNES RD,,,,39.231536,-86.6588,LOCAL/CITY ROAD,N,RURAL,N,N,N,,DAYLIGHT,CLEAR,DRY,,FOUR-WAY INTERSECTION,STRAIGHT/LEVEL,ASPHALT,FAILURE TO YIELD RIGHT OF WAY,RIGHT ANGLE,NSTARNESRDWREEVESRD,STOP SIGN,2019-10-18 15:20:00
ELLETTSVILLE PD,ELLETTSVILLE,2,0.0,0.0,0.0,0.0,,,,N UNIONVALLEY,SR 46,,,,39.215152,-86.5928,LOCAL/CITY ROAD,N,URBAN,N,N,N,,DAYLIGHT,CLEAR,DRY,,FOUR-WAY INTERSECTION,STRAIGHT/LEVEL,ASPHALT,FAILURE TO YIELD RIGHT OF WAY,RIGHT TURN,STATEROAD46WRDUNIONVALLEYRD,STOP SIGN,2019-10-19 15:13:00
BLOOMINGTON PD,BLOOMINGTON,2,0.0,1.0,0.0,0.0,,,,E HILLSIDE,S CLIFTON AVE,,,,39.150544,-86.5096,LOCAL/CITY ROAD,N,URBAN,N,N,N,,DAYLIGHT,CLEAR,DRY,,NO JUNCTION INVOLVED,STRAIGHT/GRADE,ASPHALT,FAILURE TO YIELD RIGHT OF WAY,REAR END,EHILLSIDEDRSCLIFTONAVE,LANE CONTROL,2019-10-19 12:29:00
BLOOMINGTON PD,BLOOMINGTON,2,0.0,1.0,0.0,0.0,,,,N WALNUT,E BLUE RIDGE DR,,50.0,S,39.196848,-86.5344,LOCAL/CITY ROAD,N,URBAN,N,N,N,,DAYLIGHT,CLEAR,DRY,,T-INTERSECTION,STRAIGHT/LEVEL,ASPHALT,UNSAFE SPEED,OTHER - EXPLAIN IN NARRATIVE,BLUERIDGEDRNORTHWALNUTST,LANE CONTROL,2019-10-19 15:15:00
MONROE SD,BLOOMINGTON,1,0.0,1.0,0.0,0.0,,,,N WAYPORT,E ELLIS RD,,300.0,S,39.22862068,-86.52276286,COUNTY ROAD,N,RURAL,N,N,N,,DARK (NOT LIGHTED),CLEAR,DRY,,T-INTERSECTION,STRAIGHT/LEVEL,ASPHALT,RAN OFF ROAD RIGHT,RAN OFF ROAD,EELLISRDNWAYPORTRD,NONE,2019-10-19 22:32:00
BLOOMINGTON PD,BLOOMINGTON,1,0.0,1.0,0.0,0.0,,,,W 17TH,N JACKSON,,,,39.179024,-86.539616,LOCAL/CITY ROAD,Y,URBAN,N,N,N,,DARK (LIGHTED),CLEAR,DRY,,FOUR-WAY INTERSECTION,STRAIGHT/GRADE,ASPHALT,DISREGARD SIGNAL/REG SIGN,RIGHT ANGLE,NORTHJACKSONSTWEST17THST,STOP SIGN,2019-10-19 21:30:00
BLOOMINGTON PD,BLOOMINGTON,1,0.0,0.0,0.0,1.0,,,,W TAPP,S DEBORAH DR,,,,39.13666,-86.56784,LOCAL/CITY ROAD,N,URBAN,N,N,N,,DAYLIGHT,CLEAR,DRY,,FOUR-WAY INTERSECTION,STRAIGHT/GRADE,ASPHALT,ANIMAL/OBJECT IN ROADWAY,COLLISION WITH DEER,DEBORAHDRTAPPRD,NONE,2019-10-19 08:19:00
MONROE SD,BLOOMINGTON,1,0.0,0.0,0.0,0.0,,,,S WALNUT,W CHURCH LN,,,,39.107248,-86.531392,COUNTY ROAD,N,URBAN,N,N,N,,DAYLIGHT,CLEAR,DRY,,FOUR-WAY INTERSECTION,STRAIGHT/GRADE,ASPHALT,RAN OFF ROAD RIGHT,RAN OFF ROAD,SOUTHOLDSTATEROAD37RDWESTCHURCHLN,TRAFFIC CONTROL SIGNAL,2019-10-20 11:18:00
BLOOMINGTON PD,BLOOMINGTON,1,0.0,0.0,0.0,1.0,,,,E HILLSIDE,S HUNTINGTON DR,,,,39.150688,-86.520896,LOCAL/CITY ROAD,N,URBAN,N,N,N,,DARK (NOT LIGHTED),CLEAR,DRY,,T-INTERSECTION,STRAIGHT/LEVEL,ASPHALT,ANIMAL/OBJECT IN ROADWAY,COLLISION WITH DEER,EASTHILLSIDEDRSOUTHHUNTINGTONDR,NONE,2019-10-20 19:25:00
MONROE SD,BLOOMINGTON,1,0.0,0.0,0.0,0.0,,,,I-69 S,,,0.0,S,0.0,0.0,STATE ROAD,N,RURAL,N,N,N,,DARK (NOT LIGHTED),CLEAR,DRY,,NO JUNCTION INVOLVED,STRAIGHT/HILLCREST,ASPHALT,ANIMAL/OBJECT IN ROADWAY,COLLISION WITH OBJECT IN ROAD,SR69S122.5,NONE,2019-10-20 07:29:00
BLOOMINGTON PD,BLOOMINGTON,2,0.0,0.0,0.0,0.0,,,,N WALNUT,N FRITZ DR,,1000.0,N,39.191248,-86.532896,LOCAL/CITY ROAD,N,URBAN,N,N,N,,DARK (LIGHTED),CLEAR,DRY,,NO JUNCTION INVOLVED,STRAIGHT/LEVEL,ASPHALT,FOLLOWING TOO CLOSELY,REAR END,NFRITZDRNWALNUTST,NONE,2019-10-20 19:42:00
MONROE SD,BLOOMINGTON,2,0.0,0.0,0.0,0.0,6280.0,,,S OLD SR 37,,,,,39.24148245,-86.49912327,UNKNOWN,N,URBAN,N,N,N,,DAYLIGHT,CLEAR,DRY,,T-INTERSECTION,STRAIGHT/LEVEL,ASPHALT,FAILURE TO YIELD RIGHT OF WAY,RIGHT ANGLE,OLDSTATEROAD37HWY,LANE CONTROL,2019-10-20 13:50:00
INDIANA UNIV BLOOMINGTON PD,BLOOMINGTON,2,0.0,3.0,0.0,0.0,,,,E 17TH,SR 45/46,,,,0.0,0.0,STATE ROAD,N,URBAN,N,N,N,,DAYLIGHT,RAIN,WET,,T-INTERSECTION,STRAIGHT/LEVEL,ASPHALT,FAILURE TO YIELD RIGHT OF WAY,LEFT TURN,EAST17THSTSR46,TRAFFIC CONTROL SIGNAL,2019-10-21 09:30:00
ELLETTSVILLE PD,ELLETTSVILLE,2,0.0,0.0,0.0,0.0,,,,SR 46,N SMITH PIKE,,,,39.210144,-86.5832,STATE ROAD,N,URBAN,N,N,N,,DARK (LIGHTED),CLOUDY,WET,,NO JUNCTION INVOLVED,STRAIGHT/LEVEL,ASPHALT,FOLLOWING TOO CLOSELY,RAN OFF ROAD,SMITHPIKESR46W,TRAFFIC CONTROL SIGNAL,2019-10-21 07:43:00
INDIANA UNIV BLOOMINGTON PD,BLOOMINGTON,2,0.0,0.0,0.0,0.0,,,,SR 45/46,N DUNN ST,,,,39.186352,-86.528496,STATE ROAD,N,URBAN,N,N,N,,DARK (NOT LIGHTED),CLEAR,DRY,,FOUR-WAY INTERSECTION,STRAIGHT/LEVEL,ASPHALT,OTHER (DRIVER) - EXPLAIN IN NARRATIVE,REAR END,DUNNSTSR45W,TRAFFIC CONTROL SIGNAL,2019-10-21 20:30:00
INDIANA UNIV BLOOMINGTON PD,BLOOMINGTON,1,0.0,1.0,0.0,0.0,,,,E 10TH,N SUNRISE DR,,300.0,E,0.0,0.0,LOCAL/CITY ROAD,N,URBAN,N,N,N,,DAYLIGHT,RAIN,WET,,NO JUNCTION INVOLVED,STRAIGHT/LEVEL,ASPHALT,PEDESTRIAN ACTION,RIGHT ANGLE,10THSTSUNRISEAVE,NONE,2019-10-21 08:43:00
INDIANA UNIV BLOOMINGTON PD,BLOOMINGTON,1,0.0,1.0,0.0,0.0,,,,E 10TH,N JEFFERSON ST,,200.0,E,39.17141,-86.5072173,LOCAL/CITY ROAD,N,URBAN,N,N,N,,DAYLIGHT,CLOUDY,WET,,NO JUNCTION INVOLVED,CURVE/LEVEL,ASPHALT,SPEED TOO FAST FOR WEATHER CONDITIONS,RAN OFF ROAD,10THSTJEFFERSONST,NONE,2019-10-21 13:30:00
BLOOMINGTON PD,BLOOMINGTON,2,0.0,1.0,0.0,0.0,,,,SR 45/46,N MONROE ST,,,,39.186944,-86.5468,STATE ROAD,N,URBAN,N,N,N,,DAYLIGHT,CLEAR,DRY,,FOUR-WAY INTERSECTION,STRAIGHT/GRADE,ASPHALT,FAILURE TO YIELD RIGHT OF WAY,RIGHT ANGLE,NMONROESTSR45W,STOP SIGN,2019-10-21 16:51:00
MONROE SD,BLOOMINGTON,1,0.0,0.0,0.0,0.0,,,,SR 48,W VERNAL PIKE,,500.0,W,39.16871806,-86.66283373,STATE ROAD,N,RURAL,N,N,N,,DAYLIGHT,RAIN,WET,,T-INTERSECTION,CURVE/LEVEL,ASPHALT,RAN OFF ROAD RIGHT,RAN OFF ROAD,SR48WWVERNALPIKE,NONE,2019-10-21 16:07:00
BLOOMINGTON PD,BLOOMINGTON,1,0.0,1.0,0.0,0.0,,,,W 2ND,S WALKER ST,,,,39.16143,-86.54614,LOCAL/CITY ROAD,N,URBAN,N,N,N,,DARK (LIGHTED),CLEAR,DRY,,FOUR-WAY INTERSECTION,STRAIGHT/GRADE,ASPHALT,STEERING FAILURE,OTHER - EXPLAIN IN NARRATIVE,SWALKERSTW2NDST,TRAFFIC CONTROL SIGNAL,2019-10-21 21:55:00
BLOOMINGTON PD,BLOOMINGTON,2,0.0,0.0,0.0,0.0,,,,S COLLEGE MALL,EASTLAND PLAZA DR,,,,0.0,0.0,LOCAL/CITY ROAD,N,URBAN,N,N,N,,DAYLIGHT,RAIN,WET,,FOUR-WAY INTERSECTION,STRAIGHT/LEVEL,ASPHALT,DISREGARD SIGNAL/REG SIGN,RIGHT ANGLE,EASTLANDPLAZADRSCOLLEGEMALLRD,TRAFFIC CONTROL SIGNAL,2019-10-21 13:14:00
BLOOMINGTON PD,BLOOMINGTON,2,0.0,0.0,0.0,0.0,,,,N LINCOLN,E 16TH ST,,,,39.177792,-86.530864,LOCAL/CITY ROAD,N,URBAN,N,N,N,,DAYLIGHT,RAIN,WET,,NO JUNCTION INVOLVED,STRAIGHT/LEVEL,ASPHALT,FAILURE TO YIELD RIGHT OF WAY,OTHER - EXPLAIN IN NARRATIVE,E16THSTNLINCOLNST,NONE,2019-10-21 15:44:00
BLOOMINGTON PD,BLOOMINGTON,2,0.0,0.0,0.0,0.0,500.0,,,S FESS,E 2ND ST,,,,39.16213,-86.52625,LOCAL/CITY ROAD,Y,URBAN,N,N,N,,DAYLIGHT,RAIN,WET,,FOUR-WAY INTERSECTION,STRAIGHT/GRADE,ASPHALT,OTHER (DRIVER) - EXPLAIN IN NARRATIVE,,2NDST500SFESSAVE,NONE,2019-10-21 08:00:00
BLOOMINGTON PD,BLOOMINGTON,2,0.0,0.0,0.0,0.0,,,,S HENDERSON,E GRAHAM ST,,,,39.139584,-86.526768,LOCAL/CITY ROAD,N,URBAN,N,N,N,,DAYLIGHT,RAIN,WET,,FOUR-WAY INTERSECTION,STRAIGHT/GRADE,ASPHALT,FAILURE TO YIELD RIGHT OF WAY,RIGHT ANGLE,GRAHAMDRHENDERSONST,STOP SIGN,2019-10-21 10:50:00
INDIANA UNIV BLOOMINGTON PD,BLOOMINGTON,2,0.0,0.0,0.0,0.0,,,,S JORDAN,UNIVERSITY AVE,,150.0,N,39.18293126,-86.51599035,LOCAL/CITY ROAD,N,URBAN,N,N,N,,DAYLIGHT,RAIN,WET,,FOUR-WAY INTERSECTION,STRAIGHT/LEVEL,ASPHALT,FAILURE TO YIELD RIGHT OF WAY,LEFT TURN,JORDANAVEUNIVERSITYAVE,STOP SIGN,2019-10-21 14:45:00
BLOOMINGTON PD,BLOOMINGTON,3,0.0,0.0,0.0,0.0,,,,S LINCOLN,E 4TH ST,,,,39.16558,-86.53109,LOCAL/CITY ROAD,N,URBAN,N,N,N,,DAYLIGHT,RAIN,WATER (STANDING OR MOVING),,T-INTERSECTION,STRAIGHT/GRADE,ASPHALT,FAILURE TO YIELD RIGHT OF WAY,RIGHT ANGLE,4THSTLINCOLNST,STOP SIGN,2019-10-21 12:10:00
BLOOMINGTON PD,BLOOMINGTON,2,0.0,0.0,0.0,0.0,1965.0,,,S WALNUT,,,,,39.142555,-86.531238,UNKNOWN,Y,URBAN,Y,N,N,,DARK (LIGHTED),RAIN,WET,,T-INTERSECTION,CURVE/GRADE,ASPHALT,DISREGARD SIGNAL/REG SIGN,RIGHT ANGLE,SWALNUTST,STOP SIGN,2019-10-21 07:50:00
MONROE SD,BLOOMINGTON,2,0.0,0.0,0.0,0.0,,,,SR 37,S ROGERS ST,,2500.0,S,38.83538966,-86.5379,STATE ROAD,N,URBAN,N,N,N,,DAYLIGHT,RAIN,WET,,T-INTERSECTION,STRAIGHT/LEVEL,ASPHALT,FOLLOWING TOO CLOSELY,REAR END,ROGERSSTSR37S,NONE,2019-10-21 13:04:00
MONROE SD,ELLETTSVILLE,1,0.0,0.0,0.0,0.0,,,,W MCNEELY,N UNION VALLEY RD,,,,39.2375,-86.59278,LOCAL/CITY ROAD,N,RURAL,N,N,N,,DARK (NOT LIGHTED),CLOUDY,WET,,T-INTERSECTION,STRAIGHT/HILLCREST,ASPHALT,SPEED TOO FAST FOR WEATHER CONDITIONS,RAN OFF ROAD,NUNIONVALLEYRDWMCNEELYRD,STOP SIGN,2019-10-21 20:26:00
ELLETTSVILLE PD,ELLETTSVILLE,2,0.0,0.0,0.0,0.0,,,,W RATLIFF,N LOUDEN RD,,,,39.2165,-86.6304,COUNTY ROAD,N,URBAN,N,N,N,,DAYLIGHT,RAIN,WET,,NO JUNCTION INVOLVED,STRAIGHT/GRADE,ASPHALT,FAILURE TO YIELD RIGHT OF WAY,RIGHT ANGLE,LOUDENRDRATLIFFRD,STOP SIGN,2019-10-21 23:59:00
INDIANA UNIV BLOOMINGTON PD,BLOOMINGTON,2,0.0,1.0,0.0,0.0,,,,SR 45,SR 45/46,,,,39.1863,-86.53177,STATE ROAD,N,URBAN,N,N,N,,DAYLIGHT,CLOUDY,DRY,,FOUR-WAY INTERSECTION,STRAIGHT/GRADE,ASPHALT,FOLLOWING TOO CLOSELY,REAR END,SR45SR46,TRAFFIC CONTROL SIGNAL,2019-10-22 09:55:00
BLOOMINGTON PD,BLOOMINGTON,2,0.0,0.0,0.0,0.0,,,,S COLLEGE,W 2ND ST,,,,39.16094,-86.4977,LOCAL/CITY ROAD,Y,URBAN,N,N,N,,DARK (NOT LIGHTED),CLEAR,DRY,,FOUR-WAY INTERSECTION,STRAIGHT/LEVEL,ASPHALT,FOLLOWING TOO CLOSELY,REAR END,SCOLLEGEAVEW2NDST,TRAFFIC CONTROL SIGNAL,2019-10-22 20:00:00
ELLETTSVILLE PD,ELLETTSVILLE,2,0.0,0.0,0.0,0.0,,,,SR 46,N SMITH PIKE,,,,39.210144,-86.5832,STATE ROAD,N,URBAN,N,N,N,,DAYLIGHT,CLEAR,DRY,,FOUR-WAY INTERSECTION,STRAIGHT/LEVEL,ASPHALT,DRIVER DISTRACTED - EXPLAIN IN NARRATIVE,REAR END,SMITHPIKEPIKESR46W,TRAFFIC CONTROL SIGNAL,2019-10-22 15:50:00
MONROE SD,BLOOMINGTON,2,1.0,0.0,0.0,0.0,,,,SR 46,N CURRY PIKE,,,,39.19369,-86.57139,STATE ROAD,N,RURAL,N,N,Y,X-OVER/LANE SHIFT,DAYLIGHT,CLEAR,DRY,,NO JUNCTION INVOLVED,STRAIGHT/LEVEL,ASPHALT,IMPROPER TURNING,LEFT TURN,NCURRYPIKESR46W,LANE CONTROL,2019-10-22 13:20:00
INDIANA UNIV BLOOMINGTON PD,BLOOMINGTON,2,0.0,0.0,0.0,0.0,,,,E UNIVERSITY,S BALLANTINE RD,,198.0,E,0.0,0.0,LOCAL/CITY ROAD,N,URBAN,N,N,N,,DAWN/DUSK,CLEAR,DRY,,NO JUNCTION INVOLVED,STRAIGHT/LEVEL,ASPHALT,VIEW OBSTRUCTED,RIGHT ANGLE,UNIVERSITYAVESBALLANTINERD,NONE,2019-10-22 19:05:00
ISP BLOOMINGTON 33,BLOOMINGTON,1,,0.0,0.0,0.0,8953.0,,,I-69 N,,,0.0,S,39.3246389,-86.51276936,INTERSTATE,,RURAL,N,N,N,,DAYLIGHT,CLEAR,DRY,,NO JUNCTION INVOLVED,,ASPHALT,ANIMAL/OBJECT IN ROADWAY,COLLISION WITH DEER,,,2019-10-22 09:50:00
INDIANA UNIV BLOOMINGTON PD,BLOOMINGTON,2,0.0,0.0,0.0,0.0,,,,N FEE,N JORDAN AVE,,,,39.18384,-86.5192,LOCAL/CITY ROAD,N,URBAN,N,N,N,,DARK (LIGHTED),CLEAR,DRY,,NO JUNCTION INVOLVED,STRAIGHT/LEVEL,ASPHALT,FOLLOWING TOO CLOSELY,REAR END,FEELNNJORDANAVE,NONE,2019-10-22 19:50:00
BLOOMINGTON PD,BLOOMINGTON,2,0.0,0.0,0.0,0.0,,,,SR 46,E 3RD ST,,,,39.16424,-86.473296,STATE ROAD,N,URBAN,N,N,N,,DAYLIGHT,CLEAR,DRY,,FOUR-WAY INTERSECTION,STRAIGHT/LEVEL,ASPHALT,DRIVER DISTRACTED - EXPLAIN IN NARRATIVE,REAR END,3RDSTSR46E,YIELD SIGN,2019-10-23 09:28:00
MONROE SD,BLOOMINGTON,2,0.0,0.0,0.0,0.0,,,,S CURRY,SR 45,,,,39.142048,-86.582592,COUNTY ROAD,N,RURAL,N,N,N,,DAYLIGHT,CLEAR,DRY,,FOUR-WAY INTERSECTION,STRAIGHT/LEVEL,ASPHALT,FOLLOWING TOO CLOSELY,REAR END,SCURRYPIKESR45W,TRAFFIC CONTROL SIGNAL,2019-10-23 16:14:00
BLOOMINGTON PD,BLOOMINGTON,2,0.0,0.0,0.0,0.0,,,,SR 45/46,N KINSER PIKE,,,,39.186544,-86.537888,STATE ROAD,N,URBAN,N,N,N,,DAYLIGHT,CLEAR,DRY,,FOUR-WAY INTERSECTION,STRAIGHT/GRADE,ASPHALT,FOLLOWING TOO CLOSELY,REAR END,KINSERPIKESR46W,TRAFFIC CONTROL SIGNAL,2019-10-23 11:41:00
INDIANA UNIV BLOOMINGTON PD,BLOOMINGTON,2,0.0,0.0,0.0,0.0,,,,E 17TH,N JORDAN AVE,,300.0,W,39.178848,-86.51214665,LOCAL/CITY ROAD,N,URBAN,N,N,N,,DAYLIGHT,CLEAR,DRY,,NO JUNCTION INVOLVED,STRAIGHT/GRADE,ASPHALT,FOLLOWING TOO CLOSELY,REAR END,17THSTJORDANAVE,NONE,2019-10-23 15:40:00
BLOOMINGTON PD,BLOOMINGTON,2,0.0,0.0,0.0,0.0,,,,N COLLEGE,W KIRKWOOD AVE,,,,39.16664,-86.5348,LOCAL/CITY ROAD,Y,URBAN,N,N,N,,UNKNOWN,CLEAR,DRY,,FOUR-WAY INTERSECTION,STRAIGHT/LEVEL,ASPHALT,FOLLOWING TOO CLOSELY,REAR END,SOUTHCOLLEGEAVEWESTKIRKWOODAVE,TRAFFIC CONTROL SIGNAL,2019-10-23 14:00:00
BLOOMINGTON PD,BLOOMINGTON,2,0.0,2.0,0.0,0.0,,,,SR 45/46,N MONROE ST,,,,39.186944,-86.5468,STATE ROAD,N,URBAN,N,N,Y,X-OVER/LANE SHIFT,DAYLIGHT,CLEAR,DRY,,FOUR-WAY INTERSECTION,STRAIGHT/LEVEL,ASPHALT,OTHER (DRIVER) - EXPLAIN IN NARRATIVE,REAR END,NMONROESTSR4546W,LANE CONTROL,2019-10-23 09:58:00
MONROE SD,BLOOMINGTON,3,0.0,0.0,0.0,0.0,,,,SR 46,N CURRY PIKE,,200.0,W,0.0,0.0,STATE ROAD,Y,URBAN,N,Y,Y,LANE CLOSURE,DAYLIGHT,CLEAR,DRY,,NO JUNCTION INVOLVED,STRAIGHT/LEVEL,ASPHALT,,REAR END,NCURRYPIKESR46W,NONE,2019-10-23 17:06:00
ELLETTSVILLE PD,ELLETTSVILLE,2,0.0,0.0,0.0,0.0,,,,SR 46,N SALE ST,,,,39.234944,-86.623392,LOCAL/CITY ROAD,N,URBAN,N,N,N,,DAYLIGHT,CLEAR,DRY,,FOUR-WAY INTERSECTION,STRAIGHT/LEVEL,ASPHALT,DRIVER DISTRACTED - EXPLAIN IN NARRATIVE,REAR END,SSALESTWMAINST,TRAFFIC CONTROL SIGNAL,2019-10-23 14:48:00
MONROE SD,BLOOMINGTON,2,0.0,1.0,0.0,0.0,,,,E RHORER,S NIMIT DR,,,,39.12145,-86.52384,LOCAL/CITY ROAD,Y,URBAN,N,N,N,,DAYLIGHT,CLEAR,DRY,,T-INTERSECTION,STRAIGHT/LEVEL,ASPHALT,LEFT OF CENTER,HEAD ON BETWEEN TWO MOTOR VEHICLES,EASTRHORERRDSOUTHNIMITDR,NONE,2019-10-23 16:12:00
MONROE SD,BLOOMINGTON,1,0.0,0.0,0.0,1.0,,,,I-69 S,,,0.0,S,41.09022561,-85.21952416,INTERSTATE,N,RURAL,N,Y,N,,DARK (NOT LIGHTED),CLEAR,DRY,,NO JUNCTION INVOLVED,STRAIGHT/GRADE,ASPHALT,ANIMAL/OBJECT IN ROADWAY,RAN OFF ROAD,I69S106.5,NONE,2019-10-23 01:17:00
MONROE SD,BLOOMINGTON,2,0.0,0.0,0.0,0.0,,,,N LOUDEN,W RATLIFF RD,,,,39.18731,-86.63957,COUNTY ROAD,N,RURAL,N,N,N,,DAYLIGHT,CLEAR,DRY,,FOUR-WAY INTERSECTION,STRAIGHT/HILLCREST,ASPHALT,FAILURE TO YIELD RIGHT OF WAY,RIGHT ANGLE,NLOUDENRDWRATLIFFRD,NONE,2019-10-23 17:09:00
MONROE SD,BLOOMINGTON,2,0.0,0.0,0.0,0.0,,,,N TUNNEL,SR 45,,,,39.230048,-86.4316,LOCAL/CITY ROAD,N,URBAN,N,N,N,,DAYLIGHT,CLEAR,DRY,,T-INTERSECTION,STRAIGHT/LEVEL,ASPHALT,FAILURE TO YIELD RIGHT OF WAY,RIGHT ANGLE,ESTATEROAD45RDNTUNNELRD,NONE,2019-10-23 17:59:00
BLOOMINGTON PD,BLOOMINGTON,2,0.0,0.0,0.0,0.0,,,,SR 45/46,N COLLEGE AVE,,500.0,E,39.18643792,-86.53612866,STATE ROAD,N,URBAN,N,N,N,,DAYLIGHT,CLOUDY,WET,,NO JUNCTION INVOLVED,STRAIGHT/GRADE,ASPHALT,FOLLOWING TOO CLOSELY,REAR END,NKINSERPIKESR46E,LANE CONTROL,2019-10-24 16:00:00
INDIANA UNIV BLOOMINGTON PD,BLOOMINGTON,2,0.0,0.0,0.0,0.0,,,,S SWAIN,E 3RD ST,,,,39.16425,-86.51526,LOCAL/CITY ROAD,N,URBAN,N,N,N,,DAYLIGHT,CLOUDY,DRY,,T-INTERSECTION,STRAIGHT/GRADE,ASPHALT,UNSAFE LANE MOVEMENT,RIGHT ANGLE,SWAINAVETHIRDST,LANE CONTROL,2019-10-24 11:30:00
INDIANA UNIV BLOOMINGTON PD,BLOOMINGTON,3,0.0,0.0,0.0,0.0,,,,E 3RD,S JORDAN AVE,,,,39.16426,-86.51642,LOCAL/CITY ROAD,N,URBAN,N,N,N,,DAYLIGHT,CLOUDY,DRY,,FOUR-WAY INTERSECTION,STRAIGHT/LEVEL,ASPHALT,FOLLOWING TOO CLOSELY,REAR END,JORDANAVETHIRDST,TRAFFIC CONTROL SIGNAL,2019-10-24 09:40:00
BLOOMINGTON PD,BLOOMINGTON,3,0.0,1.0,0.0,0.0,,,,W 2ND,S PATTERSON DR,,,,0.0,0.0,LOCAL/CITY ROAD,N,URBAN,N,N,N,,DAYLIGHT,CLEAR,DRY,,FOUR-WAY INTERSECTION,STRAIGHT/LEVEL,ASPHALT,DRIVER ASLEEP OR FATIGUED,OPPOSITE DIRECTION SIDESWIPE,SPATTERSONDRW2NDST,TRAFFIC CONTROL SIGNAL,2019-10-24 16:13:00
INDIANA UNIV BLOOMINGTON PD,BLOOMINGTON,2,0.0,0.0,0.0,0.0,,,,E 10TH,N SUNRISE DR,,150.0,W,39.17158,-86.51246702,LOCAL/CITY ROAD,N,URBAN,N,N,N,,DAWN/DUSK,CLEAR,WET,,NO JUNCTION INVOLVED,STRAIGHT/GRADE,ASPHALT,FOLLOWING TOO CLOSELY,REAR END,NSUNRISEDRTENTHST,LANE CONTROL,2019-10-24 18:30:00
BLOOMINGTON PD,BLOOMINGTON,3,0.0,0.0,0.0,0.0,,,,W 3RD,S CORY LN,,,,39.164544,-86.560096,LOCAL/CITY ROAD,N,URBAN,N,N,N,,DAYLIGHT,CLEAR,DRY,,FOUR-WAY INTERSECTION,STRAIGHT/LEVEL,ASPHALT,DRIVER DISTRACTED - EXPLAIN IN NARRATIVE,REAR END,SCORYLNW3RDST,TRAFFIC CONTROL SIGNAL,2019-10-24 13:43:00
BLOOMINGTON PD,BLOOMINGTON,2,0.0,0.0,0.0,0.0,,,,W KIRKWOOD,N ROGERS ST,,75.0,W,39.166672,-86.538608,LOCAL/CITY ROAD,N,URBAN,N,N,N,,DAYLIGHT,CLEAR,DRY,,NO JUNCTION INVOLVED,STRAIGHT/LEVEL,ASPHALT,FAILURE TO YIELD RIGHT OF WAY,OTHER - EXPLAIN IN NARRATIVE,NROGERSSTWKIRKWOODAVE,NONE,2019-10-24 14:52:00
MONROE SD,BLOOMINGTON,2,0.0,0.0,0.0,0.0,,,,SR 37,E SMITHVILLE RD,,,,39.071056,-86.5356,STATE ROAD,N,RURAL,N,N,N,,DAYLIGHT,CLEAR,DRY,,FOUR-WAY INTERSECTION,STRAIGHT/LEVEL,ASPHALT,FOLLOWING TOO CLOSELY,REAR END,ESMITHVILLERDSR37S,NONE,2019-10-24 11:40:00
MONROE SD,BLOOMINGTON,2,0.0,2.0,0.0,0.0,,,,SR 37,E SMITHVILLE RD,,,,39.16424,-86.480688,STATE ROAD,N,RURAL,N,N,N,,DAWN/DUSK,CLOUDY,WET,,FOUR-WAY INTERSECTION,STRAIGHT/GRADE,ASPHALT,FAILURE TO YIELD RIGHT OF WAY,RIGHT ANGLE,SMITHVILLERDSR37S,NONE,2019-10-24 17:46:00
INDIANA UNIV BLOOMINGTON PD,BLOOMINGTON,2,0.0,0.0,0.0,0.0,1414.0,,,N JORDAN,,,500.0,S,39.18241,-86.5126,LOCAL/CITY ROAD,N,URBAN,N,N,N,,DAYLIGHT,CLOUDY,DRY,,T-INTERSECTION,CURVE/GRADE,ASPHALT,UNSAFE SPEED,RIGHT ANGLE,EBALFOURSTNJORDANAVE,NONE,2019-10-24 10:55:00