Agency,City,Vehicles Involved,Trailers Involved,Number Injured,Number Dead,Number Deer,House Number,Roadway Interchange,Roadway Ramp,Roadway Id,Intersecting Road,Interchange,Feet From,Direction,Latitude,Longitude,Roadway Class,Hit and Run?,Locality,School Zone?,Rumble Strips?,Construction?,Construction Type,Light Condition,Weather Conditions,Surface Condition,Type of Median,Roadway Junction Type,Road Character,Roadway Surface,Primary Factor,Manner of Collision,Unique Location Id,Traffic Control,DateTime
BLOOMINGTON PD,BLOOMINGTON,2,0.0,0.0,0.0,0.0,,,,W 2ND,S WALNUT ST,,,,39.16144,-86.5336,LOCAL/CITY ROAD,N,URBAN,N,N,N,,DAYLIGHT,CLOUDY,DRY,,FOUR-WAY INTERSECTION,STRAIGHT/LEVEL,ASPHALT,LEFT OF CENTER,LEFT TURN,SWALNUTSTW2NDST,TRAFFIC CONTROL SIGNAL,2019-10-28 12:35:00
ISP BLOOMINGTON 33,BLOOMINGTON,2,,0.0,0.0,0.0,,100,A,I-69 N,W 3RD ST,Y,0.0,S,39.164566,-86.573008,UNKNOWN,,URBAN,N,N,N,,DAYLIGHT,CLOUDY,DRY,,RAMP,,ASPHALT,FOLLOWING TOO CLOSELY,REAR END,,,2019-10-29 08:50:00
INDIANA UNIV BLOOMINGTON PD,BLOOMINGTON,2,0.0,1.0,0.0,0.0,,,,SR 45/46,E 17TH ST,,,,39.17984,-86.507088,STATE ROAD,N,URBAN,N,N,N,,DAYLIGHT,CLEAR,DRY,,T-INTERSECTION,CURVE/LEVEL,ASPHALT,DRIVER DISTRACTED - EXPLAIN IN NARRATIVE,REAR END,EAST17THSTSR46,TRAFFIC CONTROL SIGNAL,2019-10-29 16:42:00
INDIANA UNIV BLOOMINGTON PD,BLOOMINGTON,1,0.0,0.0,0.0,0.0,,,,SR 45/46,E 17TH ST,,,,39.17984,-86.507088,STATE ROAD,N,URBAN,N,N,N,,DAYLIGHT,CLEAR,DRY,,NO JUNCTION INVOLVED,CURVE/LEVEL,ASPHALT,DRIVER ILLNESS,RAN OFF ROAD,EAST17THSTSR46,LANE CONTROL,2019-10-29 16:37:00
BLOOMINGTON PD,BLOOMINGTON,2,0.0,0.0,0.0,0.0,,,,E 3RD,S GRANT ST,,200.0,E,39.16464,-86.52902237,LOCAL/CITY ROAD,N,URBAN,N,N,N,,DAYLIGHT,CLOUDY,DRY,,NO JUNCTION INVOLVED,STRAIGHT/GRADE,ASPHALT,FAILURE TO YIELD RIGHT OF WAY,RIGHT ANGLE,3RDSTGRANTST,NONE,2019-10-29 09:08:00
INDIANA UNIV BLOOMINGTON PD,BLOOMINGTON,2,0.0,0.0,0.0,0.0,,,,N JORDAN,E LAW LN,,,,39.17343,-86.51545,LOCAL/CITY ROAD,Y,URBAN,N,N,N,,UNKNOWN,CLOUDY,DRY,,NO JUNCTION INVOLVED,STRAIGHT/LEVEL,ASPHALT,UNSAFE BACKING,BACKING CRASH,ELAWLNJORDANAVE,NONE,2019-10-29 16:00:00
BLOOMINGTON PD,BLOOMINGTON,2,0.0,0.0,0.0,0.0,,,,N LINCOLN,E 7TH ST,,50.0,W,39.16864,-86.530992,LOCAL/CITY ROAD,N,URBAN,N,Y,N,,DARK (LIGHTED),CLEAR,DRY,,NO JUNCTION INVOLVED,STRAIGHT/LEVEL,ASPHALT,IMPROPER TURNING,LEFT TURN,E7THSTNLINCOLNST,NONE,2019-10-29 20:35:00
MONROE SD,BLOOMINGTON,1,0.0,0.0,0.0,0.0,,,,S HARRELL,E SCHACHT RD,,,,39.107072,-86.498544,COUNTY ROAD,Y,RURAL,N,N,N,,DARK (NOT LIGHTED),CLEAR,DRY,,NO JUNCTION INVOLVED,STRAIGHT/LEVEL,ASPHALT,IMPROPER LANE USAGE,OTHER - EXPLAIN IN NARRATIVE,HARRELLRDSCHACHTRD,NONE,2019-10-29 08:31:00
BLOOMINGTON PD,BLOOMINGTON,2,0.0,0.0,0.0,0.0,500.0,,,S MULLER,,,,,39.16283167,-86.56673833,LOCAL/CITY ROAD,N,URBAN,N,N,N,,DAYLIGHT,CLOUDY,DRY,,NO JUNCTION INVOLVED,STRAIGHT/LEVEL,ASPHALT,IMPROPER TURNING,RIGHT TURN,SMULLERPKWY,STOP SIGN,2019-10-29 15:34:00
BLOOMINGTON PD,BLOOMINGTON,1,0.0,0.0,0.0,0.0,1730.0,,,S WALNUT,,,,,39.13608,-86.529792,LOCAL/CITY ROAD,Y,RURAL,N,N,N,,DARK (LIGHTED),CLEAR,DRY,,INTERCHANGE,STRAIGHT/LEVEL,ASPHALT,OVERCORRECTING/OVERSTEERING,OTHER - EXPLAIN IN NARRATIVE,EWINSLOWRD,NONE,2019-10-29 00:44:00
ELLETTSVILLE PD,ELLETTSVILLE,1,0.0,0.0,0.0,1.0,,,,SR 46,N DEER PARK DR,,,,39.212048,-86.5872,STATE ROAD,N,URBAN,N,N,N,,DAYLIGHT,CLEAR,DRY,,T-INTERSECTION,STRAIGHT/LEVEL,ASPHALT,ANIMAL/OBJECT IN ROADWAY,COLLISION WITH DEER,DEERPARKDRSR46W,NONE,2019-10-29 15:34:00
MONROE SD,BLOOMINGTON,1,0.0,3.0,0.0,0.0,,,,SR 46,,,750.0,E,39.19369,-86.57145492,STATE ROAD,N,RURAL,N,Y,Y,X-OVER/LANE SHIFT,DAYLIGHT,CLEAR,DRY,,NO JUNCTION INVOLVED,CURVE/GRADE,ASPHALT,RAN OFF ROAD RIGHT,RAN OFF ROAD,NCURRYPIKESR46W,NONE,2019-10-29 12:03:00
MONROE SD,BLOOMINGTON,2,0.0,0.0,0.0,1.0,,,,W ARLINGTON,N SUGAR LN,,,,39.208048,-86.576496,LOCAL/CITY ROAD,N,RURAL,N,N,N,,DAWN/DUSK,CLEAR,DRY,,NO JUNCTION INVOLVED,STRAIGHT/LEVEL,ASPHALT,ANIMAL/OBJECT IN ROADWAY,COLLISION WITH DEER,NSUGARLNWARLINGTONRD,LANE CONTROL,2019-10-29 07:25:00
MONROE SD,STINESVILLE,1,0.0,0.0,0.0,0.0,,,,W WALKER,N RED HILL RD,,,,39.295952,-86.639808,LOCAL/CITY ROAD,N,RURAL,N,N,N,,DAYLIGHT,CLOUDY,DRY,,T-INTERSECTION,STRAIGHT/GRADE,ASPHALT,UNSAFE SPEED,RAN OFF ROAD,NREDHILLRDWWALKERLN,STOP SIGN,2019-10-29 15:02:00
ISP BLOOMINGTON 33,BLOOMINGTON,2,,0.0,0.0,0.0,,100,C,I-69 S,SR 48,Y,317.0,W,39.16484453,-86.57390581,INTERSTATE,,URBAN,N,N,N,,DAYLIGHT,RAIN,WET,,RAMP,,ASPHALT,SPEED TOO FAST FOR WEATHER CONDITIONS,REAR END,,,2019-10-30 09:30:00
INDIANA UNIV BLOOMINGTON PD,BLOOMINGTON,2,0.0,0.0,0.0,0.0,,,,SR 45/46,E 10TH ST,,,,0.0,0.0,STATE ROAD,N,URBAN,N,N,N,,DAYLIGHT,RAIN,WET,,FOUR-WAY INTERSECTION,STRAIGHT/LEVEL,ASPHALT,SPEED TOO FAST FOR WEATHER CONDITIONS,REAR END,SR46UNIONVILLERD,TRAFFIC CONTROL SIGNAL,2019-10-30 17:15:00
BLOOMINGTON PD,BLOOMINGTON,2,0.0,0.0,0.0,0.0,,,,SR 45/46,N KINSER PIKE,,,,39.186544,-86.537888,STATE ROAD,N,URBAN,N,N,Y,LANE CLOSURE,DAWN/DUSK,RAIN,WET,,FOUR-WAY INTERSECTION,STRAIGHT/GRADE,ASPHALT,SPEED TOO FAST FOR WEATHER CONDITIONS,REAR END,KINSERPIKESR45E,TRAFFIC CONTROL SIGNAL,2019-10-30 07:58:00
BLOOMINGTON PD,BLOOMINGTON,2,0.0,0.0,0.0,0.0,,,,N COLLEGE,W 11TH ST,,50.0,S,39.173232,-86.534752,LOCAL/CITY ROAD,N,URBAN,N,N,N,,DAYLIGHT,RAIN,WET,,FOUR-WAY INTERSECTION,STRAIGHT/GRADE,ASPHALT,OTHER (DRIVER) - EXPLAIN IN NARRATIVE,REAR END,NCOLLEGEAVEW11THST,LANE CONTROL,2019-10-30 10:31:00
MONROE SD,BLOOMINGTON,2,0.0,0.0,0.0,0.0,,,,S WALNUT,S FAIRFAX RD,,,,39.10726,-86.53149,LOCAL/CITY ROAD,N,URBAN,N,N,N,,DAYLIGHT,RAIN,WET,,FOUR-WAY INTERSECTION,STRAIGHT/LEVEL,ASPHALT,SPEED TOO FAST FOR WEATHER CONDITIONS,RIGHT ANGLE,SOUTHFAIRFAXRDSOUTHOLDSTATEROAD37RD,NONE,2019-10-30 16:24:00
MONROE SD,BLOOMINGTON,2,0.0,0.0,0.0,0.0,,,,S WALNUT,W CHURCH LN,,200.0,N,39.107248,-86.531392,LOCAL/CITY ROAD,N,URBAN,N,N,N,,DAYLIGHT,RAIN,WET,,NO JUNCTION INVOLVED,CURVE/LEVEL,ASPHALT,FOLLOWING TOO CLOSELY,REAR END,SOLDSTATEROAD37RDWCHURCHLN,NONE,2019-10-30 17:54:00
MONROE SD,BLOOMINGTON,2,0.0,0.0,0.0,0.0,,,,SR 37,S WALNUT ST,,,,0.0,0.0,STATE ROAD,N,RURAL,N,Y,N,,DAYLIGHT,RAIN,WET,,FOUR-WAY INTERSECTION,STRAIGHT/LEVEL,ASPHALT,SPEED TOO FAST FOR WEATHER CONDITIONS,REAR END,OLDSTATE37RDSR37N,TRAFFIC CONTROL SIGNAL,2019-10-30 08:07:00
MONROE SD,BLOOMINGTON,2,0.0,0.0,0.0,0.0,,,,W ARLINGTON,SR 46,,,,39.209808,-86.582672,LOCAL/CITY ROAD,N,RURAL,N,N,N,,DAYLIGHT,CLOUDY,WET,,FOUR-WAY INTERSECTION,STRAIGHT/LEVEL,ASPHALT,FOLLOWING TOO CLOSELY,REAR END,WARLINGTONRDWSTATEROAD46RD,TRAFFIC CONTROL SIGNAL,2019-10-30 18:24:00
MONROE SD,BLOOMINGTON,3,0.0,1.0,0.0,0.0,,,,S WALNUT,E RHORER RD,,150.0,S,39.121552,-86.531296,COUNTY ROAD,N,RURAL,N,N,N,,DAYLIGHT,CLOUDY,WET,,FOUR-WAY INTERSECTION,STRAIGHT/LEVEL,ASPHALT,IMPROPER TURNING,LEFT TURN,SOLDSTATE37RDWGORDONPIKE,NONE,2019-10-30 17:43:00
ISP BLOOMINGTON 33,BLOOMINGTON,2,,0.0,0.0,0.0,,,,S CLARIZZ,SR 46,,0.0,S,39.164232,-86.490717,LOCAL/CITY ROAD,,URBAN,N,N,N,,DAYLIGHT,RAIN,WET,,FOUR-WAY INTERSECTION,,ASPHALT,OTHER (VEHICLE) - EXPLAIN IN NARRATIVE,SAME DIRECTION SIDESWIPE,,,2019-10-30 16:55:00
ISP BLOOMINGTON 33,BLOOMINGTON,1,,1.0,0.0,0.0,,,,I-69 N,,,106.0,N,39.22137898,-86.54960579,INTERSTATE,,RURAL,N,N,N,,DAYLIGHT,RAIN,WET,,NO JUNCTION INVOLVED,,ASPHALT,UNSAFE LANE MOVEMENT,,,,2019-10-30 15:05:00
MONROE SD,BLOOMINGTON,2,0.0,0.0,0.0,0.0,,,,N HARTSTRAIT,W RATLIFF RD,,,,39.183925,-86.61127497,LOCAL/CITY ROAD,N,RURAL,N,N,N,,DAYLIGHT,RAIN,WET,,T-INTERSECTION,STRAIGHT/HILLCREST,ASPHALT,LEFT OF CENTER,OPPOSITE DIRECTION SIDESWIPE,NHARTSTRAITRDWRATLIFFRD,NONE,2019-10-30 09:23:00
BLOOMINGTON PD,BLOOMINGTON,2,0.0,0.0,0.0,0.0,,,,N HILLSDALE,E 7TH ST,,75.0,S,39.16776,-86.503616,LOCAL/CITY ROAD,N,URBAN,N,N,N,,DAYLIGHT,RAIN,WET,,NO JUNCTION INVOLVED,STRAIGHT/LEVEL,ASPHALT,UNSAFE BACKING,BACKING CRASH,E7THSTNHILLSDALEDR,NONE,2019-10-30 08:18:00
INDIANA UNIV BLOOMINGTON PD,BLOOMINGTON,2,0.0,0.0,0.0,0.0,,,,N JORDAN,E 7TH ST,,380.0,S,39.16790466,-86.51613828,LOCAL/CITY ROAD,N,URBAN,N,N,N,,DARK (LIGHTED),RAIN,WET,,NO JUNCTION INVOLVED,STRAIGHT/LEVEL,ASPHALT,FOLLOWING TOO CLOSELY,REAR END,E7THSTJORDANAVE,NONE,2019-10-30 19:30:00
INDIANA UNIV BLOOMINGTON PD,BLOOMINGTON,1,0.0,1.0,0.0,0.0,,,,N WOODLAWN,E 17TH ST,,,,39.178992,-86.523504,LOCAL/CITY ROAD,Y,URBAN,N,N,N,,DAYLIGHT,RAIN,WET,,T-INTERSECTION,STRAIGHT/LEVEL,ASPHALT,FAILURE TO YIELD RIGHT OF WAY,RIGHT TURN,EAST17THSTWOODLAWNAVE,TRAFFIC CONTROL SIGNAL,2019-10-30 16:28:00
ISP BLOOMINGTON 33,BLOOMINGTON,2,,1.0,0.0,0.0,,,,SR 37,,,686.0,S,39.0482391,-86.5363844,STATE ROAD,,RURAL,N,Y,N,,DAYLIGHT,RAIN,WET,,NO JUNCTION INVOLVED,,ASPHALT,FOLLOWING TOO CLOSELY,REAR END,,,2019-10-30 12:00:00
MONROE SD,BLOOMINGTON,2,0.0,0.0,0.0,0.0,,,,W OLD SR 37,N DUNN ST,,800.0,N,39.208048,-86.528704,COUNTY ROAD,Y,RURAL,N,N,N,,DAYLIGHT,RAIN,WET,,NO JUNCTION INVOLVED,CURVE/GRADE,ASPHALT,LEFT OF CENTER,OTHER - EXPLAIN IN NARRATIVE,NDUNNSTNOLDSTATEROAD37RD,NONE,2019-10-30 11:42:00
INDIANA UNIV BLOOMINGTON PD,BLOOMINGTON,2,0.0,0.0,0.0,0.0,,,,SR 45/46,E 10TH ST,,,,0.0,0.0,STATE ROAD,Y,URBAN,N,N,N,,DAYLIGHT,RAIN,WET,,FOUR-WAY INTERSECTION,STRAIGHT/LEVEL,ASPHALT,FOLLOWING TOO CLOSELY,REAR END,SR46UNIONVILLERD,TRAFFIC CONTROL SIGNAL,2019-10-31 08:30:00
BLOOMINGTON PD,BLOOMINGTON,2,0.0,0.0,0.0,0.0,,,,SR 46,E 3RD ST,,100.0,N,39.16427161,-86.47362489,LOCAL/CITY ROAD,N,URBAN,N,Y,N,,DARK (LIGHTED),BLOWING SAND/SOIL/SNOW,WET,,NO JUNCTION INVOLVED,STRAIGHT/LEVEL,ASPHALT,FOLLOWING TOO CLOSELY,REAR END,E3RDSTNSTATERD46RD,NONE,2019-10-31 19:18:00
BLOOMINGTON PD,BLOOMINGTON,2,0.0,0.0,0.0,0.0,,,,SR 45/46,N KINSER PIKE,,200.0,E,39.186544,-86.537888,STATE ROAD,N,URBAN,N,N,N,,DARK (NOT LIGHTED),RAIN,WATER (STANDING OR MOVING),,FOUR-WAY INTERSECTION,STRAIGHT/GRADE,ASPHALT,FOLLOWING TOO CLOSELY,REAR END,NKINSERPIKESR4546W,LANE CONTROL,2019-10-31 08:03:00
BLOOMINGTON PD,BLOOMINGTON,2,0.0,0.0,0.0,0.0,,,,SR 48,S CURRY PIKE,,,,39.16464,-86.58296,LOCAL/CITY ROAD,Y,URBAN,N,N,N,,DARK (LIGHTED),RAIN,WET,,FOUR-WAY INTERSECTION,STRAIGHT/LEVEL,ASPHALT,OTHER (DRIVER) - EXPLAIN IN NARRATIVE,RIGHT ANGLE,3RDSTCURRYPIKE,TRAFFIC CONTROL SIGNAL,2019-10-31 07:41:00
BLOOMINGTON PD,BLOOMINGTON,2,0.0,0.0,0.0,0.0,,,,S COLLEGE,W 2ND ST,,250.0,S,0.0,0.0,LOCAL/CITY ROAD,N,URBAN,N,N,N,,DAYLIGHT,RAIN,WET,,NO JUNCTION INVOLVED,STRAIGHT/GRADE,ASPHALT,OTHER (DRIVER) - EXPLAIN IN NARRATIVE,REAR END,2NDSTSCOLLEGEAVE,LANE CONTROL,2019-10-31 13:19:00
BLOOMINGTON PD,BLOOMINGTON,2,0.0,0.0,0.0,0.0,,,,N COLLEGE,W 9TH ST,,150.0,S,39.17013205,-86.53477464,LOCAL/CITY ROAD,N,URBAN,N,N,N,,DARK (LIGHTED),CLOUDY,DRY,,NO JUNCTION INVOLVED,STRAIGHT/LEVEL,ASPHALT,FOLLOWING TOO CLOSELY,SAME DIRECTION SIDESWIPE,9THSTCOLLEGEAVE,LANE CONTROL,2019-10-31 23:03:00
BLOOMINGTON PD,BLOOMINGTON,2,0.0,0.0,0.0,0.0,,,,N COLLEGE,W 9TH ST,,,,39.170544,-86.534768,LOCAL/CITY ROAD,N,URBAN,N,N,N,,DARK (LIGHTED),SNOW,WET,,FOUR-WAY INTERSECTION,STRAIGHT/LEVEL,ASPHALT,IMPROPER LANE USAGE,SAME DIRECTION SIDESWIPE,NCOLLEGEAVEW9THST,NONE,2019-10-31 18:50:00
INDIANA UNIV BLOOMINGTON PD,BLOOMINGTON,2,0.0,1.0,0.0,0.0,,,,SR 46,E 7TH ST,,250.0,S,,,STATE ROAD,N,URBAN,N,N,N,,DARK (LIGHTED),CLEAR,WET,,NO JUNCTION INVOLVED,STRAIGHT/LEVEL,ASPHALT,FOLLOWING TOO CLOSELY,REAR END,SR46THIRDST,NONE,2019-10-31 19:39:00
BLOOMINGTON PD,BLOOMINGTON,2,0.0,0.0,0.0,0.0,,,,W 3RD,S LANDMARK AVE,,100.0,E,0.0,0.0,LOCAL/CITY ROAD,N,URBAN,N,N,N,,DAYLIGHT,CLOUDY,WET,,NO JUNCTION INVOLVED,STRAIGHT/GRADE,ASPHALT,FOLLOWING TOO CLOSELY,REAR END,SLANDMARKAVEW3RDST,TRAFFIC CONTROL SIGNAL,2019-10-31 14:00:00
MONROE SD,BLOOMINGTON,2,0.0,0.0,0.0,0.0,,,,S CURRY,W CONSTITUTION AVE,,,,0.0,0.0,COUNTY ROAD,N,URBAN,N,N,N,,DARK (NOT LIGHTED),RAIN,WET,,FOUR-WAY INTERSECTION,STRAIGHT/LEVEL,ASPHALT,IMPROPER TURNING,HEAD ON BETWEEN TWO MOTOR VEHICLES,CONSTITUTIONAVESOUTHCURRYPIKE,STOP SIGN,2019-10-31 07:12:00
BLOOMINGTON PD,BLOOMINGTON,2,0.0,0.0,0.0,0.0,,,,E 7TH,N INDIANA AVE,,150.0,W,39.16864,-86.526944,LOCAL/CITY ROAD,N,URBAN,N,N,N,,DAYLIGHT,RAIN,WET,,FOUR-WAY INTERSECTION,STRAIGHT/LEVEL,ASPHALT,UNSAFE LANE MOVEMENT,SAME DIRECTION SIDESWIPE,E7THSTNINDIANAAVE,STOP SIGN,2019-10-31 13:36:00
MONROE SD,BLOOMINGTON,1,0.0,0.0,0.0,0.0,,,,N FRONTAGE W,W SIMPSON CHAPEL RD,,,,0.0,0.0,LOCAL/CITY ROAD,N,URBAN,N,N,N,,DARK (NOT LIGHTED),RAIN,WET,,NO JUNCTION INVOLVED,STRAIGHT/LEVEL,ASPHALT,RAN OFF ROAD RIGHT,RAN OFF ROAD,WBURMARDWSIMPSONCHAPELRD,NONE,2019-10-31 20:22:00
MONROE SD,BLOOMINGTON,1,0.0,0.0,0.0,0.0,,,,N RUSSELL,E LANAM RD,,,,39.19504,-86.489488,LOCAL/CITY ROAD,N,URBAN,N,N,N,,DAYLIGHT,RAIN,WET,,NO JUNCTION INVOLVED,STRAIGHT/GRADE,ASPHALT,RAN OFF ROAD RIGHT,RAN OFF ROAD,LANAMRDNRUSSELLRD,NONE,2019-10-31 17:51:00
BLOOMINGTON PD,BLOOMINGTON,2,0.0,0.0,0.0,0.0,,,,W ARLINGTON,N PROW RD,,,,39.192352,-86.552592,LOCAL/CITY ROAD,N,URBAN,N,N,N,,DAYLIGHT,RAIN,WET,,NO JUNCTION INVOLVED,CURVE/LEVEL,ASPHALT,FAILURE TO YIELD RIGHT OF WAY,RIGHT ANGLE,NPROWRDWARLINGTONRD,STOP SIGN,2019-10-31 08:00:00
MONROE SD,BLOOMINGTON,1,0.0,0.0,0.0,0.0,,,,W WOODYARD,N LOESCH RD,,1000.0,W,0.0,0.0,LOCAL/CITY ROAD,N,RURAL,N,N,N,,DAWN/DUSK,SNOW,WET,,NO JUNCTION INVOLVED,CURVE/LEVEL,ASPHALT,SPEED TOO FAST FOR WEATHER CONDITIONS,RAN OFF ROAD,NLOESCHRDWWOODYARDRD,NONE,2019-10-31 16:11:00
BLOOMINGTON PD,BLOOMINGTON,2,0.0,0.0,0.0,0.0,,,,W KIRKWOOD,S COLLEGE AVE,,,,39.16664,-86.5348,LOCAL/CITY ROAD,N,URBAN,N,N,N,,DAYLIGHT,CLEAR,DRY,,FOUR-WAY INTERSECTION,STRAIGHT/GRADE,ASPHALT,UNSAFE LANE MOVEMENT,SAME DIRECTION SIDESWIPE,COLLEGEAVEKIRKWOODAVE,LANE CONTROL,2019-11-01 13:33:00
INDIANA UNIV BLOOMINGTON PD,BLOOMINGTON,2,0.0,0.0,0.0,0.0,,,,E 3RD,S HIGHLAND AVE,,,,,,LOCAL/CITY ROAD,Y,URBAN,N,N,N,,DARK (LIGHTED),CLEAR,DRY,,NO JUNCTION INVOLVED,STRAIGHT/LEVEL,ASPHALT,UNSAFE LANE MOVEMENT,SAME DIRECTION SIDESWIPE,HIGHLANDAVETHIRDST,LANE CONTROL,2019-11-01 02:00:00
MONROE SD,BLOOMINGTON,1,0.0,0.0,0.0,1.0,,,,SR 45,W AIRPORT RD,,300.0,E,39.13734928,-86.59295229,STATE ROAD,N,RURAL,N,Y,N,,DARK (NOT LIGHTED),CLEAR,DRY,,NO JUNCTION INVOLVED,STRAIGHT/GRADE,ASPHALT,ANIMAL/OBJECT IN ROADWAY,COLLISION WITH DEER,SR45WWESTAIRPORTRD,NONE,2019-11-01 19:05:00
MONROE SD,BLOOMINGTON,2,0.0,0.0,0.0,0.0,,,,W ARLINGTON,SR 46,,,,39.209808,-86.582672,COUNTY ROAD,N,URBAN,N,N,N,,DAYLIGHT,CLEAR,DRY,,FOUR-WAY INTERSECTION,STRAIGHT/LEVEL,ASPHALT,FOLLOWING TOO CLOSELY,REAR END,WESTARLINGTONRDWESTSTATEROAD46RD,TRAFFIC CONTROL SIGNAL,2019-11-01 09:46:00
MONROE SD,BLOOMINGTON,2,0.0,0.0,0.0,0.0,,,,S ADAMS,W ALLEN ST,,,,39.155952,-86.550592,LOCAL/CITY ROAD,N,URBAN,N,N,N,,DAYLIGHT,CLEAR,DRY,,FOUR-WAY INTERSECTION,STRAIGHT/LEVEL,ASPHALT,FAILURE TO YIELD RIGHT OF WAY,RIGHT ANGLE,SOUTHADAMSSTWESTALLENST,STOP SIGN,2019-11-01 21:01:00
BLOOMINGTON PD,BLOOMINGTON,2,0.0,0.0,0.0,0.0,,,,E MOORES,S SARE RD,,,,,,LOCAL/CITY ROAD,N,URBAN,N,N,N,,DARK (LIGHTED),CLEAR,DRY,,FOUR-WAY INTERSECTION,STRAIGHT/GRADE,ASPHALT,DRIVER DISTRACTED - EXPLAIN IN NARRATIVE,REAR END,COLLEGEMALLRDSARERD,TRAFFIC CONTROL SIGNAL,2019-11-01 07:28:00
MONROE SD,BLOOMINGTON,1,0.0,0.0,0.0,0.0,,,,S FAIRFAX,E COMMANDER CT,,,,0.0,0.0,COUNTY ROAD,N,RURAL,N,N,N,,DARK (NOT LIGHTED),CLEAR,DRY,,T-INTERSECTION,STRAIGHT/HILLCREST,ASPHALT,RAN OFF ROAD RIGHT,RAN OFF ROAD,ECOMMANDERCTSFAIRFAXRD,NONE,2019-11-01 19:16:00
MONROE SD,BLOOMINGTON,1,0.0,0.0,0.0,0.0,,,,S FAIRFAX,E NORTON ST,,750.0,N,0.0,0.0,COUNTY ROAD,N,RURAL,N,N,N,,DARK (NOT LIGHTED),CLOUDY,DRY,,NO JUNCTION INVOLVED,STRAIGHT/GRADE,ASPHALT,OTHER (DRIVER) - EXPLAIN IN NARRATIVE,RAN OFF ROAD,EASTNORTONSTFAIRFAXRD,NONE,2019-11-01 03:38:00
BLOOMINGTON PD,BLOOMINGTON,2,0.0,1.0,0.0,0.0,,,,S SARE,E ROGERS RD,,,,0.0,0.0,LOCAL/CITY ROAD,N,URBAN,N,N,N,,DAYLIGHT,CLEAR,DRY,,TRAFFIC CIRCLE/ROUNDABOUT,CURVE/LEVEL,ASPHALT,FOLLOWING TOO CLOSELY,REAR END,EROGERSRDSSARERD,ROUNDABOUT INTERSECTION,2019-11-01 12:06:00
BLOOMINGTON PD,BLOOMINGTON,1,0.0,0.0,0.0,0.0,3811.0,,,SR 48,RUNKLE LN,,,,39.16424,-86.48244996,LOCAL/CITY ROAD,Y,URBAN,N,N,N,,,,,,NO JUNCTION INVOLVED,STRAIGHT/LEVEL,ASPHALT,RAN OFF ROAD RIGHT,RAN OFF ROAD,W3RDST,LANE CONTROL,2019-11-01 09:45:00
BLOOMINGTON PD,BLOOMINGTON,3,0.0,1.0,0.0,0.0,,,,SR 46,S PETE ELLIS DR,,,,39.16424,-86.495088,LOCAL/CITY ROAD,N,URBAN,N,N,N,,DAYLIGHT,CLEAR,DRY,,FOUR-WAY INTERSECTION,STRAIGHT/GRADE,ASPHALT,FOLLOWING TOO CLOSELY,REAR END,E3RDSTSPETEELLISDR,TRAFFIC CONTROL SIGNAL,2019-11-02 12:02:00
BLOOMINGTON PD,BLOOMINGTON,3,0.0,0.0,0.0,0.0,,,,SR 46,S PETE ELLIS DR,,,,39.16424,-86.495088,LOCAL/CITY ROAD,N,URBAN,N,N,N,,DAYLIGHT,CLEAR,DRY,,FOUR-WAY INTERSECTION,STRAIGHT/LEVEL,ASPHALT,FOLLOWING TOO CLOSELY,REAR END,E3RDSTSPETEELLISDR,TRAFFIC CONTROL SIGNAL,2019-11-02 12:00:00
INDIANA UNIV BLOOMINGTON PD,BLOOMINGTON,2,0.0,0.0,0.0,0.0,,,,N JORDAN,E 3RD ST,,,,,,LOCAL/CITY ROAD,Y,URBAN,N,N,N,,DARK (LIGHTED),CLEAR,DRY,,FOUR-WAY INTERSECTION,STRAIGHT/LEVEL,ASPHALT,IMPROPER LANE USAGE,SAME DIRECTION SIDESWIPE,JORDANAVETHIRDST,LANE CONTROL,2019-11-02 01:50:00
MONROE SD,BLOOMINGTON,2,0.0,1.0,0.0,0.0,,,,W VERNAL,N CURRY PIKE,,800.0,E,39.179248,-86.5832,LOCAL/CITY ROAD,N,URBAN,N,N,N,,DARK (LIGHTED),CLEAR,DRY,,NO JUNCTION INVOLVED,STRAIGHT/GRADE,ASPHALT,FAILURE TO YIELD RIGHT OF WAY,RIGHT ANGLE,NCURRYPIKEWVERNALPIKE,OTHER REGULATORY SIGN/MARKING,2019-11-02 19:13:00
INDIANA UNIV BLOOMINGTON PD,BLOOMINGTON,2,0.0,1.0,0.0,0.0,,,,E 3RD,S OVERHILL DR,,,,,,LOCAL/CITY ROAD,N,URBAN,N,N,N,,DAYLIGHT,CLEAR,DRY,,T-INTERSECTION,STRAIGHT/LEVEL,ASPHALT,IMPROPER TURNING,LEFT TURN,OVERHILLDRTHIRDST,STOP SIGN,2019-11-02 12:59:00
ISP BLOOMINGTON 33,BLOOMINGTON,1,,0.0,0.0,1.0,,,,SR 37,W SMITHVILLE RD,,106.0,S,39.07077593,-86.53640288,STATE ROAD,,RURAL,N,Y,N,,DARK (NOT LIGHTED),CLEAR,DRY,,FOUR-WAY INTERSECTION,,ASPHALT,ANIMAL/OBJECT IN ROADWAY,COLLISION WITH DEER,,,2019-11-02 22:00:00
INDIANA UNIV BLOOMINGTON PD,BLOOMINGTON,2,0.0,0.0,0.0,0.0,,,,N INDIANA,E 10TH ST,,,,,,LOCAL/CITY ROAD,N,URBAN,N,N,N,,DARK (LIGHTED),CLEAR,DRY,,FOUR-WAY INTERSECTION,STRAIGHT/LEVEL,ASPHALT,DISREGARD SIGNAL/REG SIGN,LEFT TURN,INDIANAAVETENTHST,TRAFFIC CONTROL SIGNAL,2019-11-02 23:10:00