Agency,City,Vehicles Involved,Trailers Involved,Number Injured,Number Dead,Number Deer,House Number,Roadway Interchange,Roadway Ramp,Roadway Id,Intersecting Road,Interchange,Feet From,Direction,Latitude,Longitude,Roadway Class,Hit and Run?,Locality,School Zone?,Rumble Strips?,Construction?,Construction Type,Light Condition,Weather Conditions,Surface Condition,Type of Median,Roadway Junction Type,Road Character,Roadway Surface,Primary Factor,Manner of Collision,Unique Location Id,Traffic Control,DateTime
BLOOMINGTON PD,BLOOMINGTON,2,0.0,1.0,0.0,0.0,,,,S WALNUT,E 2ND ST,,100.0,N,39.16171466,-86.5336,LOCAL/CITY ROAD,N,URBAN,N,N,B,,DAYLIGHT,CLEAR,DRY,,NO JUNCTION INVOLVED,STRAIGHT/GRADE,ASPHALT,FOLLOWING TOO CLOSELY,REAR END,2NDSTWALNUTST,NONE,2019-11-02 13:20:00
MONROE SD,BLOOMINGTON,1,0.0,0.0,0.0,1.0,,,,SR 37,,,1000.0,N,,,STATE ROAD,N,RURAL,N,Y,N,,DARK (NOT LIGHTED),CLEAR,DRY,,NO JUNCTION INVOLVED,STRAIGHT/GRADE,ASPHALT,ANIMAL/OBJECT IN ROADWAY,COLLISION WITH DEER,SR37SZIKESRD,NONE,2019-11-02 19:53:00
MONROE SD,BLOOMINGTON,1,0.0,0.0,0.0,1.0,,,,SR 446,E RUSH RIDGE RD,,500.0,S,39.08337373,-86.42034021,STATE ROAD,N,RURAL,N,N,N,,DAYLIGHT,CLEAR,DRY,,NO JUNCTION INVOLVED,CURVE/GRADE,ASPHALT,ANIMAL/OBJECT IN ROADWAY,COLLISION WITH DEER,RUSHRIDGERDSR446S,NONE,2019-11-02 08:24:00
MONROE SD,BLOOMINGTON,1,0.0,0.0,0.0,1.0,,,,SR 446,S KNIGHTRIDGE RD,,600.0,N,0.0,0.0,STATE ROAD,N,RURAL,N,N,N,,DARK (NOT LIGHTED),CLEAR,DRY,,NO JUNCTION INVOLVED,STRAIGHT/LEVEL,ASPHALT,ANIMAL/OBJECT IN ROADWAY,COLLISION WITH DEER,SKNIGHTRIDGERDSR446S,NONE,2019-11-02 21:40:00
BLOOMINGTON PD,BLOOMINGTON,2,0.0,0.0,0.0,0.0,,,,W 12TH,N SUMMIT ST,,50.0,E,39.174352,-86.548,LOCAL/CITY ROAD,Y,URBAN,N,N,N,,DAYLIGHT,CLEAR,DRY,,NO JUNCTION INVOLVED,STRAIGHT/LEVEL,ASPHALT,,HEAD ON BETWEEN TWO MOTOR VEHICLES,NSUMMITSTW12THST,NONE,2019-11-02 17:25:00
BLOOMINGTON PD,BLOOMINGTON,2,0.0,3.0,0.0,0.0,,,,W COUNTRY CLUB,S ROCKPORT RD,,,,0.0,0.0,LOCAL/CITY ROAD,N,URBAN,N,N,N,,DAYLIGHT,CLEAR,DRY,,NO JUNCTION INVOLVED,STRAIGHT/GRADE,ASPHALT,FAILURE TO YIELD RIGHT OF WAY,HEAD ON BETWEEN TWO MOTOR VEHICLES,SROCKPORTRDWCOUNTRYCLUBRD,TRAFFIC CONTROL SIGNAL,2019-11-02 16:30:00
BLOOMINGTON PD,BLOOMINGTON,2,0.0,0.0,0.0,0.0,,,,S WALNUT,W 4TH ST,,,,39.165648,-86.5336,LOCAL/CITY ROAD,N,URBAN,N,N,N,,DAYLIGHT,CLEAR,DRY,,T-INTERSECTION,STRAIGHT/GRADE,ASPHALT,DISREGARD SIGNAL/REG SIGN,RIGHT ANGLE,4THSTWALNUTST,TRAFFIC CONTROL SIGNAL,2019-11-03 11:15:00
INDIANA UNIV BLOOMINGTON PD,BLOOMINGTON,2,0.0,0.0,0.0,0.0,,,,SR 45/46,E 17TH ST,,,,39.17984,-86.507088,STATE ROAD,N,URBAN,N,N,N,,DAYLIGHT,CLEAR,DRY,,T-INTERSECTION,CURVE/LEVEL,ASPHALT,FOLLOWING TOO CLOSELY,REAR END,EAST17THSTSR46,TRAFFIC CONTROL SIGNAL,2019-11-03 11:20:00
MONROE SD,BLOOMINGTON,1,0.0,0.0,0.0,0.0,,,,N LOUDEN,W HOWARD RD,,5000.0,N,,,COUNTY ROAD,N,RURAL,N,N,N,,DARK (NOT LIGHTED),CLEAR,DRY,,NO JUNCTION INVOLVED,STRAIGHT/GRADE,ASPHALT,RAN OFF ROAD RIGHT,RAN OFF ROAD,HOWARDSRDLOUDENRD,NONE,2019-11-03 17:39:00
BLOOMINGTON PD,BLOOMINGTON,2,0.0,0.0,0.0,0.0,,,,N WALNUT,E 2ND ST,,,,39.16144,-86.5336,LOCAL/CITY ROAD,N,URBAN,N,N,N,,DARK (LIGHTED),CLEAR,DRY,,NO JUNCTION INVOLVED,STRAIGHT/GRADE,ASPHALT,DISREGARD SIGNAL/REG SIGN,RIGHT ANGLE,E2NDSTNWALNUTST,TRAFFIC CONTROL SIGNAL,2019-11-03 23:16:00
BLOOMINGTON PD,BLOOMINGTON,1,0.0,0.0,0.0,0.0,1965.0,,,S WALNUT,,,500.0,W,39.142555,-86.531238,LOCAL/CITY ROAD,N,URBAN,N,N,N,,DARK (LIGHTED),CLEAR,DRY,,NO JUNCTION INVOLVED,STRAIGHT/LEVEL,ASPHALT,DRIVER ASLEEP OR FATIGUED,RAN OFF ROAD,SWALNUTST,NONE,2019-11-03 01:30:00
ELLETTSVILLE PD,ELLETTSVILLE,2,0.0,0.0,0.0,0.0,,,,SR 46,W ALLEN ST,,,,39.236752,-86.626896,LOCAL/CITY ROAD,N,URBAN,N,N,N,,DAYLIGHT,CLOUDY,DRY,,NO JUNCTION INVOLVED,STRAIGHT/HILLCREST,ASPHALT,FOLLOWING TOO CLOSELY,REAR END,ALLENSTMAINST,LANE CONTROL,2019-11-03 12:02:00
BLOOMINGTON PD,BLOOMINGTON,2,0.0,0.0,0.0,0.0,,,,W 3RD,I-69,,,,39.164752,-86.573104,LOCAL/CITY ROAD,Y,URBAN,N,N,N,,DAYLIGHT,CLEAR,DRY,,FOUR-WAY INTERSECTION,STRAIGHT/LEVEL,CONCRETE,DISREGARD SIGNAL/REG SIGN,SAME DIRECTION SIDESWIPE,SSTATERD37RAMPW3RDST,TRAFFIC CONTROL SIGNAL,2019-11-04 15:05:00
BLOOMINGTON PD,BLOOMINGTON,2,0.0,0.0,0.0,0.0,,,,E 3RD,S WALNUT ST,,,,39.16464,-86.5336,LOCAL/CITY ROAD,N,URBAN,N,N,N,,DAYLIGHT,CLOUDY,DRY,,FOUR-WAY INTERSECTION,STRAIGHT/LEVEL,ASPHALT,FOLLOWING TOO CLOSELY,REAR END,EAST3RDSTSOUTHWALNUTST,TRAFFIC CONTROL SIGNAL,2019-11-04 10:47:00
BLOOMINGTON PD,BLOOMINGTON,2,0.0,0.0,0.0,0.0,,,,W 2ND,S ROGERS ST,,,,0.0,0.0,LOCAL/CITY ROAD,N,URBAN,N,N,N,,DARK (LIGHTED),RAIN,WET,,FOUR-WAY INTERSECTION,STRAIGHT/LEVEL,ASPHALT,FAILURE TO YIELD RIGHT OF WAY,LEFT TURN,SROGERSSTW2NDST,TRAFFIC CONTROL SIGNAL,2019-11-04 21:20:00
BLOOMINGTON PD,BLOOMINGTON,2,0.0,0.0,0.0,0.0,,,,S WALNUT,W SMITH AVE,,150.0,S,0.0,0.0,LOCAL/CITY ROAD,N,URBAN,N,N,N,,DAYLIGHT,CLEAR,DRY,,NO JUNCTION INVOLVED,STRAIGHT/LEVEL,ASPHALT,FOLLOWING TOO CLOSELY,REAR END,SWALNUTSTWSMITHAVE,NONE,2019-11-04 07:57:00
BLOOMINGTON PD,BLOOMINGTON,2,1.0,0.0,0.0,0.0,,,,E KIRKWOOD,S GRANT ST,,,,39.16664,-86.529696,LOCAL/CITY ROAD,N,URBAN,N,N,N,,DAYLIGHT,CLOUDY,DRY,,FOUR-WAY INTERSECTION,STRAIGHT/LEVEL,ASPHALT,FAILURE TO YIELD RIGHT OF WAY,SAME DIRECTION SIDESWIPE,EKIRKWOODAVESGRANTST,STOP SIGN,2019-11-04 11:10:00
BLOOMINGTON PD,BLOOMINGTON,1,0.0,1.0,0.0,0.0,,120,A,I-69 N,,,,,0.0,0.0,INTERSTATE,N,URBAN,N,Y,N,,DAYLIGHT,CLEAR,DRY,,RAMP,CURVE/GRADE,ASPHALT,BRAKE FAILURE OR DEFECTIVE,RAN OFF ROAD,I69E,NONE,2019-11-04 10:07:00
MONROE SD,BLOOMINGTON,1,0.0,0.0,0.0,0.0,,,,N OARD,W VERNAL PIKE,,,,,,LOCAL/CITY ROAD,N,RURAL,N,N,N,,DARK (NOT LIGHTED),RAIN,WET,,T-INTERSECTION,CURVE/GRADE,ASPHALT,SPEED TOO FAST FOR WEATHER CONDITIONS,RAN OFF ROAD,OARDRDVERNALPIKE,NONE,2019-11-04 19:47:00
BLOOMINGTON PD,BLOOMINGTON,2,0.0,0.0,0.0,0.0,,,,N PARK,E 10TH ST,,,,39.171648,-86.524608,LOCAL/CITY ROAD,Y,URBAN,N,N,N,,DAWN/DUSK,CLOUDY,WET,,FOUR-WAY INTERSECTION,STRAIGHT/GRADE,ASPHALT,OTHER (DRIVER) - EXPLAIN IN NARRATIVE,OTHER - EXPLAIN IN NARRATIVE,E10THSTNPARKAVE,NONE,2019-11-04 17:30:00
MONROE SD,BLOOMINGTON,1,0.0,0.0,0.0,1.0,,,,N UNION VALLEY,MAEFIELD DR,,,,0.0,0.0,LOCAL/CITY ROAD,N,URBAN,N,N,N,,DARK (LIGHTED),CLOUDY,ICE,,FOUR-WAY INTERSECTION,STRAIGHT/HILLCREST,ASPHALT,ANIMAL/OBJECT IN ROADWAY,COLLISION WITH DEER,MAEFIELDDRNUNIONVALLEYRD,NONE,2019-11-04 06:45:00
MONROE SD,BLOOMINGTON,1,0.0,0.0,0.0,0.0,7525.0,,,S FAIRFAX,,,400.0,S,0.0,0.0,COUNTY ROAD,N,RURAL,N,N,N,,DAYLIGHT,CLOUDY,DRY,,NO JUNCTION INVOLVED,CURVE/LEVEL,ASPHALT,ANIMAL/OBJECT IN ROADWAY,RAN OFF ROAD,7525FAIRFAXRDBERNICEDR,NO PASSING ZONE,2019-11-04 11:04:00
MONROE SD,BLOOMINGTON,1,0.0,0.0,0.0,1.0,,,,SR 37,W INGRAM RD,,800.0,N,38.99421322,-86.53727426,STATE ROAD,N,RURAL,N,Y,N,,DARK (NOT LIGHTED),RAIN,WET,,NO JUNCTION INVOLVED,STRAIGHT/LEVEL,ASPHALT,ANIMAL/OBJECT IN ROADWAY,COLLISION WITH DEER,SR37NWINGRAMRD,LANE CONTROL,2019-11-04 18:44:00
MONROE SD,ELLETTSVILLE,3,0.0,1.0,0.0,0.0,,,,SR 46,,,1250.0,W,39.20813371,-86.57815278,STATE ROAD,N,RURAL,N,Y,N,,DAYLIGHT,CLEAR,DRY,,NO JUNCTION INVOLVED,STRAIGHT/GRADE,ASPHALT,FOLLOWING TOO CLOSELY,REAR END,SR46WWARLINGTONRD,LANE CONTROL,2019-11-04 07:28:00
MONROE SD,BLOOMINGTON,1,0.0,0.0,0.0,0.0,,,,W MAPLE GROVE,N BOTTOM RD,,6000.0,W,39.24744,-86.547792,LOCAL/CITY ROAD,N,RURAL,N,N,N,,DARK (NOT LIGHTED),RAIN,WET,,NO JUNCTION INVOLVED,CURVE/LEVEL,ASPHALT,RAN OFF ROAD RIGHT,RAN OFF ROAD,NBOTTOMRDWMAPLEGROVERD,OTHER REGULATORY SIGN/MARKING,2019-11-04 19:27:00
INDIANA UNIV BLOOMINGTON PD,BLOOMINGTON,1,0.0,2.0,0.0,0.0,,,,SR 45,SR 45/46,,,,39.176848,-86.478192,STATE ROAD,N,URBAN,N,N,N,,DARK (NOT LIGHTED),CLEAR,DRY,,FOUR-WAY INTERSECTION,STRAIGHT/LEVEL,ASPHALT,FAILURE TO YIELD RIGHT OF WAY,LEFT/RIGHT TURN,10THSTSR45N,TRAFFIC CONTROL SIGNAL,2019-11-05 23:43:00
MONROE SD,BLOOMINGTON,1,0.0,0.0,0.0,1.0,,,,SR 37,E SMITHVILLE RD,,,,39.16424,-86.480688,STATE ROAD,N,RURAL,N,N,N,,DARK (NOT LIGHTED),CLEAR,DRY,,FOUR-WAY INTERSECTION,STRAIGHT/GRADE,ASPHALT,ANIMAL/OBJECT IN ROADWAY,COLLISION WITH DEER,SMITHVILLERDSR37S,NONE,2019-11-05 17:59:00
MONROE SD,BLOOMINGTON,1,0.0,0.0,0.0,1.0,,,,SR 45,E BETHEL LN,,300.0,E,39.21052542,-86.46263144,STATE ROAD,N,RURAL,N,N,N,,DARK (NOT LIGHTED),CLEAR,DRY,,T-INTERSECTION,STRAIGHT/LEVEL,ASPHALT,ANIMAL/OBJECT IN ROADWAY,COLLISION WITH DEER,EBETHELLNSR45E,NONE,2019-11-05 19:19:00
MONROE SD,BLOOMINGTON,3,0.0,0.0,0.0,0.0,,,,SR 46,N DEER PARK DR,,,,39.212048,-86.5872,STATE ROAD,N,URBAN,N,N,N,,DAYLIGHT,CLEAR,DRY,,T-INTERSECTION,STRAIGHT/GRADE,ASPHALT,FAILURE TO YIELD RIGHT OF WAY,LEFT TURN,NDEERPARKDRSR46W,LANE CONTROL,2019-11-05 16:00:00
BLOOMINGTON PD,BLOOMINGTON,3,0.0,0.0,0.0,0.0,1455.0,,,W BLOOMFIELD,,,,,0.0,0.0,UNKNOWN,N,URBAN,N,N,N,,DAYLIGHT,CLEAR,DRY,,NO JUNCTION INVOLVED,CURVE/GRADE,ASPHALT,FOLLOWING TOO CLOSELY,REAR END,WBLOOMFIELDRD,NONE,2019-11-05 15:30:00
BLOOMINGTON PD,BLOOMINGTON,2,0.0,1.0,0.0,0.0,,,,SR 48,I-69,Y,,,0.0,0.0,LOCAL/CITY ROAD,N,URBAN,N,N,N,,DARK (NOT LIGHTED),RAIN,WET,,FOUR-WAY INTERSECTION,STRAIGHT/LEVEL,CONCRETE,DISREGARD SIGNAL/REG SIGN,RIGHT ANGLE,I69WEST3RDST,TRAFFIC CONTROL SIGNAL,2019-11-06 17:55:00
BLOOMINGTON PD,BLOOMINGTON,2,0.0,0.0,0.0,0.0,,,,SR 45,S LEONARD SPRINGS RD,,,,0.0,0.0,LOCAL/CITY ROAD,N,URBAN,N,N,N,,DARK (LIGHTED),RAIN,WET,,NO JUNCTION INVOLVED,STRAIGHT/GRADE,ASPHALT,FAILURE TO YIELD RIGHT OF WAY,LEFT TURN,SCURRYPIKEWSTATEROAD45RD,TRAFFIC CONTROL SIGNAL,2019-11-06 17:40:00
BLOOMINGTON PD,BLOOMINGTON,2,0.0,1.0,0.0,0.0,,,,S WALNUT,E KIRKWOOD AVE,,,,39.16664,-86.5336,LOCAL/CITY ROAD,N,URBAN,N,N,N,,DARK (LIGHTED),RAIN,WET,,FOUR-WAY INTERSECTION,STRAIGHT/GRADE,ASPHALT,FOLLOWING TOO CLOSELY,REAR END,EKIRKWOODAVESWALNUTST,NONE,2019-11-06 18:26:00
BLOOMINGTON PD,BLOOMINGTON,2,0.0,1.0,0.0,0.0,,,,W 17TH,N WALNUT ST,,,,39.178944,-86.533392,LOCAL/CITY ROAD,Y,URBAN,N,N,N,,DARK (LIGHTED),CLEAR,DRY,,FOUR-WAY INTERSECTION,STRAIGHT/LEVEL,ASPHALT,,,NWALNUTSTW17THST,TRAFFIC CONTROL SIGNAL,2019-11-06 06:09:00
INDIANA UNIV BLOOMINGTON PD,BLOOMINGTON,2,0.0,0.0,0.0,0.0,,,,N WOODLAWN,E 10TH ST,,,,,,LOCAL/CITY ROAD,N,URBAN,N,N,N,,DARK (LIGHTED),RAIN,WET,,FOUR-WAY INTERSECTION,STRAIGHT/LEVEL,ASPHALT,UNSAFE BACKING,BACKING CRASH,TENTHSTWOODLAWNAVE,TRAFFIC CONTROL SIGNAL,2019-11-06 18:40:00
BLOOMINGTON PD,BLOOMINGTON,2,0.0,0.0,0.0,0.0,,,,E BURKS,S WALNUT ST,,300.0,E,,,LOCAL/CITY ROAD,N,URBAN,N,N,N,,DAYLIGHT,CLOUDY,DRY,,NO JUNCTION INVOLVED,STRAIGHT/LEVEL,ASPHALT,UNSAFE BACKING,BACKING CRASH,BURKSDRWALNUTST,NONE,2019-11-06 10:40:00
MONROE SD,BLOOMINGTON,2,0.0,0.0,0.0,0.0,,,,SR 46,W HEDRICK RD,,100.0,E,39.27762,-86.67733866,STATE ROAD,N,RURAL,N,N,N,,DAYLIGHT,CLOUDY,DRY,,NO JUNCTION INVOLVED,STRAIGHT/LEVEL,ASPHALT,TIRE FAILURE OR DEFECTIVE,COLLISION WITH OBJECT IN ROAD,HEDRICKRDSR46W,NONE,2019-11-06 16:38:00
BLOOMINGTON PD,BLOOMINGTON,1,0.0,1.0,0.0,0.0,,,,E NORTH,S WALNUT ST,,,,,,LOCAL/CITY ROAD,Y,URBAN,N,N,N,,DARK (NOT LIGHTED),CLEAR,DRY,,NO JUNCTION INVOLVED,CURVE/GRADE,ASPHALT,OTHER (DRIVER) - EXPLAIN IN NARRATIVE,RAN OFF ROAD,NORTHDRWALNUTST,NONE,2019-11-06 00:27:00
MONROE SD,BLOOMINGTON,1,0.0,0.0,0.0,1.0,,,,I-69 N,,,500.0,N,41.12849711,-85.17702569,INTERSTATE,N,RURAL,N,N,N,,DARK (NOT LIGHTED),RAIN,WET,,NO JUNCTION INVOLVED,STRAIGHT/LEVEL,ASPHALT,ANIMAL/OBJECT IN ROADWAY,COLLISION WITH DEER,I69N110,NONE,2019-11-06 19:32:00
MONROE SD,BLOOMINGTON,1,0.0,0.0,0.0,1.0,,,,S FAIRFAX,,,1000.0,S,,,COUNTY ROAD,N,RURAL,N,N,N,,DARK (NOT LIGHTED),RAIN,WET,,NO JUNCTION INVOLVED,STRAIGHT/LEVEL,ASPHALT,ANIMAL/OBJECT IN ROADWAY,COLLISION WITH DEER,DILLMANRDFAIRFAXRD,NONE,2019-11-06 18:41:00
BLOOMINGTON PD,BLOOMINGTON,1,0.0,1.0,0.0,0.0,,,,S KIMBLE,W 3RD ST,,200.0,E,39.16464,-86.568,LOCAL/CITY ROAD,N,URBAN,N,N,N,,DARK (LIGHTED),RAIN,WET,,T-INTERSECTION,STRAIGHT/LEVEL,ASPHALT,PEDESTRIAN ACTION,RIGHT ANGLE,SKIMBLEDRW3RDST,NONE,2019-11-06 18:00:00
BLOOMINGTON PD,BLOOMINGTON,2,0.0,0.0,0.0,0.0,,,,S PARK,E HUNTER AVE,,,,39.16224,-86.523968,LOCAL/CITY ROAD,N,URBAN,N,N,N,,DAYLIGHT,CLOUDY,DRY,,FOUR-WAY INTERSECTION,STRAIGHT/GRADE,ASPHALT,OTHER (DRIVER) - EXPLAIN IN NARRATIVE,SAME DIRECTION SIDESWIPE,EHUNTERAVESPARKAVE,STOP SIGN,2019-11-06 11:22:00
BLOOMINGTON PD,BLOOMINGTON,1,0.0,0.0,0.0,0.0,,,,S WALNUT ST PIKE,E BURKS DR,,,,0.0,0.0,LOCAL/CITY ROAD,N,URBAN,N,N,N,,DAYLIGHT,CLOUDY,DRY,,T-INTERSECTION,STRAIGHT/LEVEL,ASPHALT,RAN OFF ROAD RIGHT,RAN OFF ROAD,EBURKSDRSWALNUTSTREETPIKE,NONE,2019-11-06 10:35:00
MONROE SD,BLOOMINGTON,1,0.0,0.0,0.0,1.0,,,,SR 446,,,1500.0,S,39.04650477,-86.40829382,STATE ROAD,N,RURAL,N,N,N,,DARK (NOT LIGHTED),RAIN,WET,,NO JUNCTION INVOLVED,STRAIGHT/LEVEL,ASPHALT,ANIMAL/OBJECT IN ROADWAY,COLLISION WITH DEER,GRUBBRDSR446S,NONE,2019-11-06 18:01:00
INDIANA UNIV BLOOMINGTON PD,BLOOMINGTON,2,0.0,1.0,0.0,0.0,,,,SR 45/46,E 10TH ST,,,,,,STATE ROAD,N,URBAN,N,N,N,,DARK (NOT LIGHTED),CLEAR,DRY,,FOUR-WAY INTERSECTION,STRAIGHT/GRADE,ASPHALT,FOLLOWING TOO CLOSELY,REAR END,SR45SR46,TRAFFIC CONTROL SIGNAL,2019-11-07 19:45:00
BLOOMINGTON PD,BLOOMINGTON,2,0.0,0.0,0.0,0.0,,,,SR 48,S CURRY PIKE,,500.0,W,39.16464,-86.5829167,LOCAL/CITY ROAD,N,URBAN,N,N,N,,DAYLIGHT,CLEAR,DRY,,FOUR-WAY INTERSECTION,STRAIGHT/LEVEL,ASPHALT,FAILURE TO YIELD RIGHT OF WAY,HEAD ON BETWEEN TWO MOTOR VEHICLES,CURRYPIKEWEST3RDST,LANE CONTROL,2019-11-07 16:04:00
INDIANA UNIV BLOOMINGTON PD,BLOOMINGTON,1,0.0,1.0,0.0,0.0,,,,SR 45/46,E 17TH ST,,200.0,S,,,STATE ROAD,N,URBAN,N,N,N,,DAYLIGHT,RAIN,WET,,T-INTERSECTION,CURVE/LEVEL,ASPHALT,SPEED TOO FAST FOR WEATHER CONDITIONS,RAN OFF ROAD,SR45SSR46S,TRAFFIC CONTROL SIGNAL,2019-11-07 09:30:00
BLOOMINGTON PD,BLOOMINGTON,3,0.0,0.0,0.0,0.0,,,,E WINSLOW,S HENDERSON ST,,,,39.136144,-86.5268,LOCAL/CITY ROAD,N,URBAN,N,N,Y,X-OVER/LANE SHIFT,DAWN/DUSK,RAIN,WET,,FOUR-WAY INTERSECTION,STRAIGHT/LEVEL,ASPHALT,FAILURE TO YIELD RIGHT OF WAY,RIGHT ANGLE,HENDERSONSTWINSLOWRD,TRAFFIC CONTROL SIGNAL,2019-11-07 07:30:00
BLOOMINGTON PD,BLOOMINGTON,2,0.0,0.0,0.0,0.0,,,,N CURRY,W PROFILE PKWY,,,,39.17198,-86.58299,LOCAL/CITY ROAD,N,URBAN,N,N,N,,DARK (NOT LIGHTED),CLEAR,DRY,,T-INTERSECTION,STRAIGHT/LEVEL,ASPHALT,FOLLOWING TOO CLOSELY,REAR END,NORTHCURRYPIKEWESTPROFILEPKWY,TRAFFIC CONTROL SIGNAL,2019-11-07 18:05:00
BLOOMINGTON PD,BLOOMINGTON,2,0.0,0.0,0.0,0.0,,,,SR 45,N SMITH RD,,300.0,W,39.172752,-86.482288,LOCAL/CITY ROAD,N,URBAN,N,N,N,,DAYLIGHT,CLOUDY,WET,,NO JUNCTION INVOLVED,CURVE/GRADE,ASPHALT,OTHER (DRIVER) - EXPLAIN IN NARRATIVE,REAR END,E10THSTNSMITHRD,LANE CONTROL,2019-11-07 12:13:00
ISP BLOOMINGTON 33,BLOOMINGTON,1,0.0,0.0,0.0,1.0,,,,I-69 N,,,100.0,N,0.0,0.0,INTERSTATE,N,RURAL,N,N,N,,DARK (NOT LIGHTED),CLEAR,DRY,,NO JUNCTION INVOLVED,CURVE/LEVEL,CONCRETE,ANIMAL/OBJECT IN ROADWAY,COLLISION WITH DEER,I69N111.0,LANE CONTROL,2019-11-07 20:15:00
MONROE SD,BLOOMINGTON,1,0.0,0.0,0.0,0.0,,,,N STINESVILLE,W MT CARMEL RD,,750.0,S,39.21653538,-86.6594,COUNTY ROAD,N,RURAL,N,N,N,,DAYLIGHT,CLOUDY,WET,,NO JUNCTION INVOLVED,CURVE/LEVEL,ASPHALT,OTHER (DRIVER) - EXPLAIN IN NARRATIVE,RAN OFF ROAD,MTCARMELRDSTINESVILLERD,NONE,2019-11-07 09:38:00
BLOOMINGTON PD,BLOOMINGTON,2,0.0,0.0,0.0,0.0,,,,S HENDERSON,E WINSLOW RD,,,,39.136144,-86.5268,LOCAL/CITY ROAD,Y,URBAN,N,N,Y,WORK ON SHOULDER,DAYLIGHT,CLEAR,DRY,,FOUR-WAY INTERSECTION,STRAIGHT/GRADE,ASPHALT,IMPROPER LANE USAGE,SAME DIRECTION SIDESWIPE,HENDERSONSTWINSLOWRDS,TRAFFIC CONTROL SIGNAL,2019-11-08 11:30:00
ISP BLOOMINGTON 33,BLOOMINGTON,1,,1.0,0.0,0.0,,,,SR 37,S OLD SR 37,,53.0,E,39.08522041,-86.54268211,STATE ROAD,,RURAL,N,N,N,,DAYLIGHT,CLEAR,DRY,,FOUR-WAY INTERSECTION,,ASPHALT,,RAN OFF ROAD,,,2019-11-08 09:00:00
MONROE SD,BLOOMINGTON,2,0.0,0.0,0.0,0.0,,,,SR 45,W AIRPORT RD,,,,39.13639,-86.5944,LOCAL/CITY ROAD,N,URBAN,N,N,N,,DAYLIGHT,CLEAR,DRY,,T-INTERSECTION,STRAIGHT/LEVEL,ASPHALT,FOLLOWING TOO CLOSELY,REAR END,WAIRPORTRDWSTATEROAD45RDG,TRAFFIC CONTROL SIGNAL,2019-11-08 03:52:00
MONROE SD,BLOOMINGTON,2,0.0,0.0,0.0,0.0,,,,W OLD SR 37,E BETHEL LN,,,,39.21539,-86.52157,LOCAL/CITY ROAD,N,URBAN,N,N,Y,LANE CLOSURE,DAYLIGHT,CLEAR,DRY,,T-INTERSECTION,STRAIGHT/HILLCREST,ASPHALT,FAILURE TO YIELD RIGHT OF WAY,RIGHT ANGLE,BETHELLNNOLDST37RD,OFFICER/CROSSING GUARD/FLAGMAN,2019-11-08 09:08:00
MONROE SD,BLOOMINGTON,1,0.0,0.0,0.0,1.0,,,,I-69 N,,,10.0,N,0.0,0.0,INTERSTATE,N,RURAL,N,N,N,,DARK (NOT LIGHTED),CLEAR,DRY,,NO JUNCTION INVOLVED,STRAIGHT/LEVEL,ASPHALT,ANIMAL/OBJECT IN ROADWAY,RAN OFF ROAD,I69N112.5,NONE,2019-11-08 18:22:00
ISP PUTNAMVILLE 53,BLOOMINGTON,1,0.0,0.0,0.0,1.0,,,,I-69 S,,,50.0,S,0.0,0.0,INTERSTATE,N,RURAL,N,Y,N,,DARK (NOT LIGHTED),CLEAR,DRY,,NO JUNCTION INVOLVED,STRAIGHT/LEVEL,ASPHALT,ANIMAL/OBJECT IN ROADWAY,COLLISION WITH DEER,I69121,LANE CONTROL,2019-11-08 18:30:00
BLOOMINGTON PD,BLOOMINGTON,2,0.0,0.0,0.0,0.0,,,,N INDIANA,E 13TH ST,,,,39.175504,-86.527104,LOCAL/CITY ROAD,N,URBAN,N,N,N,,DAYLIGHT,CLEAR,DRY,,FOUR-WAY INTERSECTION,STRAIGHT/GRADE,ASPHALT,FAILURE TO YIELD RIGHT OF WAY,RIGHT ANGLE,13THSTINDIANAAVE,STOP SIGN,2019-11-08 09:50:00
BLOOMINGTON PD,BLOOMINGTON,2,0.0,0.0,0.0,0.0,,,,N LINCOLN,E KIRKWOOD AVE,,100.0,N,39.16691466,-86.530992,LOCAL/CITY ROAD,N,URBAN,N,N,N,,DAYLIGHT,CLEAR,DRY,,NO JUNCTION INVOLVED,STRAIGHT/LEVEL,ASPHALT,FAILURE TO YIELD RIGHT OF WAY,SAME DIRECTION SIDESWIPE,KIRKWOODAVELINCOLNST,NONE,2019-11-08 10:22:00
INDIANA UNIV BLOOMINGTON PD,BLOOMINGTON,2,0.0,0.0,0.0,0.0,,,,N WALNUT GROVE,E 17TH ST,,,,39.17896,-86.521088,LOCAL/CITY ROAD,N,URBAN,N,N,N,,DARK (LIGHTED),CLEAR,DRY,,T-INTERSECTION,STRAIGHT/LEVEL,ASPHALT,IMPROPER LANE USAGE,LEFT/RIGHT TURN,EAST17THSTWALNUTGROVEST,STOP SIGN,2019-11-08 19:20:00
MONROE SD,BLOOMINGTON,2,0.0,0.0,0.0,0.0,,,,S FAIRFAX,S OLD SR 37,,100.0,E,39.10821813,-86.53131657,COUNTY ROAD,N,RURAL,N,N,N,,DAYLIGHT,CLEAR,DRY,,FOUR-WAY INTERSECTION,STRAIGHT/LEVEL,ASPHALT,OVERCORRECTING/OVERSTEERING,OPPOSITE DIRECTION SIDESWIPE,SFAIRFAXRDSOLDSTATE37RD,LANE CONTROL,2019-11-08 17:11:00