Agency,City,Vehicles Involved,Trailers Involved,Number Injured,Number Dead,Number Deer,House Number,Roadway Interchange,Roadway Ramp,Roadway Id,Intersecting Road,Interchange,Feet From,Direction,Latitude,Longitude,Roadway Class,Hit and Run?,Locality,School Zone?,Rumble Strips?,Construction?,Construction Type,Light Condition,Weather Conditions,Surface Condition,Type of Median,Roadway Junction Type,Road Character,Roadway Surface,Primary Factor,Manner of Collision,Unique Location Id,Traffic Control,DateTime
INDIANA UNIV BLOOMINGTON PD,BLOOMINGTON,2,0.0,0.0,0.0,0.0,,,,E 3RD,S INDIANA AVE,,157.0,E,39.164448,-86.52624609,LOCAL/CITY ROAD,N,URBAN,N,N,N,,DAYLIGHT,CLEAR,DRY,,NO JUNCTION INVOLVED,STRAIGHT/LEVEL,ASPHALT,UNSAFE LANE MOVEMENT,SAME DIRECTION SIDESWIPE,3RDSTINDIANAAVE,LANE CONTROL,2019-11-13 14:35:00
MONROE SD,BLOOMINGTON,2,0.0,0.0,0.0,0.0,,,,I-69 N,,,50.0,S,0.0,0.0,INTERSTATE,N,RURAL,N,Y,N,,DAYLIGHT,CLEAR,DRY,,NO JUNCTION INVOLVED,STRAIGHT/LEVEL,ASPHALT,UNSAFE LANE MOVEMENT,SAME DIRECTION SIDESWIPE,I69N130,LANE CONTROL,2019-11-13 12:40:00
MONROE SD,ELLETTSVILLE,1,0.0,0.0,0.0,0.0,,,,N BOTTOM,N DENNY RD,,1800.0,S,39.282496,-86.555552,LOCAL/CITY ROAD,Y,RURAL,N,N,N,,DAYLIGHT,CLEAR,SNOW/SLUSH,,Y-INTERSECTION,CURVE/LEVEL,ASPHALT,SPEED TOO FAST FOR WEATHER CONDITIONS,RAN OFF ROAD,DENNYRDNBOTTOMRD,NONE,2019-11-13 13:42:00
BLOOMINGTON PD,BLOOMINGTON,2,0.0,0.0,0.0,0.0,,,,N MONROE,W 12TH ST,,100.0,S,39.174352,-86.547104,LOCAL/CITY ROAD,Y,URBAN,N,N,N,,DAYLIGHT,CLEAR,DRY,,FOUR-WAY INTERSECTION,STRAIGHT/LEVEL,ASPHALT,UNSAFE LANE MOVEMENT,SAME DIRECTION SIDESWIPE,NMONROESTW12THST,NONE,2019-11-13 16:38:00
BLOOMINGTON PD,BLOOMINGTON,2,0.0,0.0,0.0,0.0,,,,N MORTON,W 6TH ST,,,,39.167664,-86.536,LOCAL/CITY ROAD,N,URBAN,N,N,N,,DAYLIGHT,CLEAR,DRY,,FOUR-WAY INTERSECTION,STRAIGHT/GRADE,ASPHALT,UNSAFE BACKING,BACKING CRASH,NMORTONSTW6THST,STOP SIGN,2019-11-13 16:43:00
INDIANA UNIV BLOOMINGTON PD,BLOOMINGTON,2,0.0,0.0,0.0,0.0,,,,N WALNUT GROVE,E COTTAGE GROVE AVE,,,,39.17264,-86.520928,LOCAL/CITY ROAD,N,URBAN,N,N,N,,DAYLIGHT,CLEAR,DRY,,NO JUNCTION INVOLVED,STRAIGHT/LEVEL,ASPHALT,IMPROPER TURNING,SAME DIRECTION SIDESWIPE,ECOTTAGEGROVEAVENWALNUTGROVEST,NONE,2019-11-13 14:45:00
ISP BLOOMINGTON 33,BLOOMINGTON,2,,0.0,0.0,0.0,,,,W ALEXANDER,ENTRANCE TO WHITEHALL CROSSING,,375.0,W,39.16879805,-86.57440282,,,URBAN,N,N,N,,DAYLIGHT,CLEAR,DRY,,FOUR-WAY INTERSECTION,,ASPHALT,FAILURE TO YIELD RIGHT OF WAY,REAR END,,,2019-11-13 11:55:00
BLOOMINGTON PD,BLOOMINGTON,2,0.0,0.0,0.0,0.0,,,,W TAPP,S DEBORAH DR,,,,39.13666,-86.56784,LOCAL/CITY ROAD,N,URBAN,N,N,N,,DAYLIGHT,CLEAR,DRY,,FOUR-WAY INTERSECTION,STRAIGHT/LEVEL,ASPHALT,FAILURE TO YIELD RIGHT OF WAY,LEFT TURN,SDEBORAHRDWTAPPRD,STOP SIGN,2019-11-13 18:00:00
BLOOMINGTON PD,BLOOMINGTON,2,0.0,1.0,0.0,0.0,,,,S LIBERTY,SR 48,,,,39.16461,-86.57913,LOCAL/CITY ROAD,N,URBAN,N,N,N,,DAYLIGHT,CLEAR,DRY,,T-INTERSECTION,STRAIGHT/LEVEL,ASPHALT,FOLLOWING TOO CLOSELY,REAR END,SLIBERTYDRW3RDST,TRAFFIC CONTROL SIGNAL,2019-11-14 08:05:00
BLOOMINGTON PD,BLOOMINGTON,2,1.0,0.0,0.0,0.0,,,,N COLLEGE,W 10TH ST,,,,39.171744,-86.534768,LOCAL/CITY ROAD,N,URBAN,N,N,N,,DAYLIGHT,CLEAR,DRY,,FOUR-WAY INTERSECTION,STRAIGHT/LEVEL,ASPHALT,FAILURE TO YIELD RIGHT OF WAY,LEFT TURN,NCOLLEGEAVEW10THST,STOP SIGN,2019-11-14 12:40:00
MONROE SD,ELLETTSVILLE,3,0.0,0.0,0.0,0.0,,,,SR 46,W CHAFIN CHAPEL RD,,,,39.259744,-86.657504,LOCAL/CITY ROAD,N,RURAL,N,N,N,,DAYLIGHT,CLEAR,DRY,,T-INTERSECTION,STRAIGHT/LEVEL,ASPHALT,FOLLOWING TOO CLOSELY,RIGHT ANGLE,SR46WWCHAFINCHAPELRD,LANE CONTROL,2019-11-14 07:12:00
BLOOMINGTON PD,BLOOMINGTON,2,0.0,0.0,0.0,0.0,,,,E 3RD,S BRYAN AVE,,,,39.16432,-86.50824,LOCAL/CITY ROAD,N,URBAN,N,N,N,,DAYLIGHT,CLEAR,DRY,,FOUR-WAY INTERSECTION,STRAIGHT/LEVEL,ASPHALT,FOLLOWING TOO CLOSELY,REAR END,3RDSTBRYANAVE,TRAFFIC CONTROL SIGNAL,2019-11-14 11:30:00
BLOOMINGTON PD,BLOOMINGTON,2,0.0,0.0,0.0,0.0,,,,E 3RD,S ROSE AVE,,,,39.164352,-86.510944,LOCAL/CITY ROAD,N,URBAN,N,N,N,,DARK (LIGHTED),CLEAR,DRY,,FOUR-WAY INTERSECTION,STRAIGHT/GRADE,ASPHALT,FAILURE TO YIELD RIGHT OF WAY,RIGHT ANGLE,E3RDSTSROSEAVE,STOP SIGN,2019-11-14 18:45:00
BLOOMINGTON PD,BLOOMINGTON,1,0.0,1.0,0.0,0.0,,,,E VERMILYA,S WALNUT ST,,,,39.14892,-86.53324,LOCAL/CITY ROAD,N,URBAN,N,N,N,,DAYLIGHT,CLEAR,DRY,,T-INTERSECTION,STRAIGHT/LEVEL,ASPHALT,FAILURE TO YIELD RIGHT OF WAY,OTHER - EXPLAIN IN NARRATIVE,EVERMILYAAVESOUTHWALNUTST,STOP SIGN,2019-11-14 14:23:00
BLOOMINGTON PD,BLOOMINGTON,2,0.0,0.0,0.0,0.0,,,,N ROGERS,W 8TH ST,,,,39.169584,-86.538576,LOCAL/CITY ROAD,N,URBAN,N,N,N,,DAWN/DUSK,CLEAR,DRY,,FOUR-WAY INTERSECTION,STRAIGHT/GRADE,ASPHALT,FAILURE TO YIELD RIGHT OF WAY,RIGHT ANGLE,NROGERSSTW8THST,STOP SIGN,2019-11-14 17:29:00
BLOOMINGTON PD,BLOOMINGTON,2,0.0,0.0,0.0,0.0,,,,SR 45,E JOHN HINKLE PL,,,,39.171504,-86.49296,LOCAL/CITY ROAD,N,URBAN,N,N,N,,DARK (NOT LIGHTED),CLEAR,DRY,,FOUR-WAY INTERSECTION,STRAIGHT/LEVEL,ASPHALT,FAILURE TO YIELD RIGHT OF WAY,HEAD ON BETWEEN TWO MOTOR VEHICLES,E10THSTJOHNHINKLEPL,NONE,2019-11-14 18:18:00
BLOOMINGTON PD,BLOOMINGTON,2,0.0,0.0,0.0,0.0,,,,W 1ST,S HENDERSON ST,,75.0,E,0.0,0.0,LOCAL/CITY ROAD,N,URBAN,N,N,N,,DAYLIGHT,CLEAR,DRY,,FOUR-WAY INTERSECTION,STRAIGHT/LEVEL,ASPHALT,IMPROPER PASSING,RIGHT ANGLE,SHENDERSONSTW1STST,NONE,2019-11-14 11:11:00
BLOOMINGTON PD,BLOOMINGTON,2,0.0,1.0,0.0,0.0,,,,N WALNUT,SR 45/46,,,,39.186368,-86.5344,STATE ROAD,N,URBAN,N,N,N,,DARK (LIGHTED),CLEAR,DRY,,FOUR-WAY INTERSECTION,STRAIGHT/LEVEL,ASPHALT,DRIVER DISTRACTED - EXPLAIN IN NARRATIVE,REAR END,NWALNUTSTSR46E,TRAFFIC CONTROL SIGNAL,2019-11-15 05:25:00
INDIANA UNIV BLOOMINGTON PD,BLOOMINGTON,2,0.0,0.0,0.0,0.0,,,,E 10TH,N SUNRISE DR,,350.0,E,39.17158,-86.51251027,LOCAL/CITY ROAD,N,URBAN,N,N,N,,DARK (LIGHTED),CLEAR,DRY,,NO JUNCTION INVOLVED,STRAIGHT/GRADE,ASPHALT,DRIVER DISTRACTED - EXPLAIN IN NARRATIVE,REAR END,NSUNRISEDRTENTHST,NONE,2019-11-15 20:10:00
INDIANA UNIV BLOOMINGTON PD,BLOOMINGTON,2,0.0,0.0,0.0,0.0,,,,E 10TH,N JORDAN AVE,,,,39.17159,-86.51567,LOCAL/CITY ROAD,N,URBAN,N,N,N,,DARK (LIGHTED),CLEAR,DRY,,FOUR-WAY INTERSECTION,STRAIGHT/LEVEL,ASPHALT,FOLLOWING TOO CLOSELY,REAR END,JORDANAVETENTHST,TRAFFIC CONTROL SIGNAL,2019-11-15 23:57:00
BLOOMINGTON PD,BLOOMINGTON,2,0.0,0.0,0.0,0.0,,,,N CURRY,W PROFILE PKWY,,300.0,N,39.20364661,-86.59039117,LOCAL/CITY ROAD,N,URBAN,N,N,N,,DAYLIGHT,CLEAR,DRY,,NO JUNCTION INVOLVED,STRAIGHT/LEVEL,ASPHALT,FOLLOWING TOO CLOSELY,REAR END,CURRYPIKEPROFILEPKWY,LANE CONTROL,2019-11-15 23:58:00
ISP BLOOMINGTON 33,BLOOMINGTON,2,,0.0,0.0,0.0,,,,N CURRY,W WOORYARD RD,,0.0,S,39.19026,-86.582539,LOCAL/CITY ROAD,,RURAL,N,N,N,,DAYLIGHT,CLEAR,DRY,,FOUR-WAY INTERSECTION,,ASPHALT,UNSAFE SPEED,OPPOSITE DIRECTION SIDESWIPE,,,2019-11-15 07:15:00
INDIANA UNIV BLOOMINGTON PD,BLOOMINGTON,1,0.0,0.0,0.0,0.0,125.0,,,S JORDAN,E JONES AVE,,,,39.16604667,-86.51466667,UNKNOWN,N,URBAN,N,N,N,,DAYLIGHT,CLEAR,DRY,,NO JUNCTION INVOLVED,STRAIGHT/LEVEL,ASPHALT,PEDESTRIAN ACTION,OTHER - EXPLAIN IN NARRATIVE,SJORDANAVE,NONE,2019-11-15 15:31:00
BLOOMINGTON PD,BLOOMINGTON,2,0.0,0.0,0.0,0.0,,,,W 3RD,S CORY LN,,,,39.16448,-86.56015,LOCAL/CITY ROAD,N,URBAN,N,N,N,,DAYLIGHT,CLEAR,DRY,,FOUR-WAY INTERSECTION,STRAIGHT/GRADE,ASPHALT,FOLLOWING TOO CLOSELY,REAR END,3RDSTCORYLN,TRAFFIC CONTROL SIGNAL,2019-11-15 12:09:00
INDIANA UNIV BLOOMINGTON PD,BLOOMINGTON,2,0.0,0.0,0.0,0.0,2815.0,,,E 10TH,E UNIVERSITY RD,,,,39.172265,-86.49849,UNKNOWN,N,URBAN,N,N,N,,DAYLIGHT,CLEAR,DRY,,T-INTERSECTION,STRAIGHT/GRADE,CONCRETE,UNSAFE BACKING,BACKING CRASH,E10THST,NONE,2019-11-15 15:05:00
INDIANA UNIV BLOOMINGTON PD,BLOOMINGTON,2,0.0,0.0,0.0,0.0,,,,E 14TH,N FESS AVE,,,,39.17609,-86.52598,LOCAL/CITY ROAD,N,URBAN,N,N,N,,DAYLIGHT,CLEAR,DRY,,T-INTERSECTION,STRAIGHT/LEVEL,ASPHALT,UNSAFE BACKING,BACKING CRASH,FESSAVEFOURTEENTHST,NONE,2019-11-15 15:20:00
BLOOMINGTON PD,BLOOMINGTON,3,0.0,0.0,0.0,0.0,,,,E 7TH,N DUNN ST,,,,39.16864,-86.528224,LOCAL/CITY ROAD,N,URBAN,N,N,N,,DAYLIGHT,CLEAR,DRY,,FOUR-WAY INTERSECTION,STRAIGHT/LEVEL,ASPHALT,FAILURE TO YIELD RIGHT OF WAY,SAME DIRECTION SIDESWIPE,E7THSTNDUNNST,STOP SIGN,2019-11-15 13:17:00
ISP BLOOMINGTON 33,BLOOMINGTON,1,,0.0,0.0,1.0,,,,I-69 N,,,0.0,S,39.27697898,-86.52332283,INTERSTATE,,RURAL,N,Y,N,,DARK (NOT LIGHTED),CLEAR,DRY,,NO JUNCTION INVOLVED,,ASPHALT,ANIMAL/OBJECT IN ROADWAY,COLLISION WITH DEER,,,2019-11-15 03:10:00
BLOOMINGTON PD,BLOOMINGTON,1,0.0,0.0,0.0,0.0,,,,N HEADLEY,,,1000.0,N,39.19008,-86.514288,LOCAL/CITY ROAD,N,URBAN,N,N,N,,DARK (NOT LIGHTED),CLEAR,DRY,,NO JUNCTION INVOLVED,CURVE/GRADE,ASPHALT,RAN OFF ROAD RIGHT,RAN OFF ROAD,NHEADLEYRDTREADWELLST,NONE,2019-11-15 06:00:00
MONROE SD,BLOOMINGTON,1,0.0,0.0,0.0,0.0,,,,S BREEDEN,W GRAVES RD,,100.0,S,39.03657728,-86.66705,LOCAL/CITY ROAD,N,RURAL,N,N,N,,DAYLIGHT,CLEAR,WET,,T-INTERSECTION,CURVE/HILLCREST,ASPHALT,RAN OFF ROAD RIGHT,RAN OFF ROAD,BREEDENRDGRAVESRD,NONE,2019-11-15 11:00:00
BLOOMINGTON PD,BLOOMINGTON,4,0.0,1.0,0.0,0.0,,,,S HENDERSON,E 2ND ST,,,,39.16136,-86.52722,LOCAL/CITY ROAD,Y,URBAN,N,N,N,,DAYLIGHT,CLEAR,DRY,,FOUR-WAY INTERSECTION,STRAIGHT/LEVEL,ASPHALT,IMPROPER LANE USAGE,OPPOSITE DIRECTION SIDESWIPE,E2NDSTSHENDERSONST,STOP SIGN,2019-11-15 15:34:00
BLOOMINGTON PD,BLOOMINGTON,2,0.0,0.0,0.0,0.0,,,,S PATTERSON,ENTRANCE TO DERMATOLOGY CENTER OF SOUTHERN INDIANA,,,,39.15381,-86.53872701,LOCAL/CITY ROAD,N,URBAN,N,N,N,,DAYLIGHT,CLEAR,DRY,,T-INTERSECTION,STRAIGHT/LEVEL,ASPHALT,FAILURE TO YIELD RIGHT OF WAY,RIGHT TURN,PATTERSONSTSROGERSST,NONE,2019-11-15 01:00:00
BLOOMINGTON PD,BLOOMINGTON,1,0.0,1.0,0.0,0.0,219.0,,,S WALNUT,,,,,39.16546286,-86.5336,LOCAL/CITY ROAD,N,URBAN,N,N,Y,LANE CLOSURE,DAWN/DUSK,CLEAR,DRY,,NO JUNCTION INVOLVED,STRAIGHT/GRADE,CONCRETE,FAILURE TO YIELD RIGHT OF WAY,OTHER - EXPLAIN IN NARRATIVE,SWALNUTST,NONE,2019-11-15 17:12:00
MONROE SD,BLOOMINGTON,1,0.0,0.0,0.0,1.0,,,,SR 37,,,5200.0,S,39.00583987,-86.53719226,STATE ROAD,N,RURAL,N,N,N,,DARK (NOT LIGHTED),CLEAR,DRY,,NO JUNCTION INVOLVED,STRAIGHT/LEVEL,ASPHALT,ANIMAL/OBJECT IN ROADWAY,COLLISION WITH DEER,MONROEDAMRDSR37S,NONE,2019-11-15 02:40:00
MONROE SD,BLOOMINGTON,1,0.0,0.0,0.0,1.0,,,,SR 446,E TOWER RIDGE RD,,1000.0,S,39.01234215,-86.40118523,STATE ROAD,N,RURAL,N,N,N,,DARK (NOT LIGHTED),CLEAR,DRY,,NO JUNCTION INVOLVED,STRAIGHT/LEVEL,ASPHALT,ANIMAL/OBJECT IN ROADWAY,COLLISION WITH DEER,SR446STOWERRIDGERD,NONE,2019-11-15 04:55:00
BLOOMINGTON PD,BLOOMINGTON,2,0.0,0.0,0.0,0.0,,,,W GRIMES,S MORTON ST,,50.0,E,39.15337,-86.53637432,LOCAL/CITY ROAD,N,URBAN,N,N,N,,DAYLIGHT,CLEAR,DRY,,NO JUNCTION INVOLVED,STRAIGHT/LEVEL,ASPHALT,FOLLOWING TOO CLOSELY,REAR END,SMORTONSTWGRIMESLN,LANE CONTROL,2019-11-15 07:45:00
BLOOMINGTON PD,BLOOMINGTON,1,0.0,1.0,0.0,0.0,4180.0,,,W OLD SR 37,,,700.0,W,39.251296,-86.500832,LOCAL/CITY ROAD,N,RURAL,N,N,N,,DARK (NOT LIGHTED),CLEAR,DRY,,NO JUNCTION INVOLVED,CURVE/GRADE,ASPHALT,DRIVER DISTRACTED - EXPLAIN IN NARRATIVE,RAN OFF ROAD,OLDSTATEROAD37HWY,NONE,2019-11-15 06:45:00
INDIANA UNIV BLOOMINGTON PD,BLOOMINGTON,2,0.0,0.0,0.0,0.0,,,,N WALNUT,SR 45/46,,250.0,N,0.0,0.0,LOCAL/CITY ROAD,N,URBAN,N,N,N,,DAYLIGHT,CLEAR,DRY,,T-INTERSECTION,STRAIGHT/LEVEL,ASPHALT,FAILURE TO YIELD RIGHT OF WAY,LEFT TURN,SR45EWALNUTST,NONE,2019-11-16 16:00:00
MONROE SD,BLOOMINGTON,1,0.0,0.0,0.0,0.0,,,,SR 46,N SMITH PIKE,,,,39.210144,-86.5832,STATE ROAD,N,URBAN,N,N,N,,DARK (LIGHTED),CLEAR,DRY,,FOUR-WAY INTERSECTION,CURVE/GRADE,ASPHALT,RAN OFF ROAD RIGHT,RAN OFF ROAD,NSMITHPIKESR46W,TRAFFIC CONTROL SIGNAL,2019-11-16 00:44:00
MONROE SD,BLOOMINGTON,2,0.0,0.0,0.0,0.0,,,,S WALNUT,W CHURCH LN,,,,39.10726,-86.53149,UNKNOWN,N,URBAN,N,N,N,,DAYLIGHT,CLEAR,DRY,,FOUR-WAY INTERSECTION,STRAIGHT/LEVEL,ASPHALT,UNSAFE LANE MOVEMENT,SAME DIRECTION SIDESWIPE,CHURCHLNOLDSTRD37RD,TRAFFIC CONTROL SIGNAL,2019-11-16 16:21:00
MONROE SD,BLOOMINGTON,2,0.0,0.0,0.0,0.0,,,,N LOW GAP,E TULIP TREE TRACE RD,,1000.0,N,0.0,0.0,LOCAL/CITY ROAD,N,RURAL,N,N,N,,DAYLIGHT,CLEAR,DRY,,NO JUNCTION INVOLVED,CURVE/GRADE,ASPHALT,LEFT OF CENTER,HEAD ON BETWEEN TWO MOTOR VEHICLES,LOWGAPRDTULIPTR,NONE,2019-11-16 16:00:00
INDIANA UNIV BLOOMINGTON PD,BLOOMINGTON,2,0.0,0.0,0.0,0.0,,,,N ROSE,E 7TH ST,,,,39.16808,-86.51091,LOCAL/CITY ROAD,N,URBAN,Y,N,N,,DARK (LIGHTED),CLEAR,DRY,,T-INTERSECTION,STRAIGHT/LEVEL,ASPHALT,FAILURE TO YIELD RIGHT OF WAY,LEFT TURN,E7THSTNROSEAVE,NONE,2019-11-16 20:10:00
INDIANA UNIV BLOOMINGTON PD,BLOOMINGTON,1,0.0,0.0,0.0,0.0,,,,W KIRKWOOD,N MAPLE ST,,,,39.16664,-86.5422,LOCAL/CITY ROAD,Y,URBAN,N,N,N,,DARK (NOT LIGHTED),CLEAR,DRY,,NO JUNCTION INVOLVED,STRAIGHT/LEVEL,ASPHALT,LEFT OF CENTER,COLLISION WITH OBJECT IN ROAD,KIRKWOODAVEMAPLEST,LANE CONTROL,2019-11-16 23:01:00
BLOOMINGTON PD,BLOOMINGTON,2,0.0,1.0,0.0,0.0,,,,SR 46,S SMITH RD,,,,39.16424,-86.480688,LOCAL/CITY ROAD,N,URBAN,N,N,N,,DARK (LIGHTED),CLEAR,DRY,,FOUR-WAY INTERSECTION,STRAIGHT/GRADE,ASPHALT,FAILURE TO YIELD RIGHT OF WAY,RIGHT ANGLE,E3RDSTSSMITHRD,TRAFFIC CONTROL SIGNAL,2019-11-17 18:06:00
MONROE SD,BLOOMINGTON,2,0.0,0.0,0.0,0.0,,,,SR 37,S OLD SR 37,,,,39.085632,-86.542304,STATE ROAD,N,RURAL,N,Y,N,,DAYLIGHT,CLEAR,DRY,,FOUR-WAY INTERSECTION,STRAIGHT/LEVEL,ASPHALT,IMPROPER LANE USAGE,SAME DIRECTION SIDESWIPE,SOLDSR37RDSR37N,TRAFFIC CONTROL SIGNAL,2019-11-17 13:13:00
INDIANA UNIV BLOOMINGTON PD,BLOOMINGTON,2,0.0,0.0,0.0,0.0,,,,E 7TH,STADIUM DR,,,,0.0,0.0,UNKNOWN,N,URBAN,N,N,N,,DAYLIGHT,CLEAR,DRY,,NO JUNCTION INVOLVED,STRAIGHT/LEVEL,ASPHALT,FAILURE TO YIELD RIGHT OF WAY,RIGHT TURN,7THSTSTADIUMDR,NONE,2019-11-17 13:30:00
BLOOMINGTON PD,BLOOMINGTON,3,0.0,0.0,0.0,0.0,,,,E KIRKWOOD,S ROGERS ST,,,,39.166672,-86.538608,LOCAL/CITY ROAD,N,URBAN,N,N,N,,DAYLIGHT,CLEAR,DRY,,FOUR-WAY INTERSECTION,STRAIGHT/GRADE,ASPHALT,UNSAFE LANE MOVEMENT,REAR END,EKIRKWOODAVESROGERSST,NONE,2019-11-17 15:00:00
MONROE SD,BLOOMINGTON,1,0.0,1.0,0.0,0.0,,,,E WOODVIEW,SR 46,,,,39.15199,-86.38127,LOCAL/CITY ROAD,N,RURAL,N,N,N,,DARK (NOT LIGHTED),CLEAR,DRY,,NO JUNCTION INVOLVED,CURVE/GRADE,ASPHALT,RAN OFF ROAD RIGHT,RAN OFF ROAD,ESR46RDEWOODVIEWDR,NONE,2019-11-17 05:43:00
INDIANA UNIV BLOOMINGTON PD,BLOOMINGTON,2,0.0,0.0,0.0,0.0,,,,N JORDAN,,,1000.0,N,0.0,0.0,LOCAL/CITY ROAD,N,URBAN,N,N,N,,DAYLIGHT,CLEAR,DRY,,T-INTERSECTION,CURVE/GRADE,ASPHALT,IMPROPER TURNING,RIGHT TURN,NJORDANAVESR46,NONE,2019-11-17 08:40:00
MONROE SD,BLOOMINGTON,1,0.0,0.0,0.0,0.0,,,,S FAIRFAX,E SCHACHT RD,,,,39.10704,-86.523488,COUNTY ROAD,N,RURAL,N,N,N,,DAYLIGHT,CLEAR,DRY,,NO JUNCTION INVOLVED,CURVE/GRADE,ASPHALT,RAN OFF ROAD RIGHT,RAN OFF ROAD,EASTSCHACHTRDSOUTHFAIRFAXRD,NONE,2019-11-17 10:37:00
MONROE SD,BLOOMINGTON,1,0.0,0.0,0.0,0.0,,,,S OLD SR 37,S EMPIRE RD,,100.0,N,39.083248,-86.5408,LOCAL/CITY ROAD,N,RURAL,N,N,N,,DARK (NOT LIGHTED),CLEAR,DRY,,T-INTERSECTION,CURVE/GRADE,ASPHALT,RAN OFF ROAD RIGHT,RAN OFF ROAD,SEMPIRERDSOLDSTATEROAD37RD,LANE CONTROL,2019-11-17 04:12:00
ELLETTSVILLE PD,ELLETTSVILLE,2,0.0,0.0,0.0,0.0,,,,SR 46,N KELLI DR,,150.0,W,39.25039539,-86.65206413,STATE ROAD,N,URBAN,N,N,N,,DAYLIGHT,CLEAR,DRY,,T-INTERSECTION,STRAIGHT/LEVEL,ASPHALT,RAN OFF ROAD RIGHT,REAR END,KELLIDRSR46W,NONE,2019-11-17 15:28:00
BLOOMINGTON PD,BLOOMINGTON,2,0.0,0.0,0.0,0.0,,,,SR 45/46,N KINSER PIKE,,50.0,E,39.186544,-86.537888,STATE ROAD,N,URBAN,N,N,N,,DAYLIGHT,CLOUDY,WET,,FOUR-WAY INTERSECTION,STRAIGHT/LEVEL,ASPHALT,SPEED TOO FAST FOR WEATHER CONDITIONS,REAR END,NKINSERPIKESR4546W,TRAFFIC CONTROL SIGNAL,2019-11-18 08:50:00
BLOOMINGTON PD,BLOOMINGTON,2,0.0,1.0,0.0,0.0,,,,S CURRY,SR 48,,,,39.16464,-86.58296,LOCAL/CITY ROAD,N,URBAN,N,N,N,,DAYLIGHT,CLOUDY,WET,,FOUR-WAY INTERSECTION,STRAIGHT/LEVEL,ASPHALT,DRIVER DISTRACTED - EXPLAIN IN NARRATIVE,REAR END,SCURRYPIKEW3RDST,TRAFFIC CONTROL SIGNAL,2019-11-18 08:49:00
BLOOMINGTON PD,BLOOMINGTON,2,0.0,0.0,0.0,0.0,,,,SR 46,SR 446,,,,39.164448,-86.471888,LOCAL/CITY ROAD,N,URBAN,N,N,N,,DAYLIGHT,CLOUDY,WET,,T-INTERSECTION,CURVE/LEVEL,ASPHALT,UNSAFE LANE MOVEMENT,SAME DIRECTION SIDESWIPE,3RDSTSR446S,LANE CONTROL,2019-11-18 08:56:00
MONROE SD,ELLETTSVILLE,2,0.0,0.0,0.0,0.0,,,,SR 46,W CHAFIN CHAPEL RD,,300.0,E,39.25962,-86.65757599,STATE ROAD,N,RURAL,N,N,N,,DARK (NOT LIGHTED),RAIN,WET,,NO JUNCTION INVOLVED,STRAIGHT/LEVEL,ASPHALT,ANIMAL/OBJECT IN ROADWAY,OPPOSITE DIRECTION SIDESWIPE,SR46WWCHAFINCHAPELRD,LANE CONTROL,2019-11-18 07:19:00
ISP BLOOMINGTON 33,BLOOMINGTON,1,,0.0,0.0,1.0,,,,I-69 N,,,0.0,S,39.08833212,-86.5702749,INTERSTATE,,RURAL,N,N,N,,DAYLIGHT,CLOUDY,DRY,,NO JUNCTION INVOLVED,,ASPHALT,ANIMAL/OBJECT IN ROADWAY,COLLISION WITH DEER,,,2019-11-18 13:50:00
MONROE SD,ELLETTSVILLE,2,0.0,0.0,0.0,0.0,,,,N MT TABOR,W MEGANS WAY,,300.0,S,39.26300119,-86.62625,COUNTY ROAD,N,RURAL,N,N,N,,DAYLIGHT,CLEAR,DRY,,T-INTERSECTION,STRAIGHT/LEVEL,ASPHALT,IMPROPER LANE USAGE,SAME DIRECTION SIDESWIPE,NMTTABORRDWMEGANSWAY,NONE,2019-11-18 16:20:00
BLOOMINGTON PD,BLOOMINGTON,2,0.0,2.0,0.0,0.0,,,,N WALNUT,E 14TH ST,,,,39.175952,-86.53344,LOCAL/CITY ROAD,N,URBAN,N,N,N,,DAYLIGHT,CLOUDY,DRY,,FOUR-WAY INTERSECTION,STRAIGHT/HILLCREST,ASPHALT,DISREGARD SIGNAL/REG SIGN,RIGHT ANGLE,E14THSTNWALNUTST,STOP SIGN,2019-11-18 10:50:00
MONROE SD,BLOOMINGTON,2,1.0,0.0,0.0,0.0,,,,S OLD SR 37,W HOBART RD,,,,39.013744,-86.5408,LOCAL/CITY ROAD,N,RURAL,N,N,N,,DAYLIGHT,CLOUDY,DRY,,FOUR-WAY INTERSECTION,STRAIGHT/LEVEL,ASPHALT,IMPROPER TURNING,LEFT/RIGHT TURN,SOLDSTATERD37RDWHOBARTRD,STOP SIGN,2019-11-18 16:13:00
MONROE SD,BLOOMINGTON,1,0.0,1.0,0.0,0.0,,,,S ROCKPORT,S VICTOR PIKE,,,,39.053744,-86.606304,LOCAL/CITY ROAD,N,RURAL,N,N,N,,DARK (NOT LIGHTED),CLOUDY,WET,,T-INTERSECTION,CURVE/GRADE,ASPHALT,SPEED TOO FAST FOR WEATHER CONDITIONS,RAN OFF ROAD,SROCKPORTRDSVICTORPIKE,NONE,2019-11-18 18:23:00
MONROE SD,BLOOMINGTON,2,0.0,0.0,0.0,0.0,,,,S ROGERS,PARGRAVE PL,,,,39.125472,-86.538784,COUNTY ROAD,N,URBAN,N,N,N,,DAYLIGHT,CLOUDY,DRY,,T-INTERSECTION,STRAIGHT/GRADE,ASPHALT,FAILURE TO YIELD RIGHT OF WAY,LEFT TURN,PARGRAVEPLSOUTHROGERSST,STOP SIGN,2019-11-18 12:49:00