Agency,City,Vehicles Involved,Trailers Involved,Number Injured,Number Dead,Number Deer,House Number,Roadway Interchange,Roadway Ramp,Roadway Id,Intersecting Road,Interchange,Feet From,Direction,Latitude,Longitude,Roadway Class,Hit and Run?,Locality,School Zone?,Rumble Strips?,Construction?,Construction Type,Light Condition,Weather Conditions,Surface Condition,Type of Median,Roadway Junction Type,Road Character,Roadway Surface,Primary Factor,Manner of Collision,Unique Location Id,Traffic Control,DateTime
MONROE SD,ELLETTSVILLE,2,0.0,0.0,0.0,0.0,,,,N LIBERTY HOLLOW,W WAMPLER RD,,,,39.335152,-86.607008,LOCAL/CITY ROAD,N,RURAL,N,N,N,,DAYLIGHT,RAIN,WET,,T-INTERSECTION,CURVE/LEVEL,ASPHALT,LEFT OF CENTER,LEFT/RIGHT TURN,NLIBERTYHOLLOWRDWWAMPLERRD,NONE,2019-12-01 10:14:00
MONROE SD,BLOOMINGTON,1,0.0,0.0,0.0,0.0,,,,N LOW GAP,E TULIP TREE TRACE RD,,600.0,N,0.0,0.0,LOCAL/CITY ROAD,N,RURAL,N,N,N,,DAYLIGHT,RAIN,WET,,NO JUNCTION INVOLVED,STRAIGHT/GRADE,CONCRETE,SPEED TOO FAST FOR WEATHER CONDITIONS,RAN OFF ROAD,ETULIPTREETRNLOWGAPRD,NONE,2019-12-01 13:08:00
MONROE SD,BLOOMINGTON,2,0.0,0.0,0.0,0.0,,,,SR 37,E WHISNAND RD,,2400.0,N,0.0,0.0,STATE ROAD,N,RURAL,N,Y,N,,DARK (NOT LIGHTED),RAIN,WET,,NO JUNCTION INVOLVED,STRAIGHT/LEVEL,CONCRETE,CELL PHONE USAGE,REAR END,EWHISNANDRDSR37N,NONE,2019-12-01 20:14:00
BLOOMINGTON PD,BLOOMINGTON,3,0.0,0.0,0.0,0.0,,,,SR 45/46,N DUNN ST,,350.0,E,39.18635203,-86.52726078,STATE ROAD,N,URBAN,N,N,N,,DAYLIGHT,CLOUDY,DRY,,NO JUNCTION INVOLVED,STRAIGHT/LEVEL,ASPHALT,FOLLOWING TOO CLOSELY,REAR END,NDUNNSTSR46E,NONE,2019-12-02 13:50:00
MONROE SD,BLOOMINGTON,1,0.0,0.0,0.0,0.0,,,,SR 48,W VERNAL PIKE,,2640.0,W,39.16856993,-86.67030981,STATE ROAD,N,RURAL,N,N,N,,DARK (NOT LIGHTED),RAIN,WET,,NO JUNCTION INVOLVED,CURVE/LEVEL,ASPHALT,RAN OFF ROAD RIGHT,RAN OFF ROAD,SR48WWVERNALPIKE,LANE CONTROL,2019-12-02 06:02:00
BLOOMINGTON PD,BLOOMINGTON,2,0.0,0.0,0.0,0.0,,,,E 3RD,N HIGH ST,,,,39.164352,-86.508288,LOCAL/CITY ROAD,N,URBAN,N,N,N,,DARK (LIGHTED),CLEAR,DRY,,FOUR-WAY INTERSECTION,STRAIGHT/GRADE,ASPHALT,DISREGARD SIGNAL/REG SIGN,LEFT/RIGHT TURN,E3RDSTNHIGHST,TRAFFIC CONTROL SIGNAL,2019-12-02 17:45:00
MONROE SD,BLOOMINGTON,1,0.0,1.0,0.0,0.0,,123,1,I-69 S,,,,,0.0,0.0,INTERSTATE,N,RURAL,N,N,N,,DAYLIGHT,CLOUDY,DRY,,RAMP,CURVE/GRADE,ASPHALT,TIRE FAILURE OR DEFECTIVE,RAN OFF ROAD,I69S,LANE CONTROL,2019-12-02 12:52:00
INDIANA UNIV BLOOMINGTON PD,BLOOMINGTON,2,0.0,1.0,0.0,0.0,,,,N FEE,E LAW LN,,,,39.174048,-86.518896,LOCAL/CITY ROAD,N,URBAN,N,N,N,,DAWN/DUSK,CLOUDY,DRY,,T-INTERSECTION,STRAIGHT/GRADE,ASPHALT,FOLLOWING TOO CLOSELY,REAR END,FEELNLAWLN,NONE,2019-12-02 16:55:00
MONROE SD,BLOOMINGTON,1,0.0,0.0,0.0,1.0,,,,N OLD SR 37,,,1200.0,N,,,STATE ROAD,N,RURAL,N,N,N,,DARK (NOT LIGHTED),RAIN,WET,,T-INTERSECTION,CURVE/LEVEL,ASPHALT,ANIMAL/OBJECT IN ROADWAY,RAN OFF ROAD,MAINFORRESTRDSR37N,NONE,2019-12-02 04:17:00
BLOOMINGTON PD,BLOOMINGTON,2,0.0,0.0,0.0,0.0,,,,N ROGERS,W 7TH ST,,,,39.168704,-86.538576,LOCAL/CITY ROAD,Y,URBAN,Y,N,N,,DARK (LIGHTED),RAIN,WET,,FOUR-WAY INTERSECTION,STRAIGHT/GRADE,ASPHALT,UNSAFE LANE MOVEMENT,SAME DIRECTION SIDESWIPE,7THSTROGERSST,STOP SIGN,2019-12-02 00:07:00
MONROE SD,BLOOMINGTON,1,0.0,0.0,0.0,0.0,6161.0,,,N SHUFFLE CREEK,,,,,0.0,0.0,COUNTY ROAD,Y,RURAL,N,N,N,,DARK (NOT LIGHTED),CLOUDY,WET,,NO JUNCTION INVOLVED,STRAIGHT/GRADE,ASPHALT,RAN OFF ROAD RIGHT,RAN OFF ROAD,NORTHSHUFFLECREEKRD,NONE,2019-12-02 08:58:00
BLOOMINGTON PD,BLOOMINGTON,2,0.0,0.0,0.0,0.0,,,,S COLLEGE,W 4TH ST,,150.0,N,39.16607598,-86.5348,LOCAL/CITY ROAD,N,URBAN,N,N,N,,DARK (LIGHTED),RAIN,WET,,NO JUNCTION INVOLVED,STRAIGHT/GRADE,ASPHALT,OTHER (DRIVER) - EXPLAIN IN NARRATIVE,SAME DIRECTION SIDESWIPE,4THSTCOLLEGEAVE,LANE CONTROL,2019-12-02 00:21:00
BLOOMINGTON PD,BLOOMINGTON,2,0.0,0.0,0.0,0.0,,,,S WALNUT,W DODDS ST,,,,0.0,0.0,LOCAL/CITY ROAD,N,URBAN,N,N,N,,DAYLIGHT,CLOUDY,DRY,,T-INTERSECTION,STRAIGHT/LEVEL,ASPHALT,FAILURE TO YIELD RIGHT OF WAY,RIGHT ANGLE,EDODDSSTSWALNUTST,STOP SIGN,2019-12-02 17:05:00
ELLETTSVILLE PD,ELLETTSVILLE,2,0.0,0.0,0.0,0.0,,,,SR 46,N CONSTABLE DR,,,,,,STATE ROAD,N,URBAN,N,N,N,,DAYLIGHT,CLEAR,DRY,,NO JUNCTION INVOLVED,CURVE/GRADE,ASPHALT,FAILURE TO YIELD RIGHT OF WAY,SAME DIRECTION SIDESWIPE,CONSTABLEDRSR46W,NONE,2019-12-02 16:30:00
MONROE SD,BLOOMINGTON,2,0.0,0.0,0.0,0.0,,,,W ARLINGTON,W STOUTES CREEK RD,,,,39.197648,-86.558304,COUNTY ROAD,N,RURAL,N,N,N,,DAYLIGHT,CLEAR,DRY,,NO JUNCTION INVOLVED,STRAIGHT/LEVEL,ASPHALT,FOLLOWING TOO CLOSELY,REAR END,STOUTCREEKRDWARLINGTONRD,NONE,2019-12-02 16:24:00
BLOOMINGTON PD,BLOOMINGTON,3,0.0,0.0,0.0,0.0,,,,SR 46,KINGSTON DR S,,,,39.16424,-86.492944,LOCAL/CITY ROAD,N,URBAN,N,N,N,,DARK (LIGHTED),CLEAR,DRY,,NO JUNCTION INVOLVED,STRAIGHT/LEVEL,ASPHALT,FAILURE TO YIELD RIGHT OF WAY,LEFT TURN,E3RDSTSKINGSTONDR,TRAFFIC CONTROL SIGNAL,2019-12-03 17:45:00
BLOOMINGTON PD,BLOOMINGTON,1,0.0,0.0,0.0,0.0,,,,S COLLEGE,W 1ST ST,,100.0,N,39.17715465,-86.53473389,LOCAL/CITY ROAD,Y,,Y,N,N,,DAYLIGHT,CLOUDY,DRY,,NO JUNCTION INVOLVED,STRAIGHT/GRADE,ASPHALT,OTHER (DRIVER) - EXPLAIN IN NARRATIVE,SAME DIRECTION SIDESWIPE,1STSTCOLLEGEAVE,LANE CONTROL,2019-12-03 08:19:00
INDIANA UNIV BLOOMINGTON PD,BLOOMINGTON,2,0.0,0.0,0.0,0.0,,,,S JORDAN,E JONES AVE,,200.0,S,0.0,0.0,LOCAL/CITY ROAD,N,URBAN,N,N,N,,DARK (LIGHTED),CLEAR,DRY,,NO JUNCTION INVOLVED,STRAIGHT/LEVEL,ASPHALT,CELL PHONE USAGE,REAR END,EJONESAVEJORDANAVE,NONE,2019-12-03 21:05:00
ELLETTSVILLE PD,ELLETTSVILLE,2,0.0,1.0,0.0,0.0,,,,SR 46,N MATTHEWS DR,,,,,,STATE ROAD,N,RURAL,N,N,N,,DARK (LIGHTED),CLEAR,DRY,,NO JUNCTION INVOLVED,STRAIGHT/LEVEL,ASPHALT,FOLLOWING TOO CLOSELY,REAR END,MATHEWSDRSR46W,NONE,2019-12-03 18:15:00
BLOOMINGTON PD,BLOOMINGTON,3,0.0,0.0,0.0,0.0,,,,SR 45/46,N KINSER PIKE,,100.0,E,39.186544,-86.537888,STATE ROAD,N,URBAN,N,N,N,,DAYLIGHT,CLOUDY,DRY,,FOUR-WAY INTERSECTION,STRAIGHT/LEVEL,ASPHALT,FOLLOWING TOO CLOSELY,REAR END,NKINSERPIKESR4546W,LANE CONTROL,2019-12-04 08:03:00
INDIANA UNIV BLOOMINGTON PD,BLOOMINGTON,2,0.0,0.0,0.0,0.0,,,,SR 45/46,E 17TH ST,,,,39.17984,-86.507088,STATE ROAD,N,URBAN,N,N,N,,DAYLIGHT,CLEAR,DRY,,T-INTERSECTION,CURVE/LEVEL,ASPHALT,FAILURE TO YIELD RIGHT OF WAY,RIGHT ANGLE,EAST17THSTSR46,TRAFFIC CONTROL SIGNAL,2019-12-04 16:04:00
INDIANA UNIV BLOOMINGTON PD,BLOOMINGTON,1,0.0,1.0,0.0,0.0,,,,N JORDAN,E 10TH ST,,,,,,LOCAL/CITY ROAD,Y,URBAN,N,N,N,,DAYLIGHT,CLEAR,DRY,,FOUR-WAY INTERSECTION,STRAIGHT/HILLCREST,ASPHALT,IMPROPER TURNING,RIGHT TURN,JORDANAVETENTHST,TRAFFIC CONTROL SIGNAL,2019-12-04 11:25:00
MONROE SD,BLOOMINGTON,2,0.0,0.0,0.0,0.0,,,,SR 45/46,I-69 S,Y,,,,,STATE ROAD,N,RURAL,N,N,N,,DARK (LIGHTED),CLEAR,DRY,,INTERCHANGE,STRAIGHT/GRADE,ASPHALT,UNSAFE LANE MOVEMENT,SAME DIRECTION SIDESWIPE,INTERSTATE69SOUTHBOUNDONRAMPSR46W,NONE,2019-12-04 18:54:00
ELLETTSVILLE PD,ELLETTSVILLE,2,0.0,0.0,0.0,0.0,,,,SR 46,N SALE ST,,,,39.23384,-86.624704,LOCAL/CITY ROAD,N,RURAL,N,N,N,,DARK (LIGHTED),CLEAR,DRY,,FOUR-WAY INTERSECTION,STRAIGHT/LEVEL,ASPHALT,OTHER (VEHICLE) - EXPLAIN IN NARRATIVE,LEFT/RIGHT TURN,SALESTWESTTEMPERANCEST,TRAFFIC CONTROL SIGNAL,2019-12-04 06:30:00
MONROE SD,BLOOMINGTON,2,0.0,0.0,0.0,0.0,,,,E BETHEL,W OLD SR 37,,,,39.215344,-86.521392,COUNTY ROAD,N,RURAL,N,N,Y,LANE CLOSURE,DAYLIGHT,CLEAR,DRY,,T-INTERSECTION,STRAIGHT/LEVEL,ASPHALT,UNSAFE SPEED,REAR END,EBETHELLNNOLDSTATE37RD,OFFICER/CROSSING GUARD/FLAGMAN,2019-12-04 15:42:00
INDIANA UNIV BLOOMINGTON PD,BLOOMINGTON,2,0.0,0.0,0.0,0.0,,,,E 3RD,S WOODLAWN AVE,,150.0,E,,,LOCAL/CITY ROAD,N,URBAN,N,N,N,,DARK (LIGHTED),CLEAR,DRY,,NO JUNCTION INVOLVED,STRAIGHT/GRADE,ASPHALT,UNSAFE LANE MOVEMENT,SAME DIRECTION SIDESWIPE,THIRDSTWOODLAWNAVE,NONE,2019-12-04 22:40:00
INDIANA UNIV BLOOMINGTON PD,BLOOMINGTON,2,0.0,1.0,0.0,0.0,,,,N JORDAN,N FISHER CT,,1000.0,E,0.0,0.0,LOCAL/CITY ROAD,N,URBAN,N,N,N,,DARK (LIGHTED),CLEAR,DRY,,NO JUNCTION INVOLVED,CURVE/GRADE,ASPHALT,FAILURE TO YIELD RIGHT OF WAY,REAR END,NFISHERCTNJORDANAVE,LANE CONTROL,2019-12-04 17:37:00
BLOOMINGTON PD,BLOOMINGTON,2,0.0,0.0,0.0,0.0,,,,S LANDMARK,W BLOOMFIELD RD,,80.0,N,0.0,0.0,LOCAL/CITY ROAD,N,URBAN,N,N,N,,DAYLIGHT,CLEAR,DRY,,T-INTERSECTION,STRAIGHT/LEVEL,ASPHALT,FAILURE TO YIELD RIGHT OF WAY,RIGHT ANGLE,SLANDMARKAVEWBLOOMFIELDRD,LANE CONTROL,2019-12-04 12:10:00
BLOOMINGTON PD,BLOOMINGTON,2,0.0,0.0,0.0,0.0,2505.0,,,S ROGERS,W GRAHAM DR,,,,,,UNKNOWN,N,URBAN,N,N,N,,DARK (NOT LIGHTED),CLEAR,DRY,,NO JUNCTION INVOLVED,STRAIGHT/GRADE,ASPHALT,FOLLOWING TOO CLOSELY,REAR END,ROGERSST,LANE CONTROL,2019-12-04 03:36:00
ELLETTSVILLE PD,ELLETTSVILLE,1,0.0,0.0,0.0,1.0,,,,SR 46,,,600.0,E,,,STATE ROAD,N,URBAN,N,N,N,,DARK (NOT LIGHTED),CLEAR,DRY,,NO JUNCTION INVOLVED,STRAIGHT/LEVEL,ASPHALT,ANIMAL/OBJECT IN ROADWAY,NON-COLLISION,FLATWOODSDRSR46E,NONE,2019-12-04 18:00:00
BLOOMINGTON PD,BLOOMINGTON,2,1.0,0.0,0.0,0.0,,,,W 3RD,I-69,,,,0.0,0.0,LOCAL/CITY ROAD,N,URBAN,N,N,N,,DAWN/DUSK,CLEAR,DRY,,FOUR-WAY INTERSECTION,CURVE/LEVEL,ASPHALT,UNSAFE LANE MOVEMENT,SAME DIRECTION SIDESWIPE,I69-37OPASW3RDST,TRAFFIC CONTROL SIGNAL,2019-12-05 19:42:00
BLOOMINGTON PD,BLOOMINGTON,2,0.0,0.0,0.0,0.0,,,,SR 45,S CURRY PIKE,,,,0.0,0.0,LOCAL/CITY ROAD,N,URBAN,N,N,N,,DAYLIGHT,CLEAR,DRY,,FOUR-WAY INTERSECTION,STRAIGHT/GRADE,ASPHALT,FOLLOWING TOO CLOSELY,REAR END,SLEONARDSPRINGSRDWBLOOMFIELDRD,TRAFFIC CONTROL SIGNAL,2019-12-05 08:09:00
MONROE SD,BLOOMINGTON,2,0.0,0.0,0.0,0.0,,,,SR 46,I-69 S,Y,300.0,W,0.0,0.0,STATE ROAD,Y,RURAL,N,N,N,,DARK (LIGHTED),CLEAR,DRY,,INTERCHANGE,STRAIGHT/LEVEL,ASPHALT,IMPROPER LANE USAGE,SAME DIRECTION SIDESWIPE,I69SOUTHSR46W,NONE,2019-12-05 18:49:00
BLOOMINGTON PD,BLOOMINGTON,3,0.0,0.0,0.0,0.0,,,,SR 46,E 7TH ST,,,,39.167648,-86.500096,LOCAL/CITY ROAD,N,URBAN,N,N,N,,DARK (NOT LIGHTED),CLEAR,DRY,,T-INTERSECTION,STRAIGHT/GRADE,ASPHALT,FOLLOWING TOO CLOSELY,REAR END,E7THSTNSTATEROAD46BYP,NONE,2019-12-05 18:10:00
MONROE SD,BLOOMINGTON,1,0.0,0.0,0.0,0.0,,,,SR 37,W MONROE DAM RD,,,,39.020048,-86.536096,STATE ROAD,N,RURAL,N,N,N,,DARK (NOT LIGHTED),CLEAR,DRY,,RAMP,CURVE/GRADE,ASPHALT,ANIMAL/OBJECT IN ROADWAY,COLLISION WITH OBJECT IN ROAD,EMONROEDAMRDSR37S,NONE,2019-12-05 22:48:00
INDIANA UNIV BLOOMINGTON PD,BLOOMINGTON,2,0.0,0.0,0.0,0.0,,,,E LAW,N FEE LN,,,,39.174048,-86.518896,LOCAL/CITY ROAD,N,URBAN,N,N,N,,DAYLIGHT,CLEAR,DRY,,T-INTERSECTION,STRAIGHT/GRADE,ASPHALT,FAILURE TO YIELD RIGHT OF WAY,LEFT TURN,ELAWLNFEELN,STOP SIGN,2019-12-05 11:47:00
ISP BLOOMINGTON 33,BLOOMINGTON,2,,0.0,0.0,0.0,2455.0,,,N CURRY,,,950.0,S,39.18871332,-86.58313981,LOCAL/CITY ROAD,,RURAL,N,N,N,,DAWN/DUSK,CLEAR,DRY,,NO JUNCTION INVOLVED,,ASPHALT,UNSAFE SPEED,REAR END,,,2019-12-05 16:45:00
MONROE SD,BLOOMINGTON,1,1.0,0.0,0.0,0.0,,,,SR 45,S HARMONY RD,,,,39.111024,-86.638304,STATE ROAD,N,RURAL,N,N,N,,DARK (NOT LIGHTED),CLEAR,DRY,,NO JUNCTION INVOLVED,STRAIGHT/LEVEL,ASPHALT,TOW HITCH FAILURE,OTHER - EXPLAIN IN NARRATIVE,SHARMONYRDSR45W,NONE,2019-12-05 19:29:00
ELLETTSVILLE PD,ELLETTSVILLE,2,0.0,0.0,0.0,0.0,,,,SR 46,N CHANDLER DR,,,,,,STATE ROAD,N,URBAN,N,N,N,,DAYLIGHT,CLEAR,DRY,,T-INTERSECTION,STRAIGHT/GRADE,ASPHALT,FAILURE TO YIELD RIGHT OF WAY,SAME DIRECTION SIDESWIPE,CHANDLERDRSR46W,LANE CONTROL,2019-12-05 10:17:00
BLOOMINGTON PD,BLOOMINGTON,2,0.0,0.0,0.0,0.0,,,,W 3RD,S JOHNSON AVE,,,,39.164448,-86.471888,UNKNOWN,N,URBAN,N,N,N,,DAYLIGHT,CLEAR,DRY,,NO JUNCTION INVOLVED,STRAIGHT/LEVEL,ASPHALT,FOLLOWING TOO CLOSELY,REAR END,3RDST3RDST,LANE CONTROL,2019-12-05 00:23:00
BLOOMINGTON PD,BLOOMINGTON,2,0.0,0.0,0.0,0.0,,,,SR 45/46,E 10TH ST,,1000.0,N,39.17414769,-86.50355804,STATE ROAD,N,URBAN,N,N,N,,DAYLIGHT,CLOUDY,DRY,,NO JUNCTION INVOLVED,STRAIGHT/LEVEL,ASPHALT,FOLLOWING TOO CLOSELY,REAR END,10THSTSR46E,NONE,2019-12-06 09:08:00
BLOOMINGTON PD,BLOOMINGTON,2,0.0,0.0,0.0,0.0,,,,SR 46,SR 46,,,,39.16424,-86.4984,LOCAL/CITY ROAD,Y,URBAN,N,N,N,,DAYLIGHT,CLEAR,DRY,,FOUR-WAY INTERSECTION,STRAIGHT/LEVEL,ASPHALT,UNSAFE LANE MOVEMENT,SAME DIRECTION SIDESWIPE,E3RDSTSCOLLEGEMALLRD,TRAFFIC CONTROL SIGNAL,2019-12-06 16:01:00
BLOOMINGTON PD,BLOOMINGTON,3,0.0,0.0,0.0,0.0,,,,SR 45/46,N WALNUT ST,,,,39.186368,-86.5344,LOCAL/CITY ROAD,N,URBAN,N,N,N,,DAYLIGHT,CLEAR,DRY,,FOUR-WAY INTERSECTION,STRAIGHT/LEVEL,CONCRETE,FAILURE TO YIELD RIGHT OF WAY,RIGHT ANGLE,ESR4646BYPNWALNUTST,TRAFFIC CONTROL SIGNAL,2019-12-06 15:39:00
BLOOMINGTON PD,BLOOMINGTON,2,0.0,1.0,0.0,0.0,,,,SR 45,N PETE ELLIS DR,,,,39.171504,-86.495312,LOCAL/CITY ROAD,N,URBAN,N,N,N,,DAYLIGHT,CLOUDY,DRY,,FOUR-WAY INTERSECTION,STRAIGHT/GRADE,ASPHALT,FOLLOWING TOO CLOSELY,REAR END,10THSTPETEELLISDR,STOP SIGN,2019-12-06 08:51:00
INDIANA UNIV BLOOMINGTON PD,BLOOMINGTON,2,0.0,0.0,0.0,0.0,,,,E 17TH,N INDIANA AVE,,,,39.179024,-86.5272,LOCAL/CITY ROAD,N,URBAN,N,N,N,,DARK (LIGHTED),CLEAR,DRY,,T-INTERSECTION,STRAIGHT/GRADE,ASPHALT,FAILURE TO YIELD RIGHT OF WAY,RIGHT ANGLE,EAST17THSTINDIANAAVE,STOP SIGN,2019-12-06 19:44:00
BLOOMINGTON PD,BLOOMINGTON,2,0.0,0.0,0.0,0.0,,,,E 7TH,SR 46,,,,39.167648,-86.500096,LOCAL/CITY ROAD,Y,,N,N,N,,DAYLIGHT,CLEAR,DRY,,FOUR-WAY INTERSECTION,STRAIGHT/LEVEL,ASPHALT,FOLLOWING TOO CLOSELY,REAR END,E7THSTSR4546BYPASSRD,STOP SIGN,2019-12-06 16:00:00
BLOOMINGTON PD,BLOOMINGTON,2,0.0,0.0,0.0,0.0,,,,E 19TH,N WALNUT ST,,,,39.181552,-86.5336,LOCAL/CITY ROAD,N,URBAN,N,N,N,,DAYLIGHT,CLOUDY,DRY,,T-INTERSECTION,STRAIGHT/LEVEL,ASPHALT,FAILURE TO YIELD RIGHT OF WAY,SAME DIRECTION SIDESWIPE,19THSTNWALNUTST,STOP SIGN,2019-12-06 09:30:00
BLOOMINGTON PD,BLOOMINGTON,2,0.0,1.0,0.0,0.0,,,,N WALNUT,W 11TH ST,,,,,,LOCAL/CITY ROAD,N,URBAN,N,N,N,,DARK (LIGHTED),CLEAR,DRY,,T-INTERSECTION,STRAIGHT/HILLCREST,ASPHALT,DISREGARD SIGNAL/REG SIGN,RIGHT ANGLE,COTTAGEGROVESTWALNUTST,STOP SIGN,2019-12-06 03:17:00
BLOOMINGTON PD,BLOOMINGTON,2,0.0,1.0,0.0,0.0,,,,S LIBERTY,BAXTER ACCESS,,400.0,N,0.0,0.0,LOCAL/CITY ROAD,Y,URBAN,N,N,N,,DAWN/DUSK,CLEAR,DRY,,T-INTERSECTION,STRAIGHT/LEVEL,ASPHALT,FOLLOWING TOO CLOSELY,REAR END,BAXTERACCESSDRSLIBERTYDR,NONE,2019-12-06 18:00:00
BLOOMINGTON PD,BLOOMINGTON,2,0.0,1.0,0.0,0.0,,,,W BLOOMFIELD,S WEIMER RD,,200.0,W,,,LOCAL/CITY ROAD,Y,URBAN,N,N,N,,DAYLIGHT,CLOUDY,DRY,,NO JUNCTION INVOLVED,STRAIGHT/GRADE,ASPHALT,FOLLOWING TOO CLOSELY,RIGHT ANGLE,BLOOMFIELDRDWEIMERRD,LANE CONTROL,2019-12-06 07:47:00
INDIANA UNIV BLOOMINGTON PD,BLOOMINGTON,1,0.0,0.0,0.0,1.0,,,,SR 45/46,E 17TH ST,,800.0,N,39.18133074,-86.50916198,STATE ROAD,N,URBAN,N,N,N,,DAYLIGHT,CLEAR,DRY,,NO JUNCTION INVOLVED,STRAIGHT/LEVEL,ASPHALT,ANIMAL/OBJECT IN ROADWAY,COLLISION WITH DEER,17THSTSR46E,NONE,2019-12-07 08:20:00
BLOOMINGTON PD,BLOOMINGTON,2,0.0,0.0,0.0,0.0,,,,N COLLEGE,W 11TH ST,,75.0,S,39.173232,-86.534752,LOCAL/CITY ROAD,Y,URBAN,N,N,N,,DARK (LIGHTED),CLEAR,DRY,,NO JUNCTION INVOLVED,STRAIGHT/GRADE,ASPHALT,UNSAFE BACKING,BACKING CRASH,NCOLLEGEAVEW11THST,NONE,2019-12-07 19:45:00
BLOOMINGTON PD,BLOOMINGTON,2,0.0,0.0,0.0,0.0,,,,E RHORER,S WALNUT ST,,,,0.0,0.0,LOCAL/CITY ROAD,Y,URBAN,N,N,N,,DAYLIGHT,CLEAR,DRY,,FOUR-WAY INTERSECTION,STRAIGHT/LEVEL,ASPHALT,UNSAFE LANE MOVEMENT,SAME DIRECTION SIDESWIPE,ERHORERRDSWALNUTST,TRAFFIC CONTROL SIGNAL,2019-12-07 16:01:00
BLOOMINGTON PD,BLOOMINGTON,2,0.0,0.0,0.0,0.0,,,,S SARE,E ROGERS RD,,,,0.0,0.0,LOCAL/CITY ROAD,N,URBAN,N,N,N,,DAYLIGHT,CLEAR,DRY,,TRAFFIC CIRCLE/ROUNDABOUT,CURVE/LEVEL,ASPHALT,FAILURE TO YIELD RIGHT OF WAY,SAME DIRECTION SIDESWIPE,EROGERSRDSSARERD,YIELD SIGN,2019-12-07 12:53:00
MONROE SD,BLOOMINGTON,1,0.0,1.0,0.0,0.0,,,,SR 46,N BROWN COUNTY LINE RD,,,,0.0,0.0,STATE ROAD,N,RURAL,N,N,N,,DARK (NOT LIGHTED),CLEAR,DRY,,NO JUNCTION INVOLVED,STRAIGHT/LEVEL,ASPHALT,RAN OFF ROAD RIGHT,RAN OFF ROAD,NBROWNCOUNTYLINERDSR46E,NONE,2019-12-07 19:27:00
INDIANA UNIV BLOOMINGTON PD,BLOOMINGTON,1,0.0,0.0,0.0,0.0,1200.0,,,E 10TH,,,,,39.17144,-86.548192,UNKNOWN,N,URBAN,N,N,N,,DAYLIGHT,CLEAR,DRY,,NO JUNCTION INVOLVED,STRAIGHT/LEVEL,OTHER - EXPLAIN IN NARRATIVE,VIEW OBSTRUCTED,OTHER - EXPLAIN IN NARRATIVE,EAST10THST,OTHER,2019-12-08 15:56:00
BLOOMINGTON PD,BLOOMINGTON,2,0.0,0.0,0.0,0.0,,,,E 9TH,N WASHINGTON ST,,,,39.170544,-86.5324,LOCAL/CITY ROAD,Y,URBAN,N,N,N,,,CLEAR,DRY,,NO JUNCTION INVOLVED,STRAIGHT/GRADE,ASPHALT,UNSAFE LANE MOVEMENT,SAME DIRECTION SIDESWIPE,9THSTWASHINGTONST,NONE,2019-12-08 10:57:00
BLOOMINGTON PD,BLOOMINGTON,2,0.0,0.0,0.0,0.0,,,,SR 45/46,N COLLEGE AVE,,,,39.186352,-86.534704,LOCAL/CITY ROAD,N,URBAN,N,N,N,,DAYLIGHT,RAIN,WET,,FOUR-WAY INTERSECTION,STRAIGHT/LEVEL,ASPHALT,DISREGARD SIGNAL/REG SIGN,LEFT TURN,NCOLLEGEAVEWSTATEROAD4546RD,TRAFFIC CONTROL SIGNAL,2019-12-09 16:03:00
INDIANA UNIV BLOOMINGTON PD,BLOOMINGTON,2,0.0,0.0,0.0,0.0,,,,SR 45/46,E 17TH ST,,,,39.17984,-86.507088,STATE ROAD,N,URBAN,N,N,N,,DAYLIGHT,RAIN,WET,,T-INTERSECTION,STRAIGHT/LEVEL,ASPHALT,FAILURE TO YIELD RIGHT OF WAY,SAME DIRECTION SIDESWIPE,EAST17THSTSR46,TRAFFIC CONTROL SIGNAL,2019-12-09 15:50:00
BLOOMINGTON PD,BLOOMINGTON,2,0.0,0.0,0.0,0.0,,,,S WALNUT,W COUNTRY CLUB DR,,300.0,N,0.0,0.0,LOCAL/CITY ROAD,N,URBAN,N,N,N,,DARK (LIGHTED),RAIN,WET,,NO JUNCTION INVOLVED,STRAIGHT/GRADE,ASPHALT,FAILURE TO YIELD RIGHT OF WAY,RIGHT ANGLE,EWINSLOWRDSWALNUTST,NONE,2019-12-09 17:54:00
ELLETTSVILLE PD,ELLETTSVILLE,2,0.0,0.0,0.0,0.0,,,,SR 46,N UNION VALLEY RD,,,,39.215152,-86.5928,STATE ROAD,N,URBAN,N,N,N,,DAYLIGHT,RAIN,WET,,NO JUNCTION INVOLVED,STRAIGHT/LEVEL,ASPHALT,FOLLOWING TOO CLOSELY,REAR END,SR46WUNIONVALLEYDR,TRAFFIC CONTROL SIGNAL,2019-12-09 13:06:00
BLOOMINGTON PD,BLOOMINGTON,2,0.0,0.0,0.0,0.0,,,,E 17TH,N INDIANA AVE,,,,39.179024,-86.5272,LOCAL/CITY ROAD,Y,URBAN,N,N,N,,DARK (LIGHTED),RAIN,WET,,T-INTERSECTION,STRAIGHT/LEVEL,ASPHALT,IMPROPER TURNING,RIGHT TURN,NINDIANAAVEW17THST,STOP SIGN,2019-12-09 18:44:00
ISP BLOOMINGTON 33,BLOOMINGTON,1,,0.0,0.0,0.0,,,,SR 48,W VERNAL PIKE,,950.0,W,39.1688239,-86.66319529,STATE ROAD,,RURAL,N,N,N,,DAYLIGHT,CLOUDY,WET,,NO JUNCTION INVOLVED,,ASPHALT,,RAN OFF ROAD,,,2019-12-09 14:52:00